gene_name,9mo.2mo.log_ratio,18mo.9mo.log_ratio,18mo.2mo.log_ratio,count
0610040F04Rik,-0.6949269365787565,0.001352046226066328,-0.6935748903526902,1
1700007G11Rik,0.2740814441548559,0.1376432046918078,0.4117246488466637,1
1700011I03Rik,-1.2710710856852765,0.08552565052750682,-1.1855454351577697,1
1700028K03Rik,1.2087277059600163,0.36118655947871514,1.5699142654387315,1
2210420H20Rik,-0.2630669823249443,0.22485544545329716,-0.038211536871647134,1
2610307P16Rik,-0.8922300423997502,-0.10740040803295636,-0.9996304504327066,1
2700099C18Rik,-0.6468301272691281,-0.05893564959767694,-0.7057657768668051,1
2810459M11Rik,0.1702928314126011,0.27878257614157675,0.44907540755417785,1
2900026A02Rik,0.19191315677539889,0.28117472261512866,0.47308787939052754,1
2900079G21Rik,-0.5201842535465748,-0.009489848759578035,-0.5296741023061529,1
3110007F17Rik,-0.5458980714215174,-0.23319136794568562,-0.779089439367203,1
3110039M20Rik,-0.7770398092797691,-0.07537095568482795,-0.852410764964597,3
3632451O06Rik,-0.0010821833808321024,0.6611782047902877,0.6600960214094556,1
4921507G05Rik,-0.6245449923328628,0.12247757609933618,-0.5020674162335266,1
4930477E14Rik,-1.068930121737128,0.10031999035824057,-0.9686101313788875,1
4930483K19Rik,0.8404399106485222,0.01783397519999741,0.8582738858485196,1
4930506C21Rik,0.5217654919374817,-0.07791464465208442,0.44385084728539725,1
4930539J05Rik,-0.7141707656307821,0.007011172221054629,-0.7071595934097274,1
4930540M05Rik,0.09671163056588616,0.19931848736392999,0.29603011792981615,1
4930555F03Rik,-0.9756968649107024,-0.13052927080778498,-1.1062261357184875,1
4930556G22Rik,-0.5816443907848088,-0.4264579365718742,-1.008102327356683,1
4930583I09Rik,0.8775810812165201,-0.3321521022373266,0.5454289789791935,1
4932441J04Rik,-0.7706387857532242,0.0741020797602907,-0.6965367059929335,1
4933400C23Rik,-0.9637680819045338,0.17917316279910356,-0.7845949191054302,1
4933406P04Rik,-0.48683756691285396,-0.04798247212124718,-0.5348200390341011,1
4933407K13Rik,1.9417720895529502,-0.3037947987894609,1.637977290763489,1
4933417E11Rik,-0.5816443907848088,-0.4264579365718742,-1.008102327356683,1
4933426M11Rik,-0.3653513101818131,-0.0847260566254775,-0.4500773668072906,1
5730419F03Rik,-0.8808594135837842,-0.09221272377340162,-0.9730721373571858,1
5730522E02Rik,-0.587475508841033,-0.13111883505111976,-0.7185943438921527,2
8030423F21Rik,-0.369326425198083,-0.1711832987969233,-0.5405097239950063,1
8030451A03Rik,-0.46713887848306856,-0.48799726196418103,-0.9551361404472496,1
9030617O03Rik,0.31085320956771495,0.13675193940813993,0.44760514897585485,3
9530036O11Rik,-0.7745179530474879,-0.03204833280509661,-0.8065662858525846,2
9830147E19Rik,-0.8028602680561578,-0.19257968229127553,-0.9954399503474334,1
A230052G05Rik,0.8826682206064054,0.17422258736190344,1.0568908079683088,1
A330008L17Rik,-0.7322617273270569,-0.06255488223590655,-0.7948166095629634,2
A530072M11Rik,-0.7289124524137991,-0.021036696583840886,-0.74994914899764,1
A630023P12Rik,1.013438934923429,0.2148780341131804,1.2283169690366094,1
A830010M20Rik,1.2087277059600163,0.36118655947871514,1.5699142654387315,1
A830031A19Rik,-0.045036924322833016,-0.06506058085677768,-0.1100975051796107,1
A930033H14Rik,-0.5251466166349753,0.009803047372960672,-0.5153435692620146,2
AC102815.1,-0.731654705362383,-0.001224009112346991,-0.73287871447473,1
AC123072.1,-0.5286853046444633,-0.226687536617298,-0.7553728412617613,1
AI504432,-0.5338359356241393,-0.5237369160184837,-1.057572851642623,1
AI854703,0.2976418881548759,0.01614771112251079,0.3137895992773867,1
AU040320,0.6956154904345965,0.07965065342536137,0.7752661438599578,1
AW549877,-0.44646166387980735,-0.12025556720169828,-0.5667172310815056,1
AW551984,0.1784220561852381,-0.34620252294402554,-0.16778046675878744,1
Abca4,0.5186954703249134,-0.1655958772394599,0.35309959308545347,1
Abhd13,0.14306532824014528,0.19357039244662788,0.33663572068677317,1
Ablim1,-0.5607263521301242,0.15067955128974564,-0.4100468008403786,1
Ablim2,0.17986353185661041,0.10559734436213342,0.28546087621874383,1
Aco1,-0.5800802391112754,-0.043190827096051265,-0.6232710662073266,1
Acss3,-0.8054164761386011,0.05525344263565124,-0.7501630335029499,1
Actl6a,-0.5658277545040367,-0.14189010341470265,-0.7077178579187393,1
Actr1b,1.6636771768629368,-0.15419223781509173,1.509484939047845,1
Adamts1,-0.34324367669567524,-0.2410244221232265,-0.5842680988189017,1
Adamts3,-0.5704254888779192,0.1126617804681973,-0.4577637084097219,1
Adamtsl1,-0.49677895375465053,-0.7298721052563738,-1.2266510590110242,1
Adarb2,-1.0137900361083605,0.08155018634165234,-0.9322398497667082,1
Adcyap1r1,-0.2183300787275304,-0.3397463033919532,-0.5580763821194836,1
Add1,0.07719423542222037,0.201194592118906,0.27838882754112637,1
Adss,-0.49869192879319524,0.011874730164859848,-0.4868171986283354,1
Agpat9,0.7900867291484015,-0.329539146393534,0.4605475827548675,1
Agrp,0.3005712569323178,0.32607644554101967,0.6266477024733375,1
Agtpbp1,0.5404910702050129,0.424347908578692,0.9648389787837048,1
Ahr,-0.56927605606894,-0.06265558441570729,-0.6319316404846473,1
Aig1,1.2017247541194238,0.054964001331947454,1.2566887554513713,1
Aim2,-0.49782102159885033,-0.11303945606878196,-0.6108604776676323,1
Ak5,0.07325230319548304,-0.36749377821967455,-0.2942414750241915,1
Ak9,1.6214550443664029,0.04251745470303636,1.6639724990694393,1
Akap6,-0.6093258045740004,-0.17117658157388638,-0.7805023861478868,1
Akt3,-0.369227419222093,-0.19465362464294467,-0.5638810438650377,1
Aldh8a1,0.9218269961699426,-0.02715607309562698,0.8946709230743155,1
Amn1,1.0097519491739047,-0.3763677695992378,0.6333841795746668,1
Amz2,-0.4548323182938825,-0.010992070964282341,-0.46582438925816483,1
Ank2,-0.7077321521017603,-0.12253913507484204,-0.8302712871766024,2
Ank3,0.907357468837384,-0.17311859526307738,0.7342388735743066,1
Ankrd6,0.8502737352245299,-0.298918799056614,0.5513549361679159,1
Anks1b,0.12873818165916906,-0.5802428995670942,-0.4515047179079251,1
Anln,0.40015377681750763,-0.05735972553917379,0.34279405127833384,1
Ano3,-0.7063030782390672,-0.13598472493828773,-0.842287803177355,2
Ano4,-0.5308164320620044,-0.4992245173737034,-1.0300409494357077,1
Ap2b1,-0.24229238346441817,-0.10696227621931587,-0.34925465968373404,1
Ap3s1,0.6387966925111906,0.2849669685942935,0.9237636611054841,1
Aph1b,-0.4267747939859481,-0.0666297493504131,-0.4934045433363612,1
Aplp2,0.2489354055836439,0.039778448428362534,0.28871385401200644,1
App,0.6197419690846198,-0.15424606380042594,0.4654959052841938,1
Arf3,0.9948113784146282,0.003209779258379397,0.9980211576730076,1
Arhgap15,-0.5110822108857267,-0.22728957866417782,-0.7383717895499046,2
Arhgap26,0.7910579903583734,-0.03629738652287162,0.7547606038355018,2
Arhgap44,-0.400620107680846,-0.32411478316784437,-0.7247348908486904,1
Arhgef17,0.3612802930560939,0.47046261568952086,0.8317429087456147,1
Arl14ep,-0.5852078667778962,-0.05714305724801472,-0.6423509240259109,1
Arl3,0.7687438497336087,0.1586695057566283,0.927413355490237,1
Arl6ip6,-0.5175795649258719,-0.13936224082213666,-0.6569418057480085,1
Armc9,1.265311234455054,-0.4493356415981786,0.8159755928568752,1
Arnt,0.3347772044816347,0.8419935675362827,1.1767707720179175,1
Arpp21,-0.5201842535465748,-0.009489848759578035,-0.5296741023061529,1
Asic2,1.0146605531000819,-0.1277490534262411,0.8869114996738409,1
Asxl3,-0.6243901552919944,-0.03291758243140652,-0.6573077377234009,2
Atad3a,0.5786587983447165,-0.02757339882857046,0.551085399516146,1
Atad3aos,0.5786587983447165,-0.02757339882857046,0.551085399516146,1
Atp2b1,-0.7435669168017744,0.06531226095089782,-0.6782546558508766,1
Atp6v0a4,-0.6243653505458489,0.020149641679986896,-0.604215708865862,1
Atp6v1g1,0.2532719849132641,0.14735866171993717,0.40063064663320125,1
Atp8b2,0.3550300497284389,0.10861054249229563,0.4636405922207345,1
Atp9b,0.4059095646868858,-0.032317778211939485,0.37359178647494634,1
Atrip,0.3383644931815166,0.40391882985457883,0.7422833230360955,1
Atrnl1,0.6050036088609216,0.16405905306960622,0.7690626619305279,1
Auts2,0.8068234791972076,-0.08756417561726737,0.7192593035799403,1
B230322F03Rik,0.2634861931313459,0.20179572067128548,0.4652819138026314,1
B3galt1,-0.5978355748174373,-0.13187959821393735,-0.7297151730313747,2
B430305J03Rik,-0.7380599078174122,-0.06126608058350236,-0.7993259884009145,1
B430319G15Rik,-0.6254166975524096,0.11278061958799279,-0.5126360779644168,1
B630005N14Rik,-0.7869450025857683,0.11399794239507433,-0.672947060190694,1
BC021767,0.770234237280241,0.34013993230861383,1.1103741695888547,1
BC061194,0.7781239494703196,0.430555692213749,1.2086796416840686,1
BC107364,-0.5412157419801962,-0.09122934995692233,-0.6324450919371185,1
Bag3,0.8726912013262464,0.11246439165978739,0.9851555929860338,1
Baz1a,-0.3264086323418809,-0.5148876336843571,-0.841296266026238,1
Bcar3,-0.5117491148563448,-0.08863516463068993,-0.6003842794870347,2
Bcl11b,0.018276271007240052,0.41360100347665363,0.4318772744838937,2
Bcl2,0.2087277061507531,0.5595152759081876,0.7682429820589407,1
Bcl7a,0.7453051816980607,0.02224632453235076,0.7675515062304115,1
Bclaf1,-0.48683756691285396,-0.04798247212124718,-0.5348200390341011,1
Bcr,1.988466789134178,-0.250792627820589,1.737674161313589,1
Bdnf,-0.7617411879803022,0.051719720680853065,-0.7100214672994491,1
Best3,0.3079555719441591,0.11828396005213415,0.4262395319962933,1
Bhlhe40,-0.6949269365787565,0.001352046226066328,-0.6935748903526902,1
Bms1,-0.2127059134690361,-0.14142208157847014,-0.35412799504750625,1
Bora,-0.6207608895556671,-0.05363338792079908,-0.6743942774764662,1
Brinp1,-0.8201390493555628,0.24540012828970656,-0.5747389210658562,3
Brinp2,-0.041890279231806715,0.3870898481142285,0.34519956888242176,2
Brpf1,0.1024966222596595,0.5531175047456487,0.6556141270053082,1
Bsdc1,0.7816976499415857,0.2878850886991753,1.069582738640761,1
Bsn,0.8066287573223496,0.06478139416269713,0.8714101514850467,1
Btbd3,0.4134098734818541,0.5574154003216816,0.9708252738035357,1
Btbd9,-0.5842719228836848,0.12348939136785941,-0.4607825315158254,1
Btk,-0.4996299322803548,-0.28589234323792123,-0.785522275518276,1
C1galt1,-0.6716125281410852,0.04359449472925281,-0.6280180334118324,1
C77370,-0.7218647250564845,-0.3081762243792232,-1.0300409494357077,1
CAAA01083517.1,-0.32298038098426307,-0.11999886541853844,-0.4429792464028015,1
Cacna1a,-0.054122602812446186,-0.8536607103856122,-0.9077833131980584,1
Cacna1c,0.18901698800948452,0.1584878177613369,0.34750480577082143,1
Cacna1i,0.5104237323676175,-0.05928482581304806,0.45113890655456945,1
Cacna2d4,1.0394298270157727,0.10329087697319073,1.1427207039889633,1
Cacnb2,0.4605675259122841,0.010989642394128918,0.47155716830641303,1
Cacnb4,-0.8133457093091967,0.06905924215865356,-0.7442864671505431,1
Cadm1,0.13808833865249692,0.0007681896275886224,0.13885652828008554,1
Cadm3,-0.49782102159885033,-0.11303945606878196,-0.6108604776676323,1
Cadps2,-0.7508686924748528,-0.5273381535812235,-1.2782068460560763,1
Calr4,1.0931302590613323,-0.1988601402487079,0.8942701188126245,1
Camk2d,-0.7725253343449336,-0.0034095008553951534,-0.7759348352003288,2
Camk4,-0.5073682606145016,-0.15208330304537254,-0.6594515636598741,1
Camta1,0.36250025712124967,0.027307000356283195,0.38980725747753286,2
Car10,-0.4780806287672392,-0.38632584407825543,-0.8644064728454947,1
Casc1,-0.45617763119725296,-0.05201701247342427,-0.5081946436706772,1
Casz1,-0.34890507113860103,0.003939414498750571,-0.34496565663985046,1
Cat,-0.2551610533332296,0.11249036117973532,-0.14267069215349426,2
Cc2d1a,0.4995319428571108,0.020149641679705788,0.5196815845368166,1
Ccbl2,-0.5026233377768623,-0.13223156604706965,-0.634854903823932,1
Ccdc148,1.235314784705268,0.377985295255018,1.613300079960286,1
Ccdc178,-0.8796371013223534,-0.07687481270914942,-0.9565119140315028,1
Ccdc33,0.46485807196612683,-0.02555040232436312,0.4393076696417637,1
Ccdc93,1.4934106599835792,0.1872566268617777,1.680667286845357,1
Cckbr,-0.9532313132929726,0.1835606539296868,-0.7696706593632858,1
Ccl1,-0.5052069193036947,-0.16042260394938285,-0.6656295232530776,1
Ccl20,0.15105405527762517,0.4953485761560481,0.6464026314336733,1
Ccnd1,-0.3443133204012878,-0.17961987068850038,-0.5239331910897882,1
Ccnd2,0.24768134051626856,0.03777953570133441,0.28546087621760297,1
Ccng1,-0.498045858512143,-0.06810610700427455,-0.5661519655164176,1
Ccnl1,-0.5643986634024607,-0.029364313361033734,-0.5937629767634944,1
Ccnyl1,0.4086754096866027,0.37293870025327136,0.7816141099398741,1
Ccpg1,0.22298417640811063,0.4361367622099317,0.6591209386180423,1
Ccser1,-1.0976324294105455,0.3782063473624017,-0.7194260820481438,2
Cd109,-0.7132090380229543,-0.015829655424694833,-0.7290386934476492,1
Cd81,-0.15548283045197042,-0.10822179997689574,-0.26370463042886616,1
Cdc14a,-0.4993993500887193,-0.13496942498081066,-0.6343687750695299,1
Cdc40,-0.6243202565279455,-0.07083739749379125,-0.6951576540217368,2
Cdca7l,0.5639695500832608,-0.14757780405244714,0.41639174603081364,1
Cdh11,-0.6262599194338583,0.22911927472640015,-0.39714064470745813,2
Cdh13,-1.1731308690065991,0.37671473821300216,-0.796416130793597,1
Cdh18,-0.7620781258527856,0.1804421136247839,-0.5816360122280017,1
Cdh2,-0.615953172468287,-0.0754061809574309,-0.6913593534257179,1
Cdh4,0.9744362258318109,-0.44494035146838584,0.529495874363425,1
Cdh8,-0.702913389899023,0.01114215118635542,-0.6917712387126675,1
Cdk14,1.4330024462082553,0.22023560921296403,1.6532380554212194,1
Cebpd,-0.39560011940591044,-0.060020707002769846,-0.4556208264086803,1
Celf2,-0.2810092857376416,-0.301935291702884,-0.5829445774405256,2
Cep170b,0.5498253677776264,-0.10086575927969488,0.4489596084979315,1
Chek1,0.9520036221785618,0.007818839769197172,0.959822461947759,1
Chgb,-0.582333838074728,0.08414231516944781,-0.49819152290528024,1
Chrm2,-1.3976537781339053,0.2202892561590859,-1.1773645219748194,1
Chrnb3,-0.7252490695496163,-0.1042412205529597,-0.829490290102576,1
Chst11,-0.3675956496105076,0.23165213941323393,-0.1359435101972737,2
Cit,0.7818867602621062,-0.00813940275105729,0.773747357511049,1
Clcn3,-0.4578137052274136,-0.34035057358093757,-0.7981642788083512,1
Clec16a,1.0177173556156303,0.07027470645126788,1.0879920620668981,1
Clip4,0.11946036807708404,0.2070277764001882,0.32648814447727226,1
Cln5,-0.5546395467380956,-0.05816428591990075,-0.6128038326579963,1
Clnk,-0.561700272034622,0.2886275919984542,-0.2730726800361678,1
Clptm1l,0.4008752172601594,0.25816873104310156,0.659043948303261,1
Clrn1,-0.8080502163950634,0.09486003619499206,-0.7131901802000713,1
Clybl,0.5752666877236717,0.1400591054077609,0.7153257931314326,1
Cmip,0.35351183854364177,0.04065529711413696,0.3941671356577787,1
Cnksr2,0.12444869868866626,0.6536106600347287,0.7780593587233949,1
Cnot4,-0.4825828304083464,-0.11757041082978947,-0.6001532412381358,1
Cntn4,-1.0088194084904072,0.0062552000216451464,-1.002564208468762,1
Cntnap2,-0.6337598565469366,-0.4613832693225116,-1.0951431258694482,1
Cntnap5a,-0.904848173125832,0.16049682449619096,-0.744351348629641,4
Coch,-0.23414515252544832,-0.08207386690923157,-0.3162190194346799,1
Cog2,-0.26946550900472044,-0.15255244442914906,-0.4220179534338695,1
Cog5,-0.3902868087556317,-0.21522842124002106,-0.6055152299956528,1
Col11a1,-0.8618807818853091,-0.14148874857127636,-1.0033695304565855,1
Col13a1,1.0667655549385877,0.4644517354083815,1.5312172903469692,1
Col25a1,0.4119429592590939,0.16160921030628095,0.5735521695653749,2
Col4a3,-0.7190581137224847,0.12795293121018814,-0.5911051825122966,1
Colgalt2,0.9433831395364335,-0.02565404793060841,0.917729091605825,1
Cops4,-1.109368527074094,0.14402129983426049,-0.9653472272398336,1
Coro7,0.7058838259109155,-0.04053339412023993,0.6653504317906755,1
Cpa3,-1.047846650619981,-0.1173538820538414,-1.1652005326738224,1
Cpb1,-0.9642632553193049,-0.011699224358701743,-0.9759624796780066,1
Cpe,-0.5242236500925057,-0.09276992905525727,-0.616993579147763,1
Cpeb4,0.7576008591262566,0.5674001768491005,1.3250010359753572,1
Cped1,-1.0250812868830872,0.0005208349312495475,-1.0245604519518376,1
Cpsf1,0.7523406927427652,-0.18985081811900772,0.5624898746237574,1
Cpsf3,0.4143211836566356,0.04023388772194192,0.45455507137857754,1
Cpxm2,-0.6446578320834409,0.13053275461326486,-0.514125077470176,1
Crb1,-1.0299760802840474,0.11695207467409396,-0.9130240056099534,1
Creb1,-0.495247608904239,-0.08786385198583524,-0.5831114608900743,1
Crem,-0.43845696665809974,-0.07830811716011343,-0.5167650838182132,1
Crhr2,0.7600759262000744,0.09570067467883858,0.8557766008789129,1
Cry2,0.3418241283967598,0.005168250141694752,0.34699237853845455,1
Csdc2,-0.9833670335586684,0.15444115122128355,-0.8289258823373848,1
Csf1,0.31362517231393916,-0.00161087705857077,0.3120142952553684,1
Csmd1,-0.4879331787727299,0.04382863814883464,-0.44410454062389526,1
Cspg4,0.5546052686543614,-0.20288071689206033,0.3517245517623011,1
Csrnp1,0.5047771692280336,-0.058324416341883456,0.44645275288615016,1
Ctbp2,0.588606165186206,-0.10339542447865524,0.48521074070755077,1
Ctnna2,-0.8284915360539291,0.10821143066593897,-0.7202801053879901,2
Ctnna3,-1.3933493640753873,0.04711668927796242,-1.346232674797425,1
Cttnbp2,-0.892672835936021,-0.04553826138586481,-0.9382110973218858,1
Cux1,0.6418745859757728,0.15647111288724802,0.7983456988630209,1
Cwc25,-0.14629372673512275,-0.10787682144548238,-0.25417054818060514,1
Cx3cr1,0.5047771692280336,-0.058324416341883456,0.44645275288615016,1
Cyp26a1,0.6523343576058105,0.34772429969137486,1.0000586572971852,1
Cyp4f41-ps,0.8395473286222929,0.2819872867202986,1.1215346153425916,1
Cyp7b1,-0.7329718084319833,-0.0528184683200702,-0.7857902767520535,2
D030028A08Rik,-0.15757982272949267,-0.15490319442314648,-0.31248301715263915,1
D19Bwg1357e,0.6081989480346202,0.24452242713561034,0.8527213751702305,1
D1Ertd622e,-0.5507547122701801,-0.1168742627024475,-0.6676289749726276,1
D3Ertd751e,-1.1362601970900035,0.32639611431836224,-0.8098640827716412,1
D430001F17Rik,0.7394669493548205,-0.110902468115053,0.6285644812397675,1
D430041D05Rik,0.5708640558088145,0.3884710133258753,0.9593350691346898,1
D630045J12Rik,0.46479698456000573,0.0344103348044027,0.49920731936440843,1
D730045B01Rik,0.7617370606350651,-0.42565011135589237,0.3360869492791727,1
D730048I06Rik,1.3527740756045643,0.7906677955062256,2.14344187111079,1
Dapk1,0.5980175988181085,-0.20680555377565857,0.3912120450424499,2
Dbnl,-0.09569537133045491,-0.2898154972736484,-0.38551086860410333,1
Dcaf6,-0.6112285338762469,0.03216660645529146,-0.5790619274209554,1
Dcc,-0.7099797782669794,-0.1717179126368893,-0.8816976909038687,1
Dck,-0.6911245700312305,-0.040788973358192315,-0.7319135433894228,1
Ddx31,1.361171249880967,-0.5855714191856216,0.7755998306953453,1
Defb18,-1.2145177173280635,0.16081004860945314,-1.0537076687186104,1
Defb50,0.8658705902784964,-0.329184610536442,0.5366859797420545,1
Dennd4c,0.4077981658006635,-0.05647163992193782,0.3513265258787257,1
Dgki,-0.5046051145630552,0.21373298922860462,-0.2908721253344506,2
Dgkz,-0.256035166878426,-0.23949417494843805,-0.49552934182686403,1
Diap3,-0.5876252946736291,-0.33911403201627766,-0.9267393266899068,2
Dis3l2,0.8521493305292918,0.06410140030142523,0.916250730830717,2
Dlg1,-0.663915690995242,-0.10817445528507612,-0.772090146280318,1
Dlgap1,-0.3000067370265267,-0.10569429129575036,-0.40570102832227706,1
Dlgap2,-0.827052783583528,0.2150285704477084,-0.6120242131358196,1
Dnah1,0.8142044805168391,0.062143730342621994,0.8763482108594611,1
Dnaja1,-0.3888986405626711,-0.09593922413099776,-0.48483786469366885,1
Dnaja3,0.7058838259109155,-0.04053339412023993,0.6653504317906755,1
Dnajb11,0.5299584913142106,0.15104370852427484,0.6810021998384854,1
Dnajc1,0.16841473896433212,0.3257582057490797,0.4941729447134118,2
Dnajc11,0.7268913197104181,0.19768782722295697,0.9245791469333751,1
Dnajc17,0.01254516416169539,-0.3846920904525124,-0.372146926290817,1
Dnajc5b,-0.7099421030887756,-0.29687965377508907,-1.0068217568638647,1
Dner,-0.4342403979545426,-0.10014459203039017,-0.5343849899849328,1
Dnmt3a,0.9303720799337637,-0.4845519967280587,0.445820083205705,1
Dock4,-0.531841355902402,-0.15941256448109797,-0.6912539203835,2
Dok6,-0.5442435630808311,-0.1348861253606337,-0.6791296884414648,1
Dot1l,0.445257038544542,0.22566034638717825,0.6709173849317203,1
Dpf3,-0.05774794236224823,-0.31599231242092163,-0.37374025478316986,1
Dpy19l4,-0.5415683610430042,-0.12313178120627999,-0.6647001422492842,1
Dpysl4,0.8772407828002933,0.08969057492866772,0.966931357728961,1
Dscaml1,0.31177054562495954,0.2882550370535195,0.600025582678479,1
Dsel,-0.6654742707212424,0.030397138124359735,-0.6350771325968827,1
Dsg2,-0.260547745822751,-0.1909569721005644,-0.45150471792331537,1
Dst,-0.5286853046444633,-0.226687536617298,-0.7553728412617613,1
Dtna,0.4860799133660854,0.06808411874004816,0.5541640321061336,1
Dtwd2,-0.6093647361988568,-0.1157618798133182,-0.725126616012175,1
Dupd1,-0.8188585328057094,-0.09021080575921525,-0.9090693385649247,1
Dyx1c1Ccpg1,0.22298417640811063,0.4361367622099317,0.6591209386180423,1
E130307A14Rik,-0.622086745188497,-0.08567914998752801,-0.7077658951760251,1
E2f3,-0.6628950669441824,0.0058948196646060325,-0.6570002472795764,1
E330034G19Rik,1.124712904254947,0.44085589102006884,1.565568795275016,1
Eaf2,0.23082285814020326,0.6584103685248204,0.8892332266650236,1
Ebpl,-0.38824666857212,-0.18200829591485768,-0.5702549644869777,1
Edem1,-0.5494937884334492,-0.026091389177977042,-0.5755851776114262,1
Efhc2,0.6803487337328666,0.05409697359812028,0.7344457073309869,1
Efna5,0.6723114147151888,-0.3868505385119638,0.285460876203225,1
Efnb2,1.0085358190180365,0.07529119586448432,1.0838270148825209,1
Egfem1,-0.7528013278462761,-0.3322934003584377,-1.0850947282047136,2
Ehhadh,0.821704582991196,0.20411247650972608,1.0258170595009222,1
Eif3j1,-0.4968777753836502,-0.02619619612258184,-0.523073971506232,1
Eif4e2,-0.8422172297399113,0.18242107057324142,-0.6597961591666699,1
Eif4ebp2,0.5401710757160374,0.3827197210354706,0.9228907967515079,1
Elf5,-1.0347205625016254,0.3214066575247396,-0.7133139049768857,1
Elfn2,0.36105089497415754,-0.09894541542078539,0.26210547955337216,1
Ell2,-0.6281619918832404,-0.05766583524653646,-0.6858278271297769,1
Eltd1,-1.1062163741526403,0.19079329570379033,-0.91542307844885,1
Emc2,-0.6357011242139698,-0.04045036932352275,-0.6761514935374926,1
Emid1,0.12995938163836446,-0.5886596009442036,-0.4587002193058391,1
Eml6,1.1505986599938502,-0.25556578779112327,0.8950328722027269,1
Emx2,-0.5187391411501292,0.07607392066397956,-0.44266522048614965,2
Emx2os,-0.5187391411501292,0.07607392066397956,-0.44266522048614965,2
Enc1,-0.42182511053127314,-0.1539078301238015,-0.5757329406550746,2
Enpp1,-1.1914042959619078,0.19779255627787862,-0.9936117396840292,1
Enpp2,-0.004346113484601899,0.4162553249391492,0.4119092114545473,1
Epb4.1l2,-0.5459731488569253,-0.09983422625976712,-0.6458073751166924,3
Epb4.1l4a,0.11678692240869681,-1.1908288148263584,-1.0740418924176616,2
Epc1,0.850370926266482,0.6499008437156155,1.5002717699820975,1
Epha10,0.505397307395222,0.046289779143440235,0.5516870865386623,1
Epha4,-0.5451165215353457,0.07300152394137727,-0.47211499759396847,1
Epha5,-0.8596946753647113,0.13507164228248106,-0.7246230330822302,3
Epha7,-0.8551104964144516,0.09408647027707762,-0.761024026137374,1
Epm2a,0.6181867148140314,-0.10836729099234232,0.5098194238216891,1
Erbb2,0.394398883477181,0.02638833265972096,0.42078721613690195,1
Erbb3,-0.30827365536484574,-0.20577525675687447,-0.5140489121217202,1
Erbb4,-0.2184486360519987,0.18097573897804825,-0.03747289707395046,2
Erc1,-0.44322595128546816,-0.18475535292151868,-0.6279813042069868,1
Erc2,-0.32253861134836953,0.2152689627336721,-0.10726964861469741,3
Etnk1,-0.46182871320465235,-0.14112615404357154,-0.6029548672482239,1
Ext2,-0.20861995377802545,-0.35535949338800144,-0.5639794471660269,1
Fads2,0.2864610694117733,-0.027106084530810204,0.2593549848809631,1
Faf1,-0.051878941336454654,0.4954046637813543,0.44352572244489963,1
Faim,-0.3314414403569854,-0.06383783499627249,-0.3952792753532579,1
Fam102b,-0.2644146007307606,-0.20615384959521643,-0.47056845032597705,1
Fam135b,1.0063373934273534,0.030116255661581715,1.0364536490889351,1
Fam136a,-0.051333639536612186,-0.23013406212455378,-0.28146770166116597,1
Fam155a,-0.0856119371645726,0.025023389331273682,-0.06058854783329892,2
Fam163a,-0.33918343583267063,-0.17479577430549886,-0.5139792101381695,1
Fam179b,-0.6225210252481252,-0.062312518511531856,-0.6848335437596571,1
Fam189a1,0.9945099456155928,-0.1800247403083597,0.8144852053072331,1
Fam198b,0.3300814899175275,0.04110926031414741,0.3711907502316749,1
Fam19a2,-0.7289582441335257,0.2143189856734848,-0.5146392584600408,3
Fam214b,-0.4082314430117795,-0.0041722300625113284,-0.4124036730742908,1
Fam227b,-1.136787208980323,0.19464737290117462,-0.9421398360791484,1
Fam49a,-0.6677968817945956,-0.046742241974312204,-0.7145391237689078,1
Fam65a,0.3005712569323178,0.32607644554101967,0.6266477024733375,1
Fam72a,-0.5641769322271877,-0.10735888984377429,-0.671535822070962,1
Fam84a,-0.746986477203019,0.08455838032671092,-0.6624280968763081,1
Fance,0.9448485486018289,0.04195401199674631,0.9868025605985752,1
Farp1,-0.4247989718903211,-0.18540692375785772,-0.6102058956481788,2
Fasn,1.1483228668013483,-0.37020359420818005,0.7781192725931682,1
Fat3,-0.5403664968035177,-0.20349827342450755,-0.7438647702280252,2
Fat4,-0.8598479365385789,-0.030439819151973413,-0.8902877556905523,3
Fbln2,-0.39915361721385345,-0.190254429114884,-0.5894080463287374,1
Fbrsl1,0.7532602030220342,0.06809524802515976,0.821355451047194,2
Fbxo21,0.42913133733216213,-0.059303313354452936,0.3698280239777092,1
Fbxo31,-0.4065565093614243,0.025642142124610245,-0.38091436723681404,1
Fbxo33,-0.5212606916618574,-0.061354103774502455,-0.5826147954363599,1
Fbxw4,0.5732421783341051,-0.020607165932704063,0.552635012401401,1
Fdx1,-0.13663894377362995,-0.14840462802614862,-0.2850435717997786,1
Fem1c,-0.6800162323450447,0.034420784283634376,-0.6455954480614103,1
Fgf1,0.7910579903583734,-0.03629738652287162,0.7547606038355018,2
Fgf13,-0.7958002797479589,-0.12570122478054735,-0.9215015045285062,1
Fgf7,-1.136787208980323,0.19464737290117462,-0.9421398360791484,1
Fgfr2,-0.11489201247702607,-0.06784037722096396,-0.18273238969799002,3
Fhod3,-0.2591097242377187,-0.23421516938855058,-0.4933248936262693,1
Fibin,-0.8363601833348062,-0.32486206631027836,-1.1612222496450846,1
Filip1,0.8212517300339027,0.14213734173766923,0.963389071771572,1
Firre,2.2092301259151017,0.018883524964258658,2.2281136508793606,20
Fkbp1a,0.06451396083544836,0.2735338774745739,0.3380478383100223,1
Fnbp1l,-0.5214447263205959,-0.2319136463243554,-0.7533583726449513,1
Fndc3a,-0.9238050319002709,-0.07703827701208033,-1.0008433089123512,1
Fndc3b,-0.27622898588140066,-0.1842088568214446,-0.46043784270284527,1
Focad,-0.17142133582834784,-0.6666924730234509,-0.8381138088517988,1
Foxe3,0.7840400368039122,0.19329854398637814,0.9773385807902903,1
Foxg1,-0.7770398092797691,-0.07537095568482795,-0.852410764964597,3
Foxn3,-0.18475364973090969,-0.3017784531973988,-0.4865321029283085,1
Foxo6,0.3104461472572102,0.14222022904603326,0.45266637630324347,1
Foxp1,0.05971327639331969,-0.09742986606675304,-0.03771658967343335,3
Foxp2,-0.9504174564484061,-0.636366119992199,-1.586783576440605,1
Fpgt,-0.7546610936083828,-0.015189703460114501,-0.7698507970684974,1
Frmd3,-0.7114991708568419,0.12337164705733517,-0.5881275237995067,1
Frmd4a,0.3689248057732435,-0.04691721401833404,0.32200759175490945,1
Frmd4b,-1.0361527577401746,-0.07431504231868424,-1.1104678000588586,1
Fsd1l,-0.9510066723546573,0.12908401322816587,-0.8219226591264914,1
Fstl4,-0.13883794858475496,-0.4959739826747753,-0.6348119312595303,1
Fut10,-0.9184859414493785,-0.07714755967101827,-0.9956335011203967,1
Fzd1,-0.5730808526287947,-0.1518885797675904,-0.7249694323963851,1
Fzd4,-0.206757209770847,-0.16508398133005464,-0.37184119110090164,1
Gabrb1,-0.7834189492927435,-0.049404136162539025,-0.8328230854552825,1
Gabrb2,-0.7245787377986943,-0.04160136941023307,-0.7661801072089274,1
Gabrg3,1.1077699574875957,-0.36740712115928165,0.7403628363283141,1
Galk2,0.6854197233294591,-0.1660016741687511,0.519418049160708,1
Galnt13,-0.5210932923234728,-0.22447272702059695,-0.7455660193440697,1
Galnt14,0.588925706028901,-0.007071827054544899,0.5818538789743561,1
Galntl6,-0.5140334477691496,-0.42473536857492333,-0.9387688163440728,3
Garem,-0.44777167048206135,0.2566297793657772,-0.19114189111628418,3
Gchfr,0.01254516416169539,-0.3846920904525124,-0.372146926290817,1
Gdap10,-0.6204786969644402,0.017935220614696767,-0.6025434763497435,1
Gdf9,0.025602535213435473,-0.3258988141155905,-0.30029627890215504,1
Ghr,0.32245514161632016,0.27616361981528276,0.5986187614316029,1
Git2,1.1229181352110797,-0.3458452346482104,0.7770729005628694,1
Gja1,-0.5140896259160965,-0.5381449085371088,-1.0522345344532054,1
Gk5,-0.3867654620344525,-0.09131562921343406,-0.47808109124788656,1
Gldc,-0.9754207774663046,0.1239854526596662,-0.8514353248066384,1
Gli3,-0.8786704996360366,-0.13026720087058496,-1.0089377005066216,1
Gm10069,0.3237709650795706,0.08631656564334556,0.41008753072291615,1
Gm10105,0.8863013574029897,0.8557458240165545,1.7420471814195442,1
Gm10373,-0.6357011242139698,-0.04045036932352275,-0.6761514935374926,1
Gm10582,-0.5473186295304121,0.13562685909301075,-0.41169177043740135,1
Gm10647,-0.4267747939859481,-0.0666297493504131,-0.4934045433363612,1
Gm10717,0.9008998083030881,0.35856585934830276,1.259465667651391,1
Gm10718,0.9008998083030881,0.35856585934830276,1.259465667651391,1
Gm10722,1.0959912635134983,0.4201375540818111,1.5161288175953094,1
Gm11033,0.5794198249265361,-0.1576374775247238,0.42178234740181225,1
Gm11168,1.0959912635134983,0.4201375540818111,1.5161288175953094,1
Gm11915,-0.8551104964144516,0.09408647027707762,-0.761024026137374,1
Gm11984,0.1368812944140949,0.18453645957595444,0.32141775399004935,1
Gm12063,-0.045036924322833016,-0.06506058085677768,-0.1100975051796107,1
Gm12068,-0.9303363315330913,-0.007595348802397206,-0.9379316803354885,1
Gm12295,-0.6460311456072025,-0.06850797813621412,-0.7145391237434167,1
Gm12296,0.15561894595300885,0.11430107936969058,0.26992002532269943,1
Gm12352,0.394398883477181,0.02638833265972096,0.42078721613690195,1
Gm12381,-0.9099472111542923,-0.6579222633728316,-1.567869474527124,1
Gm12514,0.4137030744045731,0.06289928913556553,0.47660236354013863,1
Gm12603,-1.0111340904967818,-0.0434154870940075,-1.0545495775907892,1
Gm12668,1.0141311660107044,-0.4598531270594167,0.5542780389512877,1
Gm12915,0.6571675113697351,-0.15208330304537254,0.5050842083243625,1
Gm13061,0.5333372130115868,0.37158853642905876,0.9049257494406455,1
Gm13200,0.35939247799719665,-0.062312518511083326,0.2970799594861133,1
Gm13283,-0.5473186295304121,0.13562685909301075,-0.41169177043740135,1
Gm13284,-0.5473186295304121,0.13562685909301075,-0.41169177043740135,1
Gm13334,0.7781239494703196,0.430555692213749,1.2086796416840686,1
Gm13377,-0.6719530100847095,-0.05870577902830543,-0.730658789113015,1
Gm13437,5.169918393228026,1.6829700190467822,6.852888412274808,1
Gm13571,-0.8971634623763372,-0.10973064086023254,-1.0068941032365697,1
Gm13722,-1.436532566375164,0.4578358798616371,-0.9786966865135269,1
Gm14022,-0.33102605603630675,-0.05004936960256812,-0.38107542563887487,1
Gm14035,-1.4203452657044033,0.16867216637383098,-1.2516730993305722,1
Gm14087,1.4688446283399887,0.3869319723135124,1.8557766006535013,1
Gm14137,0.01254516416169539,-0.3846920904525124,-0.372146926290817,1
Gm14164,0.8178522575325792,0.06128833647155396,0.8791405940041331,1
Gm14287,0.5348162517078183,0.06897646898585919,0.6037927206936775,1
Gm14342,0.3891098429998072,-0.014150815943141382,0.37495902705666584,1
Gm14372,0.4872466005702769,0.014653653925110088,0.501900254495387,1
Gm14406,-0.09610121284938178,1.673435177292363,1.5773339644429814,1
Gm14409,0.29386328910292736,1.0499471358911598,1.3438104249940872,1
Gm14554,0.7073157813675292,0.10761248292436021,0.8149282642918894,1
Gm15152,-0.04637733784834336,0.9726287100903828,0.9262513722420394,1
Gm15191,0.541965249627857,0.16730333545475307,0.70926858508261,1
Gm15234,0.770234237280241,0.34013993230861383,1.1103741695888547,1
Gm15265,0.34927354568114977,-0.04769300410011912,0.30158054158103065,1
Gm15271,-0.8432132222163344,0.0645437610367734,-0.778669461179561,1
Gm15345,0.7495632285357665,-0.48063772004626504,0.2689255084895015,1
Gm15398,-1.0237022378481688,0.07339166295486943,-0.9503105748932994,1
Gm15441,-0.5221241474528351,-0.2780555424178339,-0.800179689870669,1
Gm15492,0.1024966222596595,0.5531175047456487,0.6556141270053082,1
Gm15528,-0.6138343705445034,-0.03231777821143855,-0.646152148755942,1
Gm15564,-1.0194341688920758,0.19669903343142936,-0.8227351354606465,1
Gm15594,-0.892672835936021,-0.04553826138586481,-0.9382110973218858,1
Gm15663,-0.6077721421079607,-0.15662153259536926,-0.76439367470333,2
Gm15680,-0.702913389899023,0.01114215118635542,-0.6917712387126675,1
Gm15908,0.5436123970133564,-0.027015466397796173,0.5165969306155602,1
Gm15943,0.3285050610149356,0.040613744238274574,0.36911880525321017,1
Gm16076,0.48974280111045965,0.35667511275754393,0.8464179138680036,1
Gm16130,0.46485807196612683,-0.02555040232436312,0.4393076696417637,1
Gm16283,-0.6093647361988568,-0.1157618798133182,-0.725126616012175,1
Gm16505,0.8991864729857713,0.9759503347561422,1.8751368077419135,4
Gm16575,1.0847037308141707,0.3833095834813962,1.468013314295567,1
Gm16576,1.0847037308141707,0.3833095834813962,1.468013314295567,1
Gm16702,1.1048465622897088,0.014075127270009702,1.1189216895597185,1
Gm16751,-0.24561069928269896,-0.08992474971900011,-0.33553544900169907,1
Gm17023,0.4678040984227425,0.11968531522720283,0.5874894136499453,1
Gm17044,-0.793022075748109,-0.06643804331305803,-0.859460119061167,1
Gm17055,-0.6949269365787565,0.001352046226066328,-0.6935748903526902,1
Gm17177,0.9007632633405223,1.958502796260599,2.8592660596011212,1
Gm17252,1.7058838258512183,0.08271532805978188,1.7885991539110002,1
Gm17750,-0.6432086046314978,-0.1143005580878611,-0.7575091627193589,1
Gm17751,-0.32647253202247617,-0.4530220335617626,-0.7794945655842388,1
Gm17916,-0.5679804766824308,-0.22920982724805938,-0.7971903039304902,1
Gm1976,-0.6551374663507321,-0.14013292952670975,-0.7952703958774419,1
Gm20387,-0.816870872253677,0.012287523907147158,-0.8045833483465299,1
Gm20388,0.6460192442121923,0.07778572537289907,0.7238049695850913,3
Gm20403,-0.3264086323418809,-0.5148876336843571,-0.841296266026238,1
Gm20471,-1.003292451895597,0.10294994672911684,-0.9003425051664802,1
Gm20646,-0.7805810157371194,0.690650767275093,-0.08993024846202635,1
Gm20696,-0.03303554410986983,-0.03461435287401815,-0.06764989698388797,3
Gm20753,-0.5946465590122818,-0.04283899069392394,-0.6374855497062057,1
Gm2093,-0.44646166387980735,-0.12025556720169828,-0.5667172310815056,1
Gm21747,-0.8331624624734539,0.13342034063411923,-0.6997421218393347,1
Gm21857,0.16147542355462718,-0.48624380665450917,-0.324768383099882,1
Gm22059,1.4752343038022686,-0.4773500177653335,0.9978842860369351,1
Gm22085,0.5220866498755848,0.2039468176952044,0.7260334675707892,1
Gm22390,-0.35888642944094273,-0.6088680390700233,-0.967754468510966,1
Gm22405,-0.5895346389379501,-0.12706400701460296,-0.7165986459525531,1
Gm24372,-0.8301083305338564,0.06032989464954852,-0.7697784358843078,1
Gm24537,-0.2381871655485952,-0.12245475376210724,-0.36064191931070244,1
Gm24628,0.7020438048630754,-0.10342504343147252,0.5986187614316029,1
Gm25295,0.27350838750210915,0.1639555821548626,0.43746396965697176,1
Gm25549,0.5949337212067352,-0.32889029881766163,0.2660434223890735,1
Gm25704,0.3781310648607079,-0.06531970050661728,0.3128113643540906,1
Gm26091,-0.26600101497856965,-0.17287923959205576,-0.4388802545706254,1
Gm26456,-0.7546610936083828,-0.015189703460114501,-0.7698507970684974,1
Gm26542,1.0353851404529377,-0.0734634090879116,0.9619217313650261,1
Gm26551,0.6959455888451662,0.07593741986366953,0.7718830087088357,1
Gm26561,-0.5907910604666379,-0.17072908641457152,-0.7615201468812094,2
Gm26654,-1.068930121737128,0.10031999035824057,-0.9686101313788875,1
Gm26663,-0.5415683610430042,-0.12313178120627999,-0.6647001422492842,1
Gm26668,-0.27593929136012063,0.7683215752780821,0.49238228391796146,1
Gm26700,-0.8350906623660191,0.2030136988153669,-0.6320769635506522,1
Gm26719,-1.0250812868830872,0.0005208349312495475,-1.0245604519518376,1
Gm26734,-0.6551374663507321,-0.14013292952670975,-0.7952703958774419,1
Gm26773,-0.8733565547684554,-0.06064145939974219,-0.9339980141681976,1
Gm26777,0.7700654167750197,0.26551451794342495,1.0355799347184447,2
Gm26778,-0.731654705362383,-0.001224009112346991,-0.73287871447473,1
Gm26801,-0.4518231877005636,-0.10971478306666516,-0.5615379707672288,1
Gm26836,0.8001186583429694,-0.34935068612183673,0.45076797222113263,1
Gm26870,0.9984455359082932,0.3893517067150569,1.3877972426233502,2
Gm26892,0.16669184875698972,0.08913625187049634,0.25582810062748607,1
Gm26912,-0.6245449923328628,0.12247757609933618,-0.5020674162335266,1
Gm26995,1.3334827370878988,-0.2562637939424537,1.077218943145445,1
Gm27008,-0.5338359356241393,-0.5237369160184837,-1.057572851642623,1
Gm27026,-0.8174291964527312,-0.1274075467310145,-0.9448367431837457,1
Gm27235,1.3527740756045643,0.7906677955062256,2.14344187111079,1
Gm27404,-0.792545414776523,-0.023704647909021936,-0.8162500626855449,1
Gm27621,-0.8350906623660191,0.2030136988153669,-0.6320769635506522,1
Gm27645,-0.792545414776523,-0.023704647909021936,-0.8162500626855449,1
Gm27676,-0.792545414776523,-0.023704647909021936,-0.8162500626855449,1
Gm27761,-0.792545414776523,-0.023704647909021936,-0.8162500626855449,1
Gm27920,0.13581899490699012,0.13280744244689702,0.26862643735388714,1
Gm28042,0.2109810687178122,-0.022335049596128975,0.18864601912168322,1
Gm2810,-0.7013025969314953,-0.4957712145781302,-1.1970738115096256,1
Gm28289,-0.5511344235682567,-0.19269900697755116,-0.7438334305458079,1
Gm28375,0.8521493305292918,0.06410140030142523,0.916250730830717,2
Gm28905,-0.7667262412579501,0.1040508992865663,-0.6626753419713838,1
Gm29069,-0.32647253202247617,-0.4530220335617626,-0.7794945655842388,1
Gm29347,-0.6709128549989891,-0.05180020019637466,-0.7227130551953638,1
Gm29427,-0.3921167593148591,-0.09197525380360005,-0.4840920131184592,1
Gm29530,-0.5505551873586905,0.21545996153734137,-0.3350952258213491,1
Gm29669,-0.7275993406228026,-0.46245114136542365,-1.1900504819882263,1
Gm3470,1.6334623459563535,-0.1743533824684581,1.4591089634878953,1
Gm3867,2.5216509875295627,0.4063831122975312,2.928034099827094,1
Gm4258,0.024552249572918683,0.24065980335261128,0.26521205292552996,1
Gm4285,-0.43566039196130735,-0.0689999806471242,-0.5046603726084316,1
Gm4850,-0.7540834358990258,0.4628082456620435,-0.29127519023698234,1
Gm5087,0.21034477530602472,0.5910369571492393,0.8013817324552641,1
Gm5432,-0.5923784969343471,-0.029845876856607667,-0.6222243737909547,1
Gm5528,-0.5816443907848088,-0.4264579365718742,-1.008102327356683,1
Gm5533,0.07663109237382937,0.21890099431325094,0.2955320866870803,1
Gm5745,0.7743248819910609,-0.22737176477275023,0.5469531172183106,1
Gm5941,-0.7100449010828934,1.7872384412959623,1.077193540213069,1
Gm6225,-0.43845696665809974,-0.07830811716011343,-0.5167650838182132,1
Gm6297,-0.3888986405626711,-0.09593922413099776,-0.48483786469366885,1
Gm6634,0.3597759185216073,-0.031565394862020923,0.32821052365958636,1
Gm6801,-0.7090021217746894,-0.2599582775029563,-0.9689603992776457,1
Gm7008,-0.6131163691165176,-0.015031985204417175,-0.6281483543209347,1
Gm7257,2.0767085214952097,0.31773367925180157,2.3944422007470116,2
Gm8098,-0.6123662502395169,-0.0678653568926304,-0.6802316071321473,1
Gm8354,-0.6202984409673507,-0.5153441827629255,-1.1356426237302761,1
Gm8883,-1.1568506991468812,0.21991915405020057,-0.9369315450966806,1
Gm9725,-0.5313378224021434,-0.038217282884358106,-0.5695551052865016,1
Gm9732,0.20959256405224203,0.9313000554831006,1.1408926195353426,1
Gm9921,-0.454839029010639,0.052574509221154475,-0.4022645197894845,1
Gm9955,-0.2591097242377187,-0.23421516938855058,-0.4933248936262693,1
Gmds,-0.7346887654441883,0.08691865389099451,-0.6477701115531938,1
Gmnc,0.7978063152569832,0.5991628760182306,1.3969691912752138,1
Gmps,-0.606600668446517,-0.13985588056321996,-0.746456549009737,1
Gnal,-0.546992903473102,0.020149641679608088,-0.5268432617934939,1
Gnao1,-0.6958259431039988,0.010531639118303904,-0.6852943039856949,1
Gnb4,-0.2869980488517043,-0.5097987570179359,-0.7967968058696402,1
Gnl3l,-0.04637733784834336,0.9726287100903828,0.9262513722420394,1
Gnptab,0.2835349931504729,0.28920783513235193,0.5727428282828249,1
Golm1,0.47227361528756273,0.05301427558376348,0.5252878908713262,1
Gpc5,-0.8867554088965033,0.014981073881759779,-0.8717743350147434,6
Gpc6,-0.6143945317149428,-0.11817851486174236,-0.7325730465766852,1
Gphn,-1.1273735198791153,0.13452430265213167,-0.9928492172269836,1
Gpr1,0.5320977752138121,0.0012906144288358234,0.5333883896426479,1
Gpr111,1.2840518094405768,0.5295826440641549,1.8136344535047317,1
Gpr156,0.950898583719745,-0.013678245053307392,0.9372203386664375,2
Gpr165,-0.8767077703134167,-0.06524184954880052,-0.9419496198622173,1
Gpr98,0.5636525090475314,0.4781392861052189,1.0417917951527502,1
Gramd1b,0.40604643630320325,0.00014661703257212721,0.4061930533357754,1
Grb14,-0.6712795952719164,-0.006055428667089302,-0.6773350239390057,1
Gria1,0.16294446204610025,0.14528536863329555,0.3082298306793958,2
Grid1,0.4994771490537853,0.19901282764017614,0.6984899766939615,3
Grik4,0.30141057516480796,-0.02573071973875196,0.275679855426056,1
Grik5,-0.1842146411173351,-0.21067013928319422,-0.3948847804005293,1
Grm1,-0.807551638792845,0.15054627893035155,-0.6570053598624934,1
Grm5,1.2478971832712409,0.5332705456848856,1.7811677289561265,1
Grm7,-0.8578830948623387,0.2778986756491857,-0.579984419213153,2
Grm8,-1.222022658365899,0.13315860350534625,-1.0888640548605528,1
Grxcr1,-0.5467847204970333,-0.23757585276342663,-0.7843605732604599,1
Gse1,0.9571889391300301,-0.024244477677343834,0.9329444614526863,1
Gsk3b,0.6170745589323006,0.10214301387255897,0.7192175728048595,1
Gucd1,-0.36790643477608853,-0.019651366377199775,-0.3875578011532883,1
Hcn1,-0.9130260066922009,0.0025197476583185274,-0.9105062590338824,1
Hecw2,-0.21121478405152602,-0.08048547712161744,-0.29170026117314346,3
Herc3,-0.5613970956310697,-0.026905844142183,-0.5883029397732527,1
Hist2h2bb,0.5533679068248494,0.09643322693942658,0.649801133764276,1
Hivep3,0.9282762472260202,-0.27048232270866834,0.6577939245173519,1
Hjurp,0.41432866267341534,0.07219895576135427,0.4865276184347696,3
Hmcn2,1.1018125022193939,-0.16427492945296218,0.9375375727664317,1
Hpse2,0.8940554272341286,-0.17249543625364705,0.7215599909804815,1
Hr,-0.49248786303332626,0.08288539702676445,-0.4096024660065618,1
Hrk,1.0776896151531585,-0.2375729384865144,0.8401166766666441,1
Hs2st1,-0.21531460635030975,-0.548134117849976,-0.7634487242002858,1
Hs3st1,-0.5826856720073259,-0.15929813387892944,-0.7419838058862553,1
Hs3st4,0.7633805662688151,-0.16009988948478293,0.6032806767840322,1
Hs6st3,-0.5109137900281944,-0.19397516365217038,-0.7048889536803647,1
Hsd11b1,0.675399517824526,-0.05620124444822783,0.6191982733762982,1
Hsf1,0.592121550767476,0.23696103074067998,0.829082581508156,1
Hspa4l,-0.5285570114674407,-0.046427771499602866,-0.5749847829670436,2
Htr5a,1.286154354373575,0.28371680658289544,1.5698711609564704,1
Iah1,0.4143211836566356,0.04023388772194192,0.45455507137857754,1
Ier5,-0.43262458654406455,-0.0697544462024502,-0.5023790327465147,1
Ifi27,0.5018311218529079,-0.04530341980761987,0.45652770204528803,1
Ifrd1,-0.6131163691165176,-0.015031985204417175,-0.6281483543209347,1
Ift57,0.440753240918934,0.14659797691200693,0.5873512178309409,1
Igf2bp1,-0.26607022595721597,-0.5535856035724652,-0.8196558295296812,1
Igsf3,-0.46570556360064763,-0.008303013678723437,-0.47400857727937107,2
Iigp1,-1.0418702749394002,0.23202419109225714,-0.8098460838471431,1
Il1rapl1,-1.2289529558484495,0.0957006746831035,-1.133252281165346,1
Il1rl1,0.40503599819399305,-0.06558023234346999,0.33945576585052306,1
Ildr2,0.8159259463233537,-0.08243379014395336,0.7334921561794003,1
Inpp4a,-0.30463869531600163,-0.19702507037960548,-0.5016637656956071,1
Inpp4b,-0.5460272014249021,-0.14396973807811353,-0.6899969395030157,1
Inpp5b,0.6571675113697351,-0.15208330304537254,0.5050842083243625,1
Ints8,-0.4636218011794364,-0.1641200008650321,-0.6277418020444685,1
Iqcb1,0.23082285814020326,0.6584103685248204,0.8892332266650236,1
Ispd,-0.9168920966607095,-0.045339439906892265,-0.9622315365676017,1
Jarid2,-0.6841930061919967,0.03655856667833346,-0.6476344395136633,2
Jazf1,-0.7309268466481766,-0.006392145772148972,-0.7373189924203256,1
Jkamp,-0.4922383049960075,0.012393198045712595,-0.4798451069502949,1
Jmjd1c,-0.48500850784304017,0.012779536043116657,-0.4722289717999235,1
Jup,-0.3227909737068888,-0.053602819538850266,-0.3763937932457391,1
Kalrn,0.18679649557966205,-0.8087926044443067,-0.6219961088646446,2
Kank1,0.5475130510855639,0.2746147687779281,0.822127819863492,1
Kat6b,-0.4848156076974437,-0.16418655339367128,-0.649002161091115,1
Kcna4,-0.6312150382669595,-0.06439995791698072,-0.6956149961839402,1
Kcnab2,0.622050093239789,-0.0213424872377872,0.6007076060020018,1
Kcnb2,-0.5345403682922995,0.10189650572132296,-0.4326438625709765,3
Kcnc4,0.6523343576322351,-0.09768684861123322,0.5546475090210019,1
Kcnh7,-0.5537729800687101,-0.2762433610813694,-0.8300163411500795,1
Kcnh8,-0.8400417655703026,-0.3919762621553239,-1.2320180277256265,1
Kcnip1,-0.8062420264373081,-0.14824789000416544,-0.9544899164414735,1
Kcnj2,-0.47889913423663977,-0.04398069573907204,-0.5228798299757118,1
Kcnj9,0.19819703867759442,0.08221060980994199,0.2804076484875364,1
Kcnk1,0.4579563124547751,0.37955244196739224,0.8375087544221673,1
Kcnq4,0.393228709451795,0.08845565506887598,0.481684364520671,1
Kcnv1,-0.6679159793126344,-0.045872327351174746,-0.7137883066638091,1
Kctd1,-0.9454435533966614,0.3108082952181279,-0.6346352581785335,1
Kctd12,-0.731654705362383,-0.001224009112346991,-0.73287871447473,1
Kdm2b,0.004113487188366793,-0.2990278421693638,-0.294914354980997,1
Khdrbs2,-0.9173599049561072,0.07926715773526694,-0.8380927472208403,2
Khdrbs3,0.7114137378024727,-0.3737381132327178,0.337675624569755,1
Kif13a,-0.13409598973420245,0.08013170511014378,-0.05396428462405867,1
Kif18a,-0.5374854055494547,-0.07023169059461054,-0.6077170961440652,1
Kif26b,0.5092368174056083,-0.10014459203355486,0.4090922253720535,1
Kirrel3,0.7597432379205815,-0.1165537598148686,0.6431894781057129,4
Kirrel3os,0.8271901220890939,-0.12669174664174143,0.7004983754473525,1
Kitl,-1.2364757832712332,0.32500422318763733,-0.9114715600835959,1
Klf5,-0.35832375802863314,-0.25834398278856296,-0.6166677408171961,1
Klf6,-0.648634738371813,-0.03951186791063144,-0.6881466062824444,1
Klf7,-0.7333861061873241,0.00969528404299247,-0.7236908221443317,1
Klhl12,-0.04561786139285662,-0.6397749166784518,-0.6853927780713084,1
Klhl28,-0.6225210252481252,-0.062312518511531856,-0.6848335437596571,1
Klhl29,-0.8390254252548646,0.20601618698638546,-0.6330092382684791,1
Klhl31,-0.6011384350320679,0.05663153242931562,-0.5445069026027523,1
Klrb1a,0.5916715757069375,0.0023383655636174394,0.594009941270555,1
Kpna1,-1.0194341688920758,0.19669903343142936,-0.8227351354606465,1
Ksr1,0.8704516171066758,0.40481349188747995,1.2752651089941558,1
L3hypdh,-0.4922383049960075,0.012393198045712595,-0.4798451069502949,1
Lama4,-0.7945602214197773,0.07218034443870724,-0.7223798769810701,1
Lamb3,0.675399517824526,-0.05620124444822783,0.6191982733762982,1
Lancl1,-0.19814414981670814,1.1452622778373889,0.9471181280206806,1
Large,-0.7947361491009173,0.11776043830177385,-0.6769757107991434,1
Larp1b,-0.4689132506791944,-0.11412108996737924,-0.5830343406465737,1
Lars2,-1.0805566646482339,0.13924874509616725,-0.9413079195520666,1
Lcorl,-0.6139457076831123,-0.09271774482280026,-0.7066634525059126,1
Lef1,-0.5742240932211535,-0.7683462530344544,-1.342570346255608,1
Lgals8,0.11330814109488085,0.18687424082772974,0.3001823819226106,1
Lgr4,-0.6016156486807942,-0.1421503410179863,-0.7437659896987805,1
Lhfp,0.5446936344241031,0.14652692744133788,0.691220561865441,1
Lhpp,-0.2886243705338434,-0.2306584617975015,-0.5192828323313449,1
Lhx9,-0.9830016655531693,0.0054281359731969125,-0.9775735295799723,1
Lig4,0.14306532824014528,0.19357039244662788,0.33663572068677317,1
Lims1,-0.3749011267310498,-0.3648752885161577,-0.7397764152472075,1
Lin28a,0.5333372130115868,0.37158853642905876,0.9049257494406455,1
Lingo2,-0.8482012192417172,-0.1122279971393299,-0.9604292163810471,2
Lman1,-0.5707625046063627,-0.18630123577458468,-0.7570637403809474,1
Lmf1,1.298447047519661,0.5462443204181759,1.8446913679378372,1
Lmo3,-0.5776411563394774,-0.08164399420392865,-0.6592851505434061,2
Lmo4,-0.6626003049541707,-0.008840517442262552,-0.6714408223964332,1
Lmo7,-0.7283835024247054,-0.05723405658342928,-0.7856175590081347,2
Lnx2,0.14320962680794325,0.25132294855321646,0.3945325753611597,1
Lonrf2,-0.2895606848479044,-0.1738537783640326,-0.463414463211937,1
Lpcat3,0.11980013218932317,0.15228998066051114,0.2720901128498343,1
Lpcat4,-0.4243486448386786,-0.11386770628943799,-0.5382163511281166,1
Lphn2,-0.8530834662351854,0.09415022312054666,-0.7589332431146387,1
Lppr1,-1.0813027302242812,0.14678397823990674,-0.9345187519843745,3
Lppr5,-0.5327299363682769,0.02014964167988964,-0.5125802946883873,1
Lrp1b,0.522490558610769,-0.5375930183208538,-0.015102459710084837,2
Lrrc16a,-0.6840626923725668,-0.025799944179595746,-0.7098626365521625,1
Lrrc18,-0.2886243705338434,-0.19458920709379457,-0.4832135776276379,1
Lrrc3,-0.3067701245572432,-0.15819298871684662,-0.4649631132740898,2
Lrrc46,0.6371186817535479,-0.041489424111833983,0.5956292576417139,1
Lrrc4c,-0.36570413887126446,0.2126247841836897,-0.15307935468757475,2
Lrrcc1,-0.6381344113485623,-0.004639542784338424,-0.6427739541329007,1
Lrriq3,-0.7546610936083828,-0.015189703460114501,-0.7698507970684974,1
Lrrtm3,-1.3933493640753873,0.04711668927796242,-1.346232674797425,1
Lsamp,0.5701658160452611,-0.2466368990047103,0.32352891704055076,1
Lss,0.8404399106485222,0.01783397519999741,0.8582738858485196,1
Luzp2,-0.31055638621513093,-0.08958904636067111,-0.40014543257580204,2
Ly6e,0.3508869662310421,0.43707425048636783,0.7879612167174099,1
Ly6h,1.0356834395200714,-0.27121488883781264,0.7644685506822586,2
Ly75,-0.8971634623763372,-0.10973064086023254,-1.0068941032365697,1
Lypd6,-0.9852695569369685,-0.17911978441402654,-1.164389341350995,2
Lypd6b,-0.7663467283801539,-0.2954294691006367,-1.0617761974807907,2
Lyrm4,0.584133418509088,0.4289551872200889,1.0130886057291768,1
Lyrm5,-0.45617763119725296,-0.05201701247342427,-0.5081946436706772,1
Macrod2,-0.4316544494132444,-0.06325726481833627,-0.49491171423158065,1
Mad2l1,-0.673174992753319,-0.06776085603669557,-0.7409358487900146,1
Mageb18,-0.7100449010828934,1.7872384412959623,1.077193540213069,1
Magi1,-0.8526539123921475,0.1263717595246332,-0.7262821528675143,2
Magi3,-0.3628049349314706,-0.18596801138464691,-0.5487729463161175,1
Malrd1,-0.6895220535350874,0.8994705584210752,0.2099485048859877,1
Maml1,1.0353851404529377,-0.0734634090879116,0.9619217313650261,1
Man1a2,0.46781106995040034,0.6752649617276436,1.143076031678044,1
Mansc1,-0.47474529821664424,0.01239319804547856,-0.4623521001711657,1
Maoa,-0.21326192157830692,-0.5820084742743246,-0.7952703958526315,1
Map3k5,-0.4849104563166007,-0.18630123578285174,-0.6712116920994524,1
Map3k9,-0.26879784308352406,-0.1328085627164457,-0.40160640579996976,1
Map9,-0.6107905511208438,-0.054932217716087806,-0.6657227688369316,1
Mapk6,-0.6672608379159684,0.09085263301995217,-0.5764082048960162,1
Mapkapk2,0.5949337212067352,-0.32889029881766163,0.2660434223890735,1
March1,0.40586163383464124,-0.11370610505030854,0.2921555287843327,1
March3,0.7495632285357665,-0.48063772004626504,0.2689255084895015,1
Mas1,0.09715725054852853,0.605899112010198,0.7030563625587265,1
Mbd5,-0.8872107206244211,0.18352480794165338,-0.7036859126827677,1
Mbnl1,-0.4443946625924323,0.41752428584248236,-0.026870376749949965,2
Mboat1,-0.24750148041774933,-0.2414779429338485,-0.48897942335159783,1
Mctp1,-0.6024941530858325,-0.08557275932231656,-0.6880669124081491,1
Mcu,0.9548053954067537,0.6067798590209572,1.561585254427711,1
Mdga2,-0.049914496884060966,0.44355422237238107,0.39363972548832016,2
Mecom,-0.8144910502745659,-0.3845113137019134,-1.1990023639764793,2
Med24,1.4752343038022686,-0.4773500177653335,0.9978842860369351,1
Mef2a,-1.021921119052204,0.41722059441420356,-0.6047005246380004,1
Mef2c,-0.7036779383689046,-0.14797587017520886,-0.8516538085441134,2
Megf10,1.068914021597752,-0.15542192288858886,0.9134920987091633,1
Meis1,0.5127217679411668,-0.006859627446852479,0.5058621404943143,2
Meis2,-0.9318104045757278,0.05168521511089774,-0.8801251894648301,1
Mettl15,-0.5374854055494547,-0.07023169059461054,-0.6077170961440652,1
Mettl4,-0.6468301272691281,-0.05893564959767694,-0.7057657768668051,1
Mex3b,-0.29499755751597423,-0.07669172918647771,-0.37168928670245194,1
Mfap3l,-0.7556778077678388,0.05966296847324948,-0.6960148392945893,1
Mfsd4,0.16669184875698972,0.08913625187049634,0.25582810062748607,1
Mgat2,-0.4936806659515298,-0.14659204797665293,-0.6402727139281827,1
Mia3,-0.32298038098426307,-0.11999886541853844,-0.4429792464028015,1
Mib1,-0.8331624624734539,0.13342034063411923,-0.6997421218393347,1
Mical2,-0.21736038521729872,-0.1714635885300213,-0.38882397374732003,1
Mien1,0.394398883477181,0.02638833265972096,0.42078721613690195,1
Mipep,-0.5432772874422744,-0.02816429609919613,-0.5714415835414706,1
Mir133a-1,-0.8331624624734539,0.13342034063411923,-0.6997421218393347,1
Mir1938,-0.6131163691165176,-0.015031985204417175,-0.6281483543209347,1
Mir1966,0.3005712569323178,0.32607644554101967,0.6266477024733375,1
Mir1b,-0.8331624624734539,0.13342034063411923,-0.6997421218393347,1
Mir207,-0.3888986405626711,-0.09593922413099776,-0.48483786469366885,1
Mir5130,-0.731654705362383,-0.001224009112346991,-0.73287871447473,1
Mir698,0.6571675113697351,-0.15208330304537254,0.5050842083243625,1
Mir8102,-0.14629372673512275,-0.10787682144548238,-0.25417054818060514,1
Mkx,-0.43189253071693495,-0.30879888085625035,-0.7406914115731853,1
Mob2,1.377761199059558,-0.059933975979623355,1.3178272230799346,1
Morc1,0.030845980903538628,0.5262113146226485,0.5570572955261871,1
Mpc2,-0.6112285338762469,0.03216660645529146,-0.5790619274209554,1
Mplkip,-0.7169780711378868,0.012383708834714291,-0.7045943623031725,1
Mpp7,-0.7957090077225276,-0.013666817207759729,-0.8093758249302874,3
Mpped2,-0.6015043108224551,-0.005521765921915112,-0.6070260767443703,1
Mreg,0.6325475308163764,0.9934389081424915,1.6259864389588679,1
Mroh2a,0.4317683278068012,-0.008339930967437384,0.4234283968393638,3
Mrpl10,0.6371186817535479,-0.041489424111833983,0.5956292576417139,1
Msantd3,-0.5547997272518783,0.6407475565951781,0.08594782934329981,1
Msh3,-0.9310859782300327,0.06454376103582904,-0.8665422171942037,1
Msra,-0.4195927040466021,-0.13678971816540653,-0.5563824222120086,1
Mt2,-0.3228046992117881,-0.0913868602561494,-0.4141915594679375,1
Mthfd1,0.6034799704181977,-0.11520221121161822,0.48827775920657945,1
Mthfd1l,1.3918436403182786,-0.2718063734365146,1.120037266881764,1
Muc16,0.4091470070868342,0.5070800594140512,0.9162270665008854,1
Myb,-0.1971077732018085,-0.2877488932942047,-0.4848566664960132,1
Mylip,-0.42184230923956534,-0.009111123371088325,-0.43095343261065366,1
Myo18b,0.6863275862923675,0.009369802926756599,0.695697389219124,1
Myo1b,-0.5025296525732612,-0.1324289799143159,-0.6349586324875771,2
Myt1,0.47227361528756273,0.3460612504738929,0.8183348657614556,1
Myt1l,-0.5646191470325077,-0.2700801164674891,-0.8346992634999968,1
Mzt1,-0.6207608895556671,-0.05363338792079908,-0.6743942774764662,1
Naalad2,0.7206870568863953,0.3718282424129653,1.0925152992993608,2
Nampt,-0.6204786969644402,0.017935220614696767,-0.6025434763497435,1
Napepld,-0.5437167199112851,-0.07530527230760686,-0.619021992218892,1
Nat10,0.0833708569396967,0.3878814261649972,0.4712522831046939,1
Nav2,-0.7696663632445218,-0.43311579364430997,-1.2027821568888317,1
Nckap5,-0.6772032707602019,-0.21166603352759394,-0.8888693042877959,1
Ndufc2,-0.06249342667943614,-0.365741511926982,-0.42823493860641815,1
Negr1,-1.1131669139209817,0.19794708506485947,-0.9152198288561223,3
Nek7,-1.096412689351054,0.2419981628954968,-0.8544145264555572,1
Neurl1a,-0.7244442881079936,-0.07161636855402653,-0.7960606566620201,1
Neurl1b,0.13204470367297105,-0.49664135637203444,-0.3645966526990634,1
Nfam1,0.35767525266447453,0.312703134415353,0.6703783870798276,1
Nfya,-0.09517553033994286,-0.2595759547176728,-0.35475148505761567,1
Nhsl1,-0.4887785374057536,-0.14306201567247,-0.6318405530782236,1
Nin,-0.6794768604852224,0.13465427127492324,-0.5448225892102991,1
Nkain2,1.4516899028184858,0.23077877704137284,1.6824686798598587,1
Nkain3,-0.5761428261269239,-0.21316406602467342,-0.7893068921515973,1
Nkain4,1.0987396681681258,-0.5286638555516374,0.5700758126164883,1
Nlgn1,-0.7871561853299036,-0.1631958755183338,-0.9503520608482374,1
Nln,-0.6612745812402077,-0.004926300478453882,-0.6662008817186615,1
Nmt1,-0.27593929136012063,0.7683215752780821,0.49238228391796146,1
Nnt,-0.06982830589748601,0.4784019236031849,0.4085736177056989,1
Nol4,-0.5996059370430231,-0.014653900151899713,-0.6142598371949228,1
Nos1,1.3334827370878988,-0.2562637939424537,1.077218943145445,1
Nos1ap,-0.4510370670212325,-0.11070812045151968,-0.5617451874727521,1
Notch2,-0.4764059198794752,-0.3058867023371259,-0.7822926222166011,1
Npas2,1.0030895336319992,-0.28403108959578827,0.7190584440362109,2
Nphp1,-0.4039797850217446,-0.12719207439277413,-0.5311718594145187,1
Npnt,-0.8319859667805631,-0.16771037368794872,-0.9996963404685119,1
Nr2e1,0.45042263977605035,0.24362071355468262,0.694043353330733,1
Nr4a3,-0.4894010663267503,-0.054473461905033105,-0.5438745282317834,1
Nrcam,-0.6131148113572205,0.02884060194387361,-0.5842742094133468,1
Nrf1,-0.996181006443004,0.41422752230358795,-0.581953484139416,1
Nrg1,-1.114831474257183,-0.12871374422862414,-1.2435452184858071,1
Nrg2,1.4066670835158284,0.0007843168131785039,1.4074514003290068,1
Nrros,0.4393406342677816,0.6160004584952133,1.055341092762995,1
Nrsn2,0.8178522575325792,0.06128833647155396,0.8791405940041331,1
Ntm,0.46945195131477124,-0.1897734276910108,0.27967852362376044,1
Ntn1,1.7901527427184816,-0.6764582148436098,1.1136945278748718,1
Ntng2,0.49748467665462637,0.31054216312635874,0.8080268397809851,1
Ntrk2,0.8443971688871135,-0.14830397253997862,0.6960931963471348,1
Ntrk3,0.5222730189825125,0.0692902152301832,0.5915632342126957,2
Nudt18,-0.32943228695373716,-0.05023968620821839,-0.37967197316195556,1
Nudt19,0.2634861931313459,0.20179572067128548,0.4652819138026314,1
Nudt6,-0.6855914457499812,-0.07991265101819878,-0.76550409676818,2
Nxn,0.27395015280895807,0.17902681621838767,0.45297696902734574,1
Oard1,-0.09517553033994286,-0.2595759547176728,-0.35475148505761567,1
Obfc1,0.9324249032272516,-0.3498346688079408,0.5825902344193108,1
Obox5,5.21950753769068,1.5088968270125533,6.728404364703232,1
Ogfrl1,-0.7019943741090087,0.06022708105521257,-0.6417672930537961,1
Olfm3,-1.0781500218696967,0.2777501614552158,-0.8003998604144809,1
Olfr1105,-0.8412604296369999,-0.0387440473722489,-0.8800044770092488,1
Olfr1373,0.6959455888451662,0.07593741986366953,0.7718830087088357,1
Olfr360,2.879498071207685,1.7655595511766773,4.645057622384362,1
Olfr364-ps1,3.1863817725351566,0.6498700003045099,3.836251772839667,1
Olfr883,0.9492837409775576,-0.10270710609601849,0.8465766348815391,1
Olfr958,0.6123719399841205,-0.22777787175642517,0.3845940682276954,1
Ostm1,0.45042263977605035,0.24362071355468262,0.694043353330733,1
PCDHA4,1.2482119198239736,0.1512543113476783,1.3994662311716521,3
PCDHGB6,2.411942837650275,0.01066370066636424,2.4226065383166397,2
Pa2g4,-0.30827365536484574,-0.20577525675687447,-0.5140489121217202,1
Pag1,-0.05105515246338849,1.0999607918722225,1.0489056394088339,1
Paics,-0.41367987737875467,-0.10864497372422832,-0.522324851102983,1
Pak6,0.6909179755040953,0.009580399969711273,0.7004983754738066,1
Palld,-0.7288592466165548,-0.2488189412549523,-0.9776781878715071,2
Palmd,-0.9184007186192926,0.21724062465073501,-0.7011600939685576,1
Pantr1,-0.7805810157371194,0.690650767275093,-0.08993024846202635,1
Pard3,-0.9028115242008162,0.27233666525306893,-0.6304748589477474,1
Pard3b,-0.06133927058273125,-0.5355482644901556,-0.5968875350728868,1
Pard3bos1,-0.06133927058273125,-0.5355482644901556,-0.5968875350728868,1
Parp8,1.379424338940827,0.05918367426488147,1.4386080132057084,1
Pate2,0.946320760399259,0.46601671603915645,1.4123374764384156,4
Pate4,0.6225724024993619,0.5449251363011471,1.167497538800509,1
Pbx1,-0.7315092709645246,-0.025833349029134922,-0.7573426199936595,1
Pcca,-0.3513601259040735,-0.20846598103448777,-0.5598261069385613,1
Pcdh15,-0.7855396602983893,0.02554307127784868,-0.7599965890205406,3
Pcdh17,-0.5034931845515234,-0.4014159340062615,-0.9049091185577849,2
Pcdh7,-0.7706387857532242,0.0741020797602907,-0.6965367059929335,1
Pcdh9,-0.6916903846185605,-0.03304874658338086,-0.7247391312019413,1
Pcdhb12,0.44353017327629396,0.18312257704571566,0.6266527503220096,1
Pcdhga1,1.6505527930978137,0.13532017849865963,1.7858729715964734,2
Pcdhga2,1.6505527930978137,0.13532017849865963,1.7858729715964734,2
Pcdhga4,2.411942837650275,0.01066370066636424,2.4226065383166397,1
Pcdhga5,2.411942837650275,0.01066370066636424,2.4226065383166397,1
Pcdhga6,2.411942837650275,0.01066370066636424,2.4226065383166397,1
Pcdhga7,2.411942837650275,0.01066370066636424,2.4226065383166397,1
Pcdhgb1,2.411942837650275,0.01066370066636424,2.4226065383166397,1
Pcdhgb2,2.411942837650275,0.01066370066636424,2.4226065383166397,1
Pcdhgb4,2.411942837650275,0.01066370066636424,2.4226065383166397,1
Pcid2,0.4678040984227425,0.11968531522720283,0.5874894136499453,1
Pcsk2,-0.42906248289660986,-0.15476784371183339,-0.5838303266084433,1
Pcsk2os1,-0.42906248289660986,-0.15476784371183339,-0.5838303266084433,1
Pdcd10,-0.6775667099184046,-0.03572256968200538,-0.71328927960041,1
Pdcd6ip,-0.6938042908132802,0.21438505052366397,-0.47941924028961624,1
Pde1c,-0.6938917338301623,-0.2675597223225571,-0.9614514561527194,2
Pde5a,-0.34628639266540884,-0.33348731291450606,-0.6797737055799149,1
Pde6b,0.9247236843580614,-0.17127642896380446,0.7534472553942569,1
Pdlim5,-0.4773326718610029,-0.10501183954489335,-0.5823445114058963,1
Pdzrn3,-0.9211018896628937,0.3420777365562988,-0.5790241531065949,1
Peak1,0.3953717750735352,0.13944857004271366,0.5348203451162489,1
Peli2,-0.3704556368423013,0.05084643890196272,-0.3196091979403386,1
Pex12,-0.24229238346441817,-0.10696227621931587,-0.34925465968373404,1
Pex5l,-0.13027390206859124,-0.1299463859988026,-0.26022028806739383,1
Pfkfb2,-0.3921167593148591,-0.09197525380360005,-0.4840920131184592,1
Pfkfb3,-0.6052885403989041,0.28859130064169625,-0.31669723975720787,1
Pgbd5,-0.347414150685204,0.9043572503722839,0.5569430996870799,1
Pggt1b,-0.6913153561160517,-0.04321925853299424,-0.7345346146490459,1
Pgk1,-0.7742171296389833,0.03097667216430544,-0.7432404574746778,1
Phlpp1,-0.5946465590122818,-0.04283899069392394,-0.6374855497062057,1
Pi4kb,0.34927354568114977,-0.04769300410011912,0.30158054158103065,1
Pid1,0.26531123452569394,0.24817759767268033,0.5134888321983743,1
Pigb,0.22298417640811063,0.4361367622099317,0.6591209386180423,1
Pigk,1.105154009291632,-0.2700061071423676,0.8351479021492645,1
Pigu,0.8041773206345268,-0.2022427796481867,0.6019345409863401,1
Pik3ca,-0.53954196930877,-0.14214072333007355,-0.6816826926388435,1
Pik3r1,-0.4937894666108493,-0.19647980166604673,-0.690269268276896,2
Pip4k2b,-0.14629372673512275,-0.10787682144548238,-0.25417054818060514,1
Pkhd1,-0.8600212434735832,-0.0431152517765816,-0.9031364952501648,1
Pkp1,-0.8144159579127535,-0.07295976270945848,-0.8873757206222119,1
Pla2g4b,0.2109810687178122,-0.022335049596128975,0.18864601912168322,1
Plce1,1.0329895958713462,-0.277506397681826,0.7554831981895203,2
Plch1,-0.5107927535149746,-0.4355298420778142,-0.9463225955927888,1
Plcl1,-0.5281588096510781,0.44361034249127473,-0.08454846715980335,2
Plekha5,1.0156744449987314,1.044322069247733,2.0599965142464645,1
Plekha6,0.8421877589884227,-0.3388829218484203,0.5033048371400024,2
Plekhg1,-0.4653522707596882,-0.5915399425489691,-1.0568922133086573,1
Plod2,-0.6254166975524096,0.11278061958799279,-0.5126360779644168,1
Plp1,0.31535191700803555,0.2886384775805986,0.6039903945886341,1
Plxdc2,-0.6064406492258942,-0.11080623033128496,-0.7172468795571793,3
Plxna1,1.126075437107156,-0.09903971352595797,1.027035723581198,1
Plxna2,-0.8872466349148334,0.12362576162733196,-0.7636208732875014,1
Plxna4,0.40151561812919323,-0.0016767207729355693,0.39983889735625766,1
Pnkd,0.6576239407097454,0.4178296155004153,1.0754535562101608,1
Pnpo,-0.15757982272949267,-0.15490319442314648,-0.31248301715263915,1
Poc1a,0.11982334573980591,0.21959373004002547,0.3394170757798314,1
Podn,0.2173580113158824,0.1516435604433748,0.3690015717592572,1
Poli,0.6747021706515715,-0.03756585617480934,0.6371363144767621,1
Pou3f3,-0.7805810157371194,0.690650767275093,-0.08993024846202635,1
Pou3f4,-0.8956473300659966,0.030836320476960832,-0.8648110095890358,1
Pou6f2,-1.1315789180070834,0.46787575965569683,-0.6637031583513866,1
Ppat,-0.41367987737875467,-0.10864497372422832,-0.522324851102983,1
Ppm1a,-0.3899591801667679,-0.03587713875281029,-0.4258363189195782,1
Ppm1l,-0.5973379911654284,-0.040586350111089575,-0.637924341276518,2
Ppp1r15b,-0.06349386709013305,0.4764444784249948,0.4129506113348618,1
Ppp1r9a,-0.599759185352285,-0.2249628561470085,-0.8247220414992935,1
Ppp2r2b,-0.5786634553688907,-0.036828299147244614,-0.6154917545161354,1
Ppp2r5a,-0.38038038390084417,-0.09749404969268483,-0.477874433593529,1
Ppp3ca,-0.7730492391482628,0.09587696784225219,-0.6771722713060107,1
Ppp3r1,-0.4478491420095736,-0.11925341498478215,-0.5671025569943557,1
Prdx6,-0.45710255716088,-0.15171577032990768,-0.6088183274907877,1
Prkab2,-0.2608216271599195,-0.1501597197052904,-0.41098134686520993,1
Prkar1b,0.9252903905756587,-0.2846825721293529,0.6406078184463058,2
Prkcb,0.1443365401998311,-0.14630276789899055,-0.0019662276991594396,2
Prkd1,-0.4166129960571312,-0.3172914525703472,-0.7339044486274784,1
Prkg1,-0.37559803263833924,0.40347632276535084,0.027878290127011596,1
Prkg2,1.6334623459563535,-0.1743533824684581,1.4591089634878953,1
Prpf40a,-0.5175795649258719,-0.13936224082213666,-0.6569418057480085,1
Prrx1,-1.003292451895597,0.10294994672911684,-0.9003425051664802,1
Prss21,1.0233384441257019,0.4225871041520749,1.4459255482777769,1
Prtg,0.4709279431164586,0.03454073398508539,0.505468677101544,1
Prune2,0.4198495025447415,-0.09858790490134606,0.32126159764339546,1
Psd3,-0.9564288263561675,0.14263364820150426,-0.8137951781546633,1
Psmd3,0.19027457155877903,0.28306750438259676,0.4733420759413758,1
Ptchd2,1.1048465622797412,0.0481640178478,1.1530105801275412,1
Ptgs2,-0.7408607322592777,0.06730570705779249,-0.6735550252014852,1
Ptgs2os,-0.7408607322592777,0.06730570705779249,-0.6735550252014852,1
Ptp4a1,-0.6143053875271915,-0.10395298306326595,-0.7182583705904575,1
Ptplad1,0.5808097073020281,0.20222103241710498,0.7830307397191331,1
Ptprd,-0.9223159379515699,-0.011863771154414948,-0.9341797091059848,2
Ptprk,-0.9145985300027584,-0.006706969173795874,-0.9213054991765542,2
Ptprm,0.9533672281614592,-0.13739163529916854,0.8159755928622907,1
Ptprn2,0.5910813956578833,0.41975710035619906,1.0108384960140824,1
Ptpro,-0.38460841677896296,-0.11847988109382768,-0.5030882978727906,2
Purg,-0.5968628557528683,-0.05785287032081943,-0.6547157260736878,1
Pxdc1,0.5436123970133564,-0.027015466397796173,0.5165969306155602,1
Pygb,0.40717995084195424,0.06731474975717555,0.4744947005991298,1
Qdpr,-0.7265671956842521,-0.049067239953179076,-0.7756344356374312,1
Qrfpr,-0.8152321927421724,0.10720637594517957,-0.7080258167969928,1
R3hcc1l,1.1566049749679927,0.045024310315922356,1.2016292852839152,1
RP23-140E19.3,0.19819703867759442,0.08221060980994199,0.2804076484875364,1
RP23-152E3.1,0.2571833536525916,0.11096480486327698,0.3681481585158686,1
RP23-152I6.2,1.4627572986226338,-0.4174304262255839,1.04532687239705,1
RP23-161O8.1,0.44353017327629396,0.18312257704571566,0.6266527503220096,1
RP23-161O8.2,0.44353017327629396,0.18312257704571566,0.6266527503220096,1
RP23-182B7.1,-1.1362601970900035,0.32639611431836224,-0.8098640827716412,1
RP23-298I7.2,-0.6254166975524096,0.11278061958799279,-0.5126360779644168,1
RP23-390C13.3,-0.7380599078174122,-0.06126608058350236,-0.7993259884009145,1
RP23-407E2.5,1.2482119198239736,0.1512543113476783,1.3994662311716521,3
RP23-407E2.6,1.2482119198239736,0.1512543113476783,1.3994662311716521,3
RP23-56B11.8,2.411942837650275,0.01066370066636424,2.4226065383166397,1
RP24-142E6.2,0.4969462058653724,0.19310309305475948,0.6900492989201319,2
RP24-142E6.3,0.7552772212836373,0.23062337302630587,0.9859005943099431,1
RP24-253I2.1,-0.6567497957046662,0.06297164359841112,-0.5937781521062551,1
RP24-324H23.3,-0.13027390206859124,-0.1299463859988026,-0.26022028806739383,1
RP24-347B22.2,-1.3646474366100567,0.37741080966806506,-0.9872366269419917,1
RP24-372I24.4,-0.5643986634024607,-0.029364313361033734,-0.5937629767634944,1
RP24-95D6.2,-0.7546610936083828,-0.015189703460114501,-0.7698507970684974,1
Rab11fip3,0.5381591838745959,0.8200507434341078,1.3582099273087036,1
Rab30,-0.471654359601262,-0.007864734488965519,-0.4795190940902275,1
Rabgap1l,0.7459370753793876,-0.11855662914255427,0.6273804462368333,1
Rad21l,1.2772838760632332,0.03202374196624558,1.309307618029479,1
Rad52,0.09671163056588616,0.19931848736392999,0.29603011792981615,1
Rad54l2,1.5283456401336144,-0.12186936318086589,1.4064762769527483,1
Ranbp17,-0.3646500151649277,-0.15412738429995176,-0.5187773994648794,1
Rap2b,-0.7380599078174122,-0.06126608058350236,-0.7993259884009145,1
Rapgef2,-0.6567497957046662,0.06297164359841112,-0.5937781521062551,1
Rasgrf1,0.36719084855575357,-0.07094341711168717,0.2962474314440664,1
Rasgrp1,-0.7508084308141965,-0.03305175346007161,-0.7838601842742681,1
Rbfox3,1.116842846590922,-0.1750350192220289,0.9418078273688929,1
Rcan1,0.4436484757805912,0.4568321349833968,0.900480610763988,1
Reep3,-0.48500850784304017,0.012779536043116657,-0.4722289717999235,1
Reln,0.632368704870497,-0.29395894872759454,0.3384097561429024,1
Rev1,-0.3300528616378955,-0.20904425572760132,-0.5390971173654968,1
Rffl,0.6290018537846707,0.06644329395111104,0.6954451477357817,1
Rgs6,-0.5505551873586905,0.21545996153734137,-0.3350952258213491,1
Rhbdd3,0.12995938163836446,-0.5886596009442036,-0.4587002193058391,1
Rhob,-0.5406411835994025,-0.11611328572345037,-0.6567544693228529,2
Rhobtb1,-0.2407487477944593,0.027739794969790992,-0.21300895282466828,3
Rhobtb3,-0.6138343705445034,-0.03231777821143855,-0.646152148755942,1
Rhpn2,-0.06614913178203619,-0.25102793746074026,-0.31717706924277644,1
Rims1,-0.4762118836994329,-0.04873891104076966,-0.5249507947402026,1
Rims3,0.43127116780134345,0.18769226433599673,0.6189634321373402,2
Rims4,0.3543489477247723,0.05919174240787539,0.4135406901326477,1
Rin2,0.2087277061694357,0.4325616715405578,0.6412893777099935,1
Ripk2,-0.7289124524137991,-0.021036696583840886,-0.74994914899764,1
Rmst,-0.8350906623660191,0.2030136988153669,-0.6320769635506522,1
Rnf125,0.614895672291397,-0.19616826523515052,0.4187274070562465,1
Rnf138,-0.695619200776787,-0.021751513781484988,-0.717370714558272,1
Rnf152,-1.0662670303565682,0.15412794671191055,-0.9121390836446577,1
Rnf20,-0.43191749842740634,-0.14769204526084856,-0.5796095436882549,1
Rnf216,0.4019999064887194,0.580450088143921,0.9824499946326404,1
Rnf38,0.8896146301161276,0.21388842089361226,1.1035030510097399,1
Rnft1,-0.497218488269465,-0.057776247380013857,-0.5549947356494789,1
Rnft2,1.0776896151531585,-0.2375729384865144,0.8401166766666441,1
Rpl30,-0.4527085219299165,-0.1289457684669686,-0.5816542903968851,1
Rpl36a,-0.4996299322803548,-0.28589234323792123,-0.785522275518276,1
Rpl36al,-0.4936806659515298,-0.14659204797665293,-0.6402727139281827,1
Rps29,-0.5895346389379501,-0.12706400701460296,-0.7165986459525531,1
Rps6ka3,-0.8657124160437789,-0.09617447628102072,-0.9618868923247996,1
Rps6ka5,-0.4444736460165135,1.1155110249598372,0.6710373789433237,1
Rrbp1,-0.47585434815098804,-0.03559291024665079,-0.5114472583976388,1
Rtn4,-0.4908205066275775,-0.14310015693902756,-0.633920663566605,1
Rundc3b,-0.7110478785186771,-0.03640864039659064,-0.7474565189152678,2
Runx1t1,-0.6724253280094064,-0.07352674838871431,-0.7459520763981207,1
Rxra,0.5751398518447957,-0.09981098235914132,0.47532886948565434,1
Ryr2,0.15473625556938808,0.7879621498106357,0.9426984053800238,1
SCHIP1,-0.1929592612590545,-0.35294609451774583,-0.5459053557768003,1
Sall2,0.3484068502936599,0.28048993833656866,0.6288967886302286,1
Sap130,-0.662866998061741,-0.044645481116703856,-0.7075124791784448,1
Sash1,-0.8473655386807653,0.2511758113449081,-0.5961897273358572,1
Scaf11,-0.2715649144874863,-0.11988467998318963,-0.39144959447067595,1
Scai,-0.4555041089218044,-0.14171677471130373,-0.5972208836331081,1
Scfd1,-0.7136271498943596,-0.2810198930210738,-0.9946470429154334,1
Schip1,-0.1929592612590545,-0.35294609451774583,-0.5459053557768003,1
Sclt1,0.10757177154479725,0.2135130143983337,0.32108478594313095,1
Scp2,0.2173580113158824,0.1516435604433748,0.3690015717592572,1
Sdcbp2,0.7066114186168537,-0.20734365134461452,0.4992677672722392,1
Sdccag8,-0.5515247405105523,-0.19486324928376386,-0.7463879897943162,1
Sdk1,-0.3466183137703023,-0.12280831215838539,-0.46942662592868767,1
Selk,-0.32750268713788433,-0.19259807687073627,-0.5201007640086206,1
Sema3c,-1.6196962430325768,0.387881426133618,-1.2318148168989587,1
Sema3e,-0.9118817672976419,-0.3099989599784066,-1.2218807272760486,1
Sema5a,0.4741168169266554,0.5152677195408972,0.9893845364675526,1
Sema6a,-0.5241967227633273,-0.2887223003783923,-0.8129190231417196,1
Sema6d,-0.7460275467505705,-0.0339284986161976,-0.7799560453667681,6
Sepsecs,0.17614288779763823,1.1223748072067625,1.2985176950044006,1
Serpinb12,-0.8221516066595201,-0.3778143442066168,-1.1999659508661369,1
Serpini1,-0.6775667099184046,-0.03572256968200538,-0.71328927960041,1
Setd7,0.2965297144880643,0.11171463543883187,0.4082443499268962,1
Sez6l,0.3666882549114989,0.0707757147491086,0.4374639696606075,1
Sft2d1,1.1048465622897088,0.014075127270009702,1.1189216895597185,1
Sgcd,-0.03524258978307332,0.3299707064469355,0.2947281166638621,2
Sgce,0.6630707423028067,0.1369633066494434,0.8000340489522502,1
Sgcz,-0.921458117984867,-0.1204607603003911,-1.0419188782852582,2
Sgk1,-0.6111769281455599,-0.03400084801484571,-0.6451777761604056,1
Sgtb,-0.6612745812402077,-0.004926300478453882,-0.6662008817186615,1
Sh3bp4,-0.24185742341564298,0.602327732799727,0.360470309384084,1
Sh3pxd2a,0.4778558699095954,0.19489751509175157,0.672753385001347,1
Shank2,0.4872466005702769,0.014653653925110088,0.501900254495387,1
Shb,-0.3032328394476047,-0.163130488395554,-0.4663633278431587,1
Shc3,-0.3830766463037576,-0.3160324368703762,-0.6991090831741338,1
Shisa6,0.9242743166151377,0.17934823651740162,1.1036225531325392,1
Shoc2,-0.8489459446543697,0.38271972103322033,-0.4662262236211493,1
Sipa1l1,-0.302202295418291,-0.11098227342839717,-0.4131845688466882,1
Sirpa,0.8525728513217949,-0.15034979537791027,0.7022230559438847,1
Six4,0.7089178859606655,0.19007464311128108,0.8989925290719467,1
Slc10a7,-0.7691222624963501,-0.18148421948143656,-0.9506064819777866,1
Slc13a1,-1.7915199878966777,0.4795812602549835,-1.3119387276416943,1
Slc16a12,-1.0761972292736512,0.18907865063934304,-0.8871185786343081,1
Slc16a2,1.2801762451939578,-0.3430032384106574,0.9371730067833004,1
Slc16a7,0.3002873727686318,0.24377566294423747,0.5440630357128693,1
Slc1a6,0.35787735326904135,0.06824392987962646,0.4261212831486678,1
Slc22a16,-0.9708869862603751,0.285494208179826,-0.6853927780805491,1
Slc24a3,-0.35888642944094273,-0.6088680390700233,-0.967754468510966,1
Slc25a12,0.6083190475268476,-0.2617178765036847,0.3466011710231629,1
Slc25a13,0.45583314056853275,0.10673732667173619,0.5625704672402689,1
Slc25a21,-1.1681047939921667,0.19417904144192377,-0.9739257525502428,1
Slc25a4,-0.5634986520896508,-0.052925245127181775,-0.6164238972168326,1
Slc28a3,0.33746102029141367,-0.002418115225030437,0.33504290506638323,1
Slc29a1,0.44985333204918776,-0.016508828898392558,0.4333445031507952,1
Slc2a12,-0.9266170358160326,0.12903241314197572,-0.7975846226740568,2
Slc2a13,0.4560946004330404,0.2654716017358838,0.7215662021689242,1
Slc35f1,-0.5425906658886167,-0.16458822035983964,-0.7071788862484564,3
Slc43a2,0.6604974973363857,0.03767956623699309,0.6981770635733788,1
Slc44a5,0.25408397910094027,0.31477039055286726,0.5688543696538075,1
Slc5a4a,0.7606365227548104,-0.24042072419572125,0.5202157985590892,1
Slit2,-0.6753915817630634,-0.009194319901770776,-0.6845859016648341,1
Slitrk3,-0.9038160366838968,-0.021107695797335513,-0.9249237324812323,1
Slitrk6,-0.8754137904278498,-0.021844446983654953,-0.8972582374115048,1
Smarca2,0.8948392876569644,-0.304523829934922,0.5903154577220424,1
Smarcal1,0.2435068642129149,0.05630930497321107,0.29981616918612597,1
Smim15,0.06320582734996139,0.24099161144847203,0.3041974387984334,1
Smim3,-0.4669164406073816,-0.08615926046405908,-0.5530757010714407,1
Smr2,-0.409339711144896,0.5501076571355332,0.14076794599063724,1
Snrpd3,-0.36790643477608853,-0.019651366377199775,-0.3875578011532883,1
Sntb2,0.5220866498755848,0.2039468176952044,0.7260334675707892,1
Socs6,-0.8958435572197221,-0.06077035369852485,-0.9566139109182469,1
Soga1,0.4488009635588748,-0.10608276973303221,0.34271819382584257,1
Sorbs2,-0.5365809962339956,-0.22468016877048425,-0.7612611650044798,1
Sox5,1.4990347118592262,0.6345164045258431,2.1335511163850693,1
Spata13,0.788152023284192,0.2242903584461695,1.0124423817303616,1
Spata5,-0.721283214245001,-0.0198977282363888,-0.7411809424813898,1
Spdl1,1.1133081409746821,0.10398123247630886,1.217289373450991,1
Spidr,-0.39560011940591044,-0.060020707002769846,-0.4556208264086803,1
Spink8,0.21146126059418657,0.1108363838027766,0.3222976443969632,1
Spock3,-0.7770927559053288,-0.06692702901638499,-0.8440197849217139,5
Spred1,-0.4021134263674089,-0.07620960005788957,-0.47832302642529845,1
Spred2,-0.6157163091808568,0.06756642270711932,-0.5481498864737375,1
Spry2,-0.28791633387791404,0.13289903035401385,-0.1550173035239002,2
Spryd7,-0.5453262715023168,0.03908548998083283,-0.506240781521484,1
Sptb,0.6803487338050087,-0.1433490905997945,0.5369996432052142,1
Sptbn1,-0.6123662502395169,-0.0678653568926304,-0.6802316071321473,1
Src,0.559957979223412,-0.012325607530771165,0.5476323716926408,1
Srfbp1,-0.8174291964527312,-0.1274075467310145,-0.9448367431837457,1
Srgap2,-0.5641769322271877,-0.10735888984377429,-0.671535822070962,1
Srgap3,0.49839241826307346,-0.15482858748513095,0.3435638307779425,1
Sstr3,0.5736927975694177,0.3881536071045155,0.9618464046739332,1
St3gal3,0.012610058346100406,-0.488724243621,-0.47611418527489957,1
St6gal1,0.543497865588026,0.18768012797649325,0.7311779935645193,1
St6galnac5,1.105154009291632,-0.2700061071423676,0.8351479021492645,1
St7,-0.09658514105943598,0.22500645105742142,0.12842130999798543,3
St8sia6,-0.8451127551352484,-0.14007395856623495,-0.9851867137014834,1
Stard3,0.838496567434298,0.380966749945459,1.2194633173797569,1
Stat1,-0.5259941938439332,-0.12270711656209432,-0.6487013104060275,1
Stk24,0.6923021256364694,-0.20470939257724696,0.48759273305922246,1
Stk32c,0.8772407828002933,0.08969057492866772,0.966931357728961,1
Ston2,-0.3695355250534722,-0.18471389408547756,-0.5542494191389498,1
Stpg2,-0.8317874535508274,0.2555277046068887,-0.5762597489439387,1
Stx16,0.6372800118985231,-0.013017222254494198,0.6242627896440289,1
Sugct,-0.7169780711378868,0.012383708834714291,-0.7045943623031725,1
Sulf2,-0.30518360395271227,-0.4748420853467361,-0.7800256892994484,1
Sun2,1.0847037308141707,0.3833095834813962,1.468013314295567,1
Suv420h2,-0.2381871655485952,-0.12245475376210724,-0.36064191931070244,1
Sybu,-0.4602495963444886,-0.20698381264372978,-0.6672334089882184,1
Syne1,-1.8702052594235925,1.380649462065693,-0.48955579735789945,1
Synpo,0.2653112345365487,0.1010038941629392,0.3663151286994879,1
T2,1.1048465622897088,0.014075127270009702,1.1189216895597185,1
TTC14,-0.45128486529678113,-0.018856749879569534,-0.47014161517635067,1
Taf4b,0.5947645279153393,0.9418807532366344,1.5366452811519737,1
Tasp1,-0.404198657064609,-0.22489962304422217,-0.6290982801088312,1
Tbc1d4,-0.5690297706579588,-0.36052224407105604,-0.9295520147290148,1
Tbck,-0.794713536495138,-0.10795518406120463,-0.9026687205563426,1
Tcerg1l,1.787263937467217,-0.36094052564388435,1.4263234118233328,1
Tcf12,0.7065802753419814,0.010368620887013291,0.7169488962289947,1
Tcp10c,1.2534371341129322,0.2408377567886687,1.4942748909016008,1
Tcte2,1.0232995942410923,0.3883724173325648,1.4116720115736572,5
Tekt1,0.4531263948702928,0.18630682943158927,0.6394332243018821,1
Tenm3,-0.6541864895834145,-0.3384825890150043,-0.9926690785984188,11
Tet2,-0.5460338355943151,-0.09142312128331298,-0.637456956877628,1
Tgds,-0.8733565547684554,-0.06064145939974219,-0.9339980141681976,1
Tgfbr1,0.5055743326884299,0.1229604472582273,0.6285347799466572,1
Thrb,1.2791134705978071,-0.43655344809185226,0.8425600225059549,1
Thsd7a,-0.6844822146253904,0.0549710031885553,-0.6295112114368351,1
Thsd7b,0.49479308064429606,-0.18118116412145624,0.3136119165228398,1
Tiam1,-0.48886364963189766,-0.058921929307565124,-0.5477855789394628,1
Tigd2,0.6883097308508539,-0.19602479990475707,0.4922849309460968,1
Tle1,-0.3181579670903649,0.5972481432009817,0.2790901761106168,1
Tma7,0.3383644931815166,0.40391882985457883,0.7422833230360955,1
Tmcc3,1.2322047120625848,-0.06894559011404566,1.163259121948539,1
Tmeff2,-0.8531841744371418,0.07934543418774975,-0.773838740249392,1
Tmem108,0.6211397360302633,-0.21942579132405027,0.401713944706213,1
Tmem135,-0.206757209770847,-0.16508398133005464,-0.37184119110090164,1
Tmem170,0.30693032373064444,0.15079949438324936,0.4577298181138938,1
Tmem200a,-0.29944197794891236,-0.021703325891659464,-0.3211453038405718,1
Tmem255a,2.2044400647824256,-0.44818546693763917,1.7562545978447865,1
Tmem63c,-0.6227458234236751,0.06209414729041063,-0.5606516761332645,1
Tmem64,-0.7219679677070627,0.025645629434885464,-0.6963223382721773,1
Tmigd1,0.5194947227874627,-0.19916338672192824,0.32033133606553443,1
Tmprss11d,1.0166321215606942,-0.2630224097001664,0.7536097118605278,1
Tmtc2,-0.6824893799381635,0.024966657977803397,-0.6575227219603601,1
Tnik,0.9694210005087704,-0.45475931355739885,0.5146616869513716,1
Tnr,0.6453422839202448,0.42757395681574284,1.0729162407359878,1
Tnrc18,0.5091850234552129,-0.16660286833692828,0.3425821551182846,1
Tnxa,0.25944263645036036,0.04925678313689197,0.30869941958725233,1
Tob1,-0.38676546203564577,-0.1824018671657459,-0.5691673292013917,1
Tpd52l1,-0.49237180212968745,0.020149641679772845,-0.4722221604499146,1
Tpst2,-0.17350001066844145,-0.4093214831927505,-0.582821493861192,1
Tpt1,-0.43566039196130735,-0.0689999806471242,-0.5046603726084316,1
Trabd2b,0.1839518942475793,0.17848340332997847,0.36243529757755777,2
Traf3ip2,-0.622086745188497,-0.08567914998752801,-0.7077658951760251,1
Traf6,0.8517286476892909,0.21789801147577892,1.0696266591650698,1
Trhde,-1.0038294459665373,0.2982234469712137,-0.7056059989953236,1
Trib2,-0.5923784969343471,-0.029845876856607667,-0.6222243737909547,1
Trp53bp2,1.071819756148845,-0.7345557755022492,0.3372639806465958,1
Trpm5,-0.15548283045197042,-0.10822179997689574,-0.26370463042886616,1
Trpm8,1.0924746376168795,0.08427997909671903,1.1767546167135985,1
Tsc22d1,-0.5241378674019113,-0.05376448307958315,-0.5779023504814944,2
Tshz3,0.5830565443381274,0.20560985304527493,0.7886663973834023,3
Tspan17,0.6054302614195428,0.0440528282057957,0.6494830896253385,1
Tspan33,0.03993495476670317,0.23655576794639543,0.2764907227130986,1
Tspan9,0.6214418850280298,-0.1989161499773818,0.422525735050648,3
Tssc4,-0.15548283045197042,-0.10822179997689574,-0.26370463042886616,1
Tsx,-1.0283565407026605,0.817380463241613,-0.2109760774610474,1
Ttc14,-0.45128486529678113,-0.018856749879569534,-0.47014161517635067,1
Ttc23l,-0.9927263957042497,0.2034690337314351,-0.7892573619728146,2
Ttc6,-1.2326679645458771,0.39037329359273265,-0.8422946709531445,1
Ttf1,1.0229503968958689,-0.006485484822923437,1.0164649120729452,1
Ttl,-0.33102605603630675,-0.05004936960256812,-0.38107542563887487,1
Ttll9,0.3751888523090563,0.11325904607012305,0.48844789837917935,1
Ttn,-0.3979973178845826,-0.20551049348158568,-0.6035078113661683,1
Tubb6,-0.6000392387207001,-0.008705220991252371,-0.6087444597119525,1
Txnip,-0.5221241474528351,-0.2780555424178339,-0.800179689870669,1
Tyrp1,0.1250507945584607,0.48054336701782474,0.6055941615762854,1
Ube2cbp,-0.8326025219536182,-0.05470435300133214,-0.8873068749549503,1
Ube2d3,-0.7141707656307821,0.007011172221054629,-0.7071595934097274,1
Ube2n,-0.571511429611415,-0.1340575406590716,-0.7055689702704866,1
Ube3a,-1.1259526562351736,0.11247842636571193,-1.0134742298694617,1
Ubr3,-0.2882744627086047,-0.1779249843640769,-0.46619944707268157,1
Ubxn10,0.6030560348729366,0.07742444702993279,0.6804804819028694,1
Ugt2a1,-1.1217118885196489,0.020149641678995023,-1.1015622468406538,1
Uhrf1bp1,0.30007665269781025,0.023009295819051978,0.32308594851686223,1
Unc13c,-0.7249195255856552,0.4530565528775796,-0.2718629727080756,2
Uqcrq,0.025602535213435473,-0.3258988141155905,-0.30029627890215504,1
Urb1,1.3918436403182786,-0.18038334567992587,1.2114602946383526,1
Usp13,-0.18720097014974035,-0.4795850221578719,-0.6667859923076123,1
Usp15,0.13581899490699012,0.13280744244689702,0.26862643735388714,1
Usp33,0.7678115749440833,0.23646754857944308,1.0042791235235264,1
Usp38,-0.5313378224021434,-0.038217282884358106,-0.5695551052865016,1
Usp53,-0.545927122000549,-0.03591134463540424,-0.5818384666359533,1
Usp6nl,0.6429251941375522,-0.33049727032208054,0.3124279238154717,1
Vasn,0.7058838259109155,-0.04053339412023993,0.6653504317906755,1
Vegfc,-0.48130452965122217,-0.04927175927655858,-0.5305762889277807,1
Vgll2,-0.5320365141440178,-0.23360695055681013,-0.7656434647008279,1
Vil1,0.5835823057907599,0.3753777457093408,0.9589600515001007,1
Vmn1r199,-0.8044982319787777,-0.04841464480197999,-0.8529128767807577,1
Vmn1r234,1.5491042001176052,0.7046478158668592,2.2537520159844644,1
Vps54,-1.0194777239141772,0.21030172601180164,-0.8091759979023756,1
Vps8,0.7688096345989193,-0.13785219238114266,0.6309574422177766,1
Vwc2,0.6729692033428729,0.6559933113339573,1.3289625146768302,1
Vwf,0.8887478829861435,0.31654264443902547,1.2052905274251688,1
Wasf1,-0.6243202565279455,-0.07083739749379125,-0.6951576540217368,2
Wdfy2,0.6992077610228449,0.1627540371144256,0.8619617981372705,1
Wdfy3,0.32831291641581983,0.21904429409019532,0.5473572105060152,2
Wdfy4,-0.2886243705338434,-0.19458920709379457,-0.4832135776276379,1
Wdr17,-0.3919286418025789,0.06271942181830521,-0.3292092199842737,3
Wdr25,1.307131410179496,-0.5042713170894619,0.802860093090034,1
Wfdc5,0.37416946237218474,-0.03325298159375212,0.3409164807784326,1
Wipi1,-0.40293907986793176,-0.1720510058917677,-0.5749900857596995,1
Wnt3a,1.5114718215875806,0.005935782459993572,1.5174076040475741,1
Wrn,-0.5968628557528683,-0.05785287032081943,-0.6547157260736878,1
Wwox,0.4120029349903536,0.33157216476374496,0.7435750997540985,3
Xkr4,0.4155426407088457,0.24505110037826613,0.6605937410871119,2
Xpo1,-0.6402904148004032,-0.010849855013903564,-0.6511402698143067,1
Yod1,-0.3921167593148591,-0.09197525380360005,-0.4840920131184592,1
Ypel4,-0.5182152653761549,-0.10223697099754059,-0.6204522363736955,1
Ywhab,-0.32984703327933795,-0.11428757901997955,-0.4441346122993175,1
Ywhae,0.8001186583429694,-0.34935068612183673,0.45076797222113263,1
Zbbx,-0.9199345661624878,-0.032127637185865865,-0.9520622033483537,1
Zbtb18,-0.4518231877005636,-0.10971478306666516,-0.5615379707672288,1
Zbtb20,0.669417912055207,-0.22352574288816152,0.44589216916704544,2
Zc2hc1b,0.6441663974984213,-0.22242066158896456,0.42174573590945674,1
Zcchc14,1.387425302867971,0.2319595116714308,1.6193848145394019,1
Zeb2,-0.792545414776523,-0.023704647909021936,-0.8162500626855449,1
Zeb2os,-0.792545414776523,-0.023704647909021936,-0.8162500626855449,1
Zfp106,1.4688446283399887,0.3869319723135124,1.8557766006535013,1
Zfp219,0.04771979946921512,0.2463713818917479,0.294091181360963,1
Zfp277,-0.6524642060565045,-0.023198902748661432,-0.6756631088051659,1
Zfp407,0.5031750646210398,0.025908910968005072,0.5290839755890449,1
Zfp423,-0.7983488932666152,0.10608949487904984,-0.6922593983875653,1
Zfp608,0.2079780594638866,0.3498550871412702,0.5578331466051568,1
Zfp687,0.34927354568114977,-0.04769300410011912,0.30158054158103065,1
Zfp711,-0.6956466647212243,-0.1246089133791779,-0.8202555781004022,1
Zfp804a,-0.3086051755550056,0.15724449650329897,-0.15136067905170664,4
Zfp831,0.34460014433852226,-0.06731319956855986,0.2772869447699624,1
Zfp85,0.5950166799879215,-0.01916328234373932,0.5758533976441822,1
Zfp85os,0.5950166799879215,-0.01916328234373932,0.5758533976441822,1
Zfp91,0.13260869705471823,0.16590833198952648,0.2985170290442447,1
Zfyve28,0.7884119090283959,0.11521072883875316,0.903622637867149,1
Zhx2,0.3460722464970354,0.12381320085087166,0.46988544734790705,1
Zhx3,-0.24561069928269896,-0.08992474971900011,-0.33553544900169907,1
n-R5-8s1,1.0871657262756476,0.23427444703039457,1.3214401733060421,1
