,preds,labels,genes
0,2,2,Nrg1
1,2,2,Camk2d
2,1,2,Meg3
3,2,0,Zbtb20
4,2,0,Gm15738
5,2,2,Unc5d
6,2,0,Cacna1c
7,0,2,Kcnq1ot1
8,1,0,Ahcyl2
9,0,0,Atp1b1
10,1,0,Tspan18
11,2,1,Erc2
12,1,0,Cdh9
13,0,0,Rasal2
14,1,0,Il1rap
15,0,0,Atp6v0c
16,0,0,Tmsb4x
17,2,0,Tenm1
18,1,1,Gabrb3
19,0,0,Rpl13
20,1,0,Osbp2
21,2,1,Lrrtm4
22,1,0,Ksr1
23,1,0,Pip5k1b
24,2,0,Nkain3
25,2,0,Lpp
26,2,2,Cdh18
27,1,0,Eml6
28,0,0,Sipa1l2
29,0,1,St6galnac3
30,1,0,Prnp
31,2,1,Slit3
32,1,0,Sacs
33,0,0,Dgkh
34,1,2,Elavl3
35,1,2,Pcsk2
36,0,0,Rps3a1
37,2,1,Epha6
38,1,0,Calb1
39,0,0,Pcdh20
40,1,1,Rbm39
41,1,0,Dyrk1a
42,1,0,Gm13269
43,1,0,Slc15a2
44,0,0,Cox4i1
45,0,0,Tspan5
46,1,0,Golm1
47,1,0,Kcnab2
48,0,0,Rerg
49,1,1,Syt7
50,1,1,Gpm6a
51,1,2,Ankhd1
52,1,0,Rnf19a
53,1,0,Adamts3
54,1,1,Cnot2
55,2,0,Il1rapl2
56,0,1,Slc2a13
57,1,0,Ppp1r14c
58,0,1,Csrnp3
59,1,1,Ash1l
60,2,1,Gtdc1
61,0,1,Cacna1a
62,1,0,Stk32c
63,0,2,Upp2
64,1,0,Lrrn1
65,1,0,Ppm1l
66,0,0,Mrfap1
67,0,2,Rbm5
68,1,1,Abr
69,2,0,Arhgef28
70,2,0,Maml3
71,2,1,Fars2
72,1,0,Gabra5
73,1,0,Ncor2
74,0,0,Nrgn
75,1,0,Orai2
76,1,1,Gnaq
77,1,0,Gm9968
78,1,0,Hsp90aa1
79,1,0,Hpca
80,1,1,Gpatch8
81,0,0,Rpl7
82,0,0,Trim35
83,1,2,Lin28b
84,0,0,Rpl41
85,1,1,Ccnt2
86,0,0,Atp6v0b
87,1,0,Elmo2
88,0,1,Edil3
89,2,1,Vti1a
90,1,1,Pcnx
91,1,1,Nfasc
92,1,1,Cdh2
93,1,0,2610035D17Rik
94,1,0,Gfod1
95,1,0,Lars2
96,1,1,Mllt10
97,0,0,Arl6ip1
98,1,1,Mark2
99,0,0,Ncdn
100,0,1,Tnrc6a
101,1,1,Tspan7
102,0,0,Mlip
103,0,0,Tpt1
104,1,0,Cabin1
105,1,2,Ulk2
106,1,1,Klhdc10
107,1,1,Atp6v0a1
108,0,1,Kcnh1
109,2,1,Frmd4a
110,0,0,Cck
111,2,1,Lingo2
112,0,0,Fau
113,1,1,Mef2a
114,2,0,Fnip2
115,1,1,Chd9
116,1,1,Xpr1
117,1,0,Wasl
118,0,1,Kcnab1
119,0,0,Scg2
120,1,1,Susd4
121,2,0,Pcdh19
122,0,0,Tomm20
123,1,0,Fam118b
124,0,0,Rpl18
125,2,2,Hecw2
126,1,1,Kdm2a
127,0,0,Cdkl5
128,2,0,Nhsl2
129,0,1,Macf1
130,1,1,Hmbox1
131,1,1,Frrs1l
132,1,1,Kidins220
133,1,1,Crebbp
134,0,0,Mid1
135,1,0,Il16
136,1,1,Gprasp1
137,1,1,Apba2
138,0,0,Rpl23
139,2,0,Mast4
140,1,1,Lrrc7
141,1,0,Tmem30a
142,0,0,Eid1
143,0,0,Rpl18a
144,0,0,Kcna1
145,1,0,Neurl1a
146,0,0,Rac1
147,2,0,Ctnna3
148,1,1,Ppp1r12b
149,0,2,Srsf5
150,1,1,Zzz3
151,2,1,Snd1
152,1,1,Sez6l
153,1,1,Atxn10
154,1,1,Fbxl20
155,0,2,Nr6a1
156,1,0,Lrrn3
157,1,1,Pkia
158,1,1,Atp6v1h
159,2,0,Fgf13
160,1,2,Srrm3
161,1,1,Mib1
162,0,0,Rps6ka2
163,0,0,Mpp6
164,1,0,Ric1
165,1,1,Arhgap32
166,0,1,Smarca2
167,1,2,Slc25a23
168,0,1,Tmem135
169,0,1,Ap3b1
170,1,0,Lrrc8b
171,1,1,Sipa1l3
172,2,0,Sema3e
173,0,0,Nlgn3
174,1,0,Agpat4
175,1,0,Inf2
176,1,0,Robo3
177,1,1,Rtn4
178,0,1,Brinp1
179,1,1,Casc4
180,0,1,Lrrtm3
181,1,1,Dnajc13
182,2,1,Rora
183,0,0,Prr7
184,1,1,Homer1
185,1,1,Chst1
186,2,0,Il1r1
187,1,1,Cpd
188,2,1,Ubash3b
189,2,1,Jarid2
190,1,1,Kif5c
191,0,0,Kpnb1
192,2,1,Pitpnc1
193,1,1,Tmod2
194,2,0,Grik3
195,0,1,Dync2h1
196,1,1,Mast2
197,1,1,Mapk1
198,1,1,Acer3
199,1,0,Wbp1l
200,0,0,Bhlhe22
201,1,0,Jakmip3
202,1,1,Gpcpd1
203,0,1,Chsy3
204,1,0,Lcorl
205,1,1,Sidt1
206,1,1,Sptbn2
207,1,1,Cd2ap
208,1,0,Znrf2
209,0,1,Neto1
210,0,1,Camk2n1
211,1,0,Car12
212,2,1,Psd3
213,0,0,Enc1
214,0,0,1600010M07Rik
215,1,1,Fbxo34
216,1,1,Rlf
217,1,1,Wnk1
218,1,1,Faah
219,0,2,Gigyf1
220,1,0,Glra2
221,0,0,Ppp1r1a
222,1,1,Trappc8
223,1,0,Coro1c
224,0,0,Aldoa
225,1,1,Zswim6
226,0,0,Rpl24
227,1,1,Ano6
228,1,1,Armc8
229,0,0,Rpl30
230,2,1,Hipk2
231,1,0,Chrna7
232,1,1,Ctdspl
233,1,0,Sf1
234,1,1,Sos1
235,0,0,Pla2g3
236,1,0,Fam3c
237,1,1,Ppp6r2
238,1,1,Gnao1
239,1,0,3110082I17Rik
240,2,0,Supt3
241,0,0,Ndufb9
242,1,0,Tspan3
243,1,0,Map4k4
244,1,1,Ktn1
245,1,0,Tecr
246,0,0,Sh3gl1
247,0,0,Clmn
248,0,1,Zfp827
249,1,0,Ncs1
250,1,1,Cnrip1
251,0,1,Glt8d1
252,1,1,Crtc3
253,1,1,Ube4b
254,0,0,Slc25a4
255,1,1,Ccar1
256,1,0,Ctdsp2
257,1,1,Luc7l3
258,1,1,Scamp1
259,1,1,Svop
260,0,1,Arhgap44
261,1,0,Ripk2
262,0,1,Ankrd6
263,1,1,Arhgap5
264,1,1,5031425E22Rik
265,2,2,Zfhx3
266,1,0,Srl
267,1,1,Cbfa2t2
268,2,1,Rims2
269,1,0,Parp1
270,2,1,Zdhhc14
271,2,0,Rps6kc1
272,0,0,Hspa5
273,0,1,Atg4c
274,0,0,Wdr82
275,1,1,Ppme1
276,0,0,Hist3h2ba
277,1,0,Tfdp1
278,1,0,Kcnmb4
279,2,1,Pde7b
280,2,0,Plxdc2
281,1,0,Acsl6
282,0,0,Camk4
283,1,1,Samd8
284,1,0,Tbc1d16
285,0,0,Gtf2h5
286,2,2,Cux1
287,1,1,Xrn2
288,1,0,Ttr
289,1,0,Tbc1d14
290,1,1,Stag2
291,1,1,Cdc42
292,0,0,Rbm24
293,1,1,Yme1l1
294,1,0,Lztfl1
295,1,0,Galnt1
296,1,1,Fbxl5
297,0,0,Islr2
298,1,0,Atp5c1
299,2,1,Zfp385b
300,2,0,Hlcs
301,1,0,Nudt3
302,1,1,Pdcd4
303,0,0,Sept3
304,1,1,Smim14
305,0,1,Prkar1a
306,0,1,Adnp
307,0,0,Fbxw4
308,1,1,Trak2
309,0,0,Dcaf7
310,1,1,Btbd10
311,0,0,Mdh1
312,1,1,Mbd2
313,1,1,Golgb1
314,1,1,Camk2g
315,0,0,Coq2
316,1,0,Arpc3
317,1,0,Extl2
318,0,1,Abcb7
319,1,1,Synrg
320,2,1,Fzd3
321,1,0,Fam160a2
322,1,1,Fbrsl1
323,0,0,Ccdc71l
324,1,1,Mef2d
325,1,1,Sik2
326,2,0,Gpc5
327,1,0,Rcor3
328,1,2,Trmt1l
329,1,1,Otud4
330,1,1,Otud7b
331,1,1,St7l
332,0,0,Calr
333,1,1,Tank
334,0,0,Zfp46
335,1,0,Ipo7
336,1,1,Ube2e3
337,0,0,Zfp706
338,0,0,Maged1
339,1,0,Dcun1d5
340,1,1,Hnrnpll
341,0,0,Slc22a17
342,1,0,Gm15283
343,1,1,Cul3
344,1,1,Purg
345,0,0,Tspyl4
346,1,1,Ccpg1
347,1,1,Spata7
348,1,0,Ptpn1
349,0,1,Casc3
350,1,1,Rapgef1
351,1,1,Lrrfip1
352,0,0,Sh3bgrl3
353,1,1,Suz12
354,1,1,Mapre3
355,1,0,Fez1
356,1,1,Lrp11
357,1,1,Klhl22
358,1,1,Gon4l
359,1,1,Pogz
360,1,1,Trip11
361,1,0,Abcc8
362,1,1,Adar
363,1,0,Dgat2
364,1,1,Faxc
365,1,0,Uck2
366,2,1,Stat3
367,0,0,Disc1
368,1,1,Dcp1b
369,0,0,Slitrk3
370,0,0,Kansl3
371,1,0,Hcfc2
372,1,1,Fam171a1
373,1,1,Hbs1l
374,1,1,Elp2
375,1,1,Rab3ip
376,0,1,Cyld
377,2,1,Bbx
378,0,0,4930545L23Rik
379,1,0,Nceh1
380,1,0,Wdr41
381,1,1,Usp8
382,1,1,Nf2
383,0,0,Thy1
384,1,1,Mfsd6
385,1,0,4833420G17Rik
386,2,2,Xylt1
387,1,1,Rsbn1l
388,1,1,Sf3b3
389,1,1,Prkacb
390,1,0,Gmps
391,2,1,Tln2
392,1,1,Ndfip2
393,2,2,Magi3
394,1,1,Pde1b
395,0,0,Asphd2
396,1,1,Sema4d
397,0,0,Naa30
398,0,2,Atxn2l
399,1,1,Naa16
400,0,0,H3f3a
401,1,1,Snx10
402,1,1,Cdc27
403,1,1,Lonp2
404,0,0,2610008E11Rik
405,0,0,Tmem59
406,1,1,Numa1
407,2,1,Ankrd28
408,1,0,Hmgn3
409,1,0,Ccdc6
410,1,1,Eif4e
411,0,0,Ndufb5
412,1,1,Pcnp
413,2,2,Mgat5
414,0,0,Rps29
415,1,1,B3galnt2
416,1,0,Sdf4
417,1,1,5330417C22Rik
418,0,0,5031415H12Rik
419,2,0,Slc10a7
420,1,1,Uxs1
421,0,0,Pdia3
422,1,0,Creg2
423,2,1,Arhgap15
424,0,0,Mif
425,1,0,Nadk
426,0,0,Ddn
427,0,0,Ndufb4
428,1,0,Cox7a2l
429,2,1,Eml1
430,0,0,Rpl36
431,1,1,Stard13
432,0,0,Arpc5l
433,1,0,Mrs2
434,0,0,Ttyh3
435,0,0,Mrps28
436,1,0,E2f3
437,1,1,Cacul1
438,1,1,Afg3l2
439,1,1,Dido1
440,1,1,Nipa2
441,1,1,Mcmbp
442,2,1,Plcb1
443,1,0,Diras2
444,2,0,Pdgfc
445,1,1,Canx
446,0,0,Gt(ROSA)26Sor
447,2,1,Arhgap10
448,2,1,Eefsec
449,1,0,Vps37b
450,1,1,Slc25a27
451,1,1,Raver2
452,1,0,Cul4a
453,0,0,Txndc15
454,1,1,Trim24
455,0,1,Dnaja1
456,1,1,D130043K22Rik
457,2,1,Bckdhb
458,1,1,Capn7
459,2,2,Ank1
460,1,0,Mgat4a
461,1,1,Eftud2
462,1,1,Rnf145
463,1,0,Arhgap20os
464,1,1,Tmem167
465,2,1,Foxo3
466,1,1,Ift81
467,1,1,Ccnc
468,2,1,Tenm2
469,1,1,Marf1
470,1,1,Lars
471,0,2,Vsnl1
472,1,0,Fam228b
473,1,1,Camk2a
474,1,1,Arl3
475,1,1,Cwc22
476,1,1,4933406I18Rik
477,1,0,Crlf1
478,1,2,Pou2f2
479,0,1,Sil1
480,1,1,Dusp11
481,0,0,Eid2b
482,1,0,Ctdp1
483,1,1,Vta1
484,1,1,Cdadc1
485,1,0,Disp2
486,1,1,Trpc4ap
487,1,1,Usp3
488,0,1,Slc22a23
489,0,0,BC003965
490,1,1,Firre
491,1,0,Slc9a6
492,1,0,Shroom2
493,1,1,Uggt1
494,1,1,Sgsm1
495,1,1,Gripap1
496,0,2,Lrrk2
497,1,0,B4galt4
498,0,0,Rpn1
499,1,1,Dlst
500,2,1,Nr3c1
501,1,0,Nefm
502,1,1,Psen1
503,2,0,Olfm3
504,1,1,Gtf3c1
505,0,0,Mcts1
506,1,0,Tmem165
507,0,0,Ppib
508,0,0,Oaz1
509,0,1,Zfp672
510,0,0,Zfp329
511,1,1,Btbd8
512,1,0,Nudt4
513,0,0,Zc3h15
514,1,1,Rnf20
515,1,0,Mtpap
516,1,0,Tnfrsf21
517,1,0,Mettl8
518,0,1,Zfp800
519,0,1,Nsun2
520,0,0,Xpnpep1
521,2,0,4930419G24Rik
522,1,0,Snap47
523,1,0,Slc30a7
524,2,1,Zfp704
525,1,2,Htr1f
526,0,0,Bmyc
527,1,0,Ric3
528,1,1,Git2
529,1,1,Abl1
530,1,1,Fam13b
531,1,0,Smc1a
532,1,1,Bcl7a
533,0,0,Gm13889
534,1,1,Pcsk7
535,2,2,Cdc14b
536,1,0,Dcun1d3
537,0,0,Rpl31
538,0,0,Rps13
539,1,1,Atg5
540,0,0,Farp1
541,0,1,Stxbp4
542,0,0,Ndufa5
543,1,0,Cep78
544,1,1,Txndc11
545,1,1,Mapkbp1
546,0,1,Ddx3x
547,2,0,Lmo1
548,1,0,Pdhx
549,1,1,Ppip5k2
550,0,1,Map3k13
551,1,0,Gm26827
552,0,1,Cdk19
553,1,1,Cep120
554,1,1,Snx3
555,0,0,Ndufb10
556,0,0,Nme1
557,0,0,Fastkd1
558,1,0,Ccdc12
559,1,1,Ide
560,1,0,Lman1
561,0,0,Timm8b
562,1,1,Anxa11
563,2,0,Rcan1
564,1,1,Cwf19l2
565,1,0,Tex264
566,1,1,Zbtb38
567,0,0,Gm26981
568,1,1,Fbf1
569,0,0,Ndufs7
570,2,1,Pdzrn4
571,2,1,Prr16
572,1,1,Suco
573,1,0,Adam9
574,1,0,Tceal3
575,1,1,Mettl16
576,1,1,Smc3
577,1,1,Suclg1
578,1,1,Sugt1
579,1,1,Grm3
580,0,0,Arpc5
581,0,1,Slc25a3
582,1,0,Coro7
583,1,1,Cipc
584,0,2,Lztr1
585,1,0,Zbtb1
586,1,1,Gm1043
587,1,1,Fam78b
588,1,0,Dnajc15
589,1,1,Fam184a
590,0,0,Lrrtm1
591,1,1,Dcaf10
592,1,1,Mgat5b
593,0,0,Lrrtm2
594,0,0,Erp29
595,1,0,Tspan33
596,0,0,Rpl36al
597,0,1,U2af1
598,1,0,Appl2
599,1,1,Wdr11
600,1,0,Aasdhppt
601,0,0,Ndufa6
602,0,0,Slc35a1
603,1,0,Lrrc40
604,1,0,Itga11
605,1,0,Rhobtb3
606,0,0,Hnrnpul2
607,1,0,Mars2
608,1,0,Snx12
609,0,0,Npy2r
610,0,1,Slc25a51
611,0,0,Tor1b
612,0,0,Zfp788
613,1,0,1700084C06Rik
614,2,1,Arnt2
615,1,0,Mn1
616,2,1,Kif13a
617,1,1,Snapc1
618,2,2,Sorcs3
619,1,1,Hps5
620,0,1,Psma3
621,1,1,Cbfb
622,1,0,Lysmd3
623,1,1,Prmt3
624,1,1,Wdr36
625,1,0,Csgalnact2
626,1,0,Ccdc127
627,0,0,Gm21954
628,0,1,Pabpc1
629,2,0,E230016M11Rik
630,0,0,Gpr27
631,1,0,Sub1
632,1,0,2900005J15Rik
633,1,0,Zfp131
634,2,0,Sfxn5
635,1,1,Pi4k2a
636,1,1,Tm9sf4
637,0,0,Cnpy2
638,0,0,Panx2
639,1,0,Lrrc20
640,1,1,Cnep1r1
641,0,1,Zfp799
642,1,1,Pfkp
643,0,0,Mcl1
644,1,1,Tcte2
645,1,0,Nelfa
646,1,1,Sec23ip
647,2,0,Dok5
648,1,0,Ccdc58
649,2,0,Svil
650,1,0,Polr2a
651,1,0,Txnrd1
652,1,0,Gm15496
653,1,1,Eif4b
654,1,1,Rrn3
655,1,1,Zfp384
656,0,0,Zdhhc24
657,1,1,Cir1
658,1,0,Fbxo25
659,0,0,Park7
660,1,0,Tfrc
661,1,1,Klhl8
662,0,0,Ganab
663,1,0,Ap1s2
664,1,0,Hdac5
665,0,0,Gnl3
666,1,0,Sigmar1
667,0,1,Zfp397
668,0,1,Tnfrsf19
669,2,2,Adcy8
670,0,0,Scn1b
671,2,1,Rasgrp1
672,1,1,Ccnt1
673,0,0,Gm10037
674,1,1,Stx17
675,1,1,Pstk
676,1,0,Ercc5
677,1,1,Plcg1
678,1,1,Ankrd26
679,1,1,Dnajc11
680,0,1,Cpt1c
681,0,0,Tomm6
682,1,1,Cep164
683,0,0,Chac2
684,0,0,Zfp426
685,1,0,Tatdn1
686,0,0,Amigo1
687,0,0,Ndufc1
688,1,1,Nab1
689,0,0,Dctn5
690,0,0,Mrps34
691,1,0,Syt3
692,1,1,Elp3
693,1,1,Wdfy1
694,1,1,Snrpn
695,1,0,Rnf114
696,0,0,Dbpht2
697,1,0,Anp32b
698,1,1,Naa35
699,0,1,Sumo2
700,0,1,Cbx3
701,1,1,Ice2
702,1,1,Zbtb44
703,0,0,Gm15243
704,1,0,Tyw1
705,1,0,Setd4
706,1,0,Gm17750
707,1,2,Plp1
708,1,2,Pabpc4
709,0,0,Rrp1
710,1,1,Usp38
711,1,1,Fam204a
712,1,0,Syngr1
713,0,0,Lrp3
714,0,2,Cntnap5c
715,1,1,Stam2
716,1,0,Dhx29
717,0,0,Fam32a
718,0,0,Kcnrg
719,2,1,Slc25a26
720,0,1,Tecpr1
721,0,0,Emc6
722,0,0,Mapk3
723,0,0,Surf4
724,1,0,Ermp1
725,0,1,Gtf2a2
726,1,1,Tfcp2
727,1,0,Gm27153
728,1,2,Gatm
729,0,0,Bend4
730,0,0,Hist1h4d
731,1,0,Pex2
732,1,0,Rai2
733,0,0,Spata2l
734,1,1,Ints9
735,1,1,Serac1
736,1,1,Pip4k2b
737,0,0,Ndufs5
738,1,0,Ccdc43
739,1,1,Atf1
740,0,1,Rnf180
741,0,0,Timmdc1
742,1,0,Fundc1
743,0,0,Dalrd3
744,1,0,Hps4
745,2,2,Zfp423
746,2,0,Vac14
747,0,0,Gm29361
748,0,0,2310011J03Rik
749,1,1,Dnajc24
750,1,0,Mok
751,1,0,Spag1
752,1,0,Eri2
753,0,0,6030458C11Rik
754,1,1,Nup210
755,1,1,Golga3
756,0,0,Eif1ax
757,0,0,Mrpl36
758,1,0,Ints7
759,1,0,Zmat3
760,1,1,Hbp1
761,0,0,Rnf128
762,2,1,Sfmbt2
763,1,1,Cmpk1
764,0,0,Zfp189
765,1,0,Tbc1d20
766,1,1,Dcbld2
767,1,0,Mpp1
768,1,0,Gm13402
769,1,0,Vps37c
770,0,0,Gm17108
771,1,0,Rhbdl3
772,0,0,Gm9925
773,1,0,Hgsnat
774,1,0,Klhl23
775,0,0,Ssr4
776,0,0,Abhd10
777,2,1,Tango6
778,1,0,Ndc1
779,0,0,Dusp12
780,1,1,Spg11
781,1,1,Ptpn2
782,1,0,Tab1
783,0,1,Actl6b
784,1,1,Supt5
785,1,1,Alg13
786,0,1,Gng12
787,1,0,Mme
788,0,2,Rundc3a
789,2,0,Ostm1
790,1,0,Nrde2
791,1,0,2610021A01Rik
792,0,0,Ndufaf3
793,1,0,Dtnbos
794,0,0,Mrps24
795,1,0,Esd
796,1,0,Parvb
797,1,0,Polr1d
798,1,2,Gm2824
799,1,1,Trmt13
800,0,0,Akap5
801,0,1,Rlim
802,1,0,A230077H06Rik
803,0,0,Atp5k
804,2,2,Pde1c
805,0,0,Mrps33
806,0,0,Tmem109
807,1,0,Cep68
808,0,0,Zfp867
809,0,0,Txndc9
810,0,0,Atrip
811,0,0,Rnf113a2
812,0,0,Eif3c
813,0,0,Pa2g4
814,0,0,Ppif
815,0,1,Ensa
816,1,1,Sh3bgrl
817,2,0,Gm16759
818,0,1,Cebpz
819,1,1,Slc20a1
820,0,0,Ccdc91
821,1,1,Zmym3
822,0,1,Fntb
823,1,1,Rgs9
824,0,1,Narf
825,0,0,Snhg3
826,1,1,Cspg5
827,1,1,Sgtb
828,0,0,Kctd8
829,1,0,B230307C23Rik
830,1,1,Sgsm3
831,0,0,St8sia3os
832,0,0,Gm27008
833,0,0,Sap30bp
834,1,0,Chdh
835,1,0,Smad7
836,1,0,Ccdc85c
837,1,0,Ube2g2
838,0,0,Odc1
839,1,0,Csdc2
840,1,0,Zfp74
841,2,0,Bmp2k
842,1,0,Umps
843,2,2,Dzip1
844,1,1,Rnf185
845,0,1,Ap3d1
846,0,0,Prss36
847,2,0,Necab1
848,2,1,Orc5
849,1,0,Bcas3os1
850,0,0,Sf3b5
851,2,1,6030443J06Rik
852,0,0,Ankra2
853,1,0,Gss
854,1,0,Prrg1
855,1,0,Uqcrc1
856,1,0,1700086O06Rik
857,1,0,Uspl1
858,0,1,Plekhh2
859,1,0,Gm15886
860,0,0,Pmpcb
861,0,0,Zfp958
862,1,0,Lbr
863,1,1,Erlin1
864,0,0,Clcn5
865,1,0,Cnp
866,0,0,Fndc9
867,0,0,Mrpl24
868,2,1,Ar
869,0,0,Pcx
870,0,0,Ebf4
871,2,0,Ikzf2
872,0,0,Slc35c2
873,1,0,2810032G03Rik
874,0,0,Tprgl
875,0,0,Pram1
876,0,0,Sertad4
877,1,1,Fam98a
878,1,0,Cxxc5
879,0,0,Zrsr1
880,0,0,Oaz2
881,1,0,Nat10
882,1,0,Cabyr
883,0,0,Cdv3
884,1,0,Abhd3
885,0,0,Tmem121
886,0,0,Eif2b5
887,1,1,Wdr48
888,0,0,Abhd14a
889,1,1,Rab21
890,0,0,2410004B18Rik
891,0,0,Kazn
892,0,2,Gm14412
893,1,0,Gm10135
894,0,0,Tceal5
895,0,0,Lgalsl
896,1,0,Tmem168
897,1,1,Gga2
898,0,0,Cdipt
899,0,0,Zfp12
900,1,1,Tulp3
901,1,0,Siah3
902,0,0,Fkbp2
903,0,0,Gm14329
904,0,1,Phkg2
905,0,0,Zfp655
906,0,0,Ttbk2
907,1,0,Gpc1
908,0,1,Ccz1
909,0,0,Mrpl10
910,0,0,Tmem136
911,0,0,Zfp938
912,2,1,Tshz1
913,0,0,Idh3a
914,0,0,Elof1
915,0,0,Mrps10
916,0,0,Prss12
917,1,1,Utp18
918,0,0,Mlec
919,1,0,Foxo6
920,0,0,Abhd8
921,0,0,Ier5l
922,0,0,Scn9a
923,0,0,Pfdn2
924,1,0,Srrm4os
925,0,0,Kcnf1
926,1,1,Ick
927,2,2,Spock1
928,0,0,Oxld1
929,1,1,Pisd
930,0,0,Dhrs1
931,1,1,Rab15
932,0,1,Tmem151a
933,1,1,Helq
934,0,0,Ndufaf1
935,1,0,Slx4
936,0,2,Kcnc2
937,0,0,Leprotl1
938,2,1,Man2a1
939,1,0,Gtpbp1
940,0,0,Brms1
941,1,1,Cerk
942,1,0,Plekha8
943,0,0,Smarcd1
944,1,0,Ecm2
945,1,0,Kbtbd3
946,2,0,Hunk
947,1,0,Skida1
948,0,2,Snhg9
949,1,0,Pcsk2os1
950,0,0,Cbr1
951,1,0,Klhl10
952,0,0,Pdcd5
953,0,0,Mib2
954,0,0,Gm14391
955,0,0,Mob1a
956,0,0,Fbxl6
957,0,0,Pomgnt2
958,1,0,Zfp275
959,1,1,Ubtf
960,1,0,Mrpl23
961,1,0,Rad9b
962,1,0,Otub2
963,1,0,Taf9b
964,0,0,Pigyl
965,1,0,Tmem179
966,1,0,Recql
967,1,1,Actn2
968,0,0,Mrps7
969,0,0,Prps1
970,1,0,Csf1
971,0,0,Ddit4
972,1,0,Zdhhc9
973,0,0,Tmem208
974,1,0,Zkscan1
975,0,0,Polg
976,2,0,Utrn
977,0,1,Gabarapl1
978,0,1,Mmgt1
979,0,1,Utp15
980,1,1,Xpa
981,0,1,Exosc4
982,0,1,Ssbp1
983,1,1,Olfr46
984,1,1,Gm26672
985,0,1,Gm26693
986,0,1,Ndufa2
987,0,1,Zfp692
988,2,1,Smad2
989,0,1,Gm12258
990,1,1,Pald1
991,0,1,Ccdc28b
992,0,1,C1d
993,1,1,Ublcp1
994,0,1,Ate1
995,0,1,Socs6
996,1,1,Tkt
997,0,1,Lrrc10b
998,0,1,Ndufb6
999,0,1,Gdpd5
1000,1,1,Il11ra1
1001,0,1,Sdhd
1002,1,1,Bace1
1003,1,1,Kbtbd2
1004,1,1,Tmem242
1005,2,1,Gbe1
1006,1,1,2810004N23Rik
1007,0,1,Cuedc2
1008,0,1,Sirt2
1009,0,1,Rpl35
1010,0,1,Map1s
1011,1,1,Galns
1012,0,1,Mrpl30
1013,1,1,Atp2b4
1014,1,1,Akirin1
1015,0,1,Rab39b
1016,0,1,2810455O05Rik
1017,1,1,Slc7a5
1018,0,1,Eif2b4
1019,1,1,Bora
1020,0,1,Cct2
1021,0,1,Gm17036
1022,0,1,Scrt1
1023,1,1,Zfp142
1024,1,1,Sept2
1025,0,1,Rnf208
1026,0,1,Ddrgk1
1027,1,1,Utp14a
1028,2,1,Igsf9b
1029,1,1,Ap5m1
1030,0,1,Hsf1
1031,1,1,Iffo2
1032,0,1,Zfp661
1033,1,1,Kif18a
1034,0,1,Grin3a
1035,0,1,Usf1
1036,1,1,Dbt
1037,0,1,Naa38
1038,0,1,Copb2
1039,1,1,Kcna2
1040,0,1,Spata24
1041,0,1,Vash1
1042,1,1,Lhpp
1043,0,1,Hinfp
1044,0,1,Polr2e
1045,0,1,Bax
1046,1,1,Impa1
1047,0,1,Rnf166
1048,0,1,Golga7
1049,0,1,Pde12
1050,0,1,Eif5a
1051,1,1,Tmem8b
1052,0,1,Ulk1
1053,1,1,Tpd52l2
1054,1,1,Echdc2
1055,0,1,Use1
1056,1,1,Psmd13
1057,0,1,E330009J07Rik
1058,0,1,Pam16
1059,1,1,Pdha1
1060,2,1,Kcnip1
1061,1,1,Chst2
1062,0,1,Pink1
1063,1,1,Rhoq
1064,0,1,Twistnb
1065,0,1,Cript
1066,0,1,Fam3a
1067,1,1,Nif3l1
1068,0,1,Ttc7
1069,0,1,Uqcc3
1070,0,1,Taf1d
1071,1,1,Eif2d
1072,1,1,Phf21b
1073,0,1,Thnsl1
1074,1,1,Hdac11
1075,0,1,Wipf1
1076,1,1,Mpp4
1077,0,1,Gm4117
1078,0,1,Anapc11
1079,1,1,Dnajc16
1080,1,1,Zbtb5
1081,1,1,9530051G07Rik
1082,1,1,Rimkla
1083,1,1,Pogk
1084,2,1,Tmtc2
1085,1,1,Uprt
1086,2,1,Tbc1d4
1087,1,1,Rnf4
1088,1,1,Zhx1
1089,1,1,Zbed3
1090,0,1,Triap1
1091,0,1,Cox18
1092,0,1,Ddx23
1093,1,1,Atox1
1094,1,1,Gna11
1095,0,1,Pts
1096,0,1,Enpp4
1097,1,1,Nfe2l2
1098,1,1,Msantd3
1099,1,1,Calu
1100,1,1,2610316D01Rik
1101,1,1,Znhit6
1102,0,1,Eif3d
1103,0,1,Fbl
1104,1,1,Chrnb2
1105,1,1,Ipmk
1106,1,1,Zswim7
1107,0,1,Smim15
1108,1,1,Zfp622
1109,0,1,Dusp4
1110,0,1,4930452B06Rik
1111,0,1,Exosc8
1112,2,1,Rbms1
1113,1,1,Tmem47
1114,0,1,Smarcd2
1115,0,1,Mrps15
1116,1,1,Zfp30
1117,1,1,Smim19
1118,1,1,Chmp2b
1119,1,1,Zfp518a
1120,2,1,Sept6
1121,1,1,Lrrc55
1122,1,1,Vamp1
1123,1,1,Trp53bp2
1124,1,1,2810021J22Rik
1125,0,1,Zfp809
1126,1,1,Cdc37
1127,0,1,Dnajc30
1128,0,1,Coq10b
1129,1,1,Eif2ak3
1130,0,1,Dus1l
1131,1,1,Letm1
1132,1,1,Sarm1
1133,1,1,Coq9
1134,0,1,Zfp354a
1135,0,1,Boc
1136,1,1,Gpr180
1137,0,1,Nxt1
1138,0,1,Ppp1r8
1139,1,1,D230025D16Rik
1140,1,1,Amz2
1141,0,1,Ik
1142,0,1,Med19
1143,2,1,Thsd4
1144,2,1,Runx1t1
1145,1,1,Fhad1
1146,1,1,Ugdh
1147,0,1,Wars2
1148,1,1,Ntan1
1149,0,1,Gm28791
1150,1,1,Mirg
1151,0,1,Cnot8
1152,0,1,Cct3
1153,0,1,Dimt1
1154,0,1,Ndufa3
1155,0,1,Sptssa
1156,0,1,2810403D21Rik
1157,1,1,Ppp1r9b
1158,1,1,Prcp
1159,0,1,4930565N06Rik
1160,0,1,5730405O15Rik
1161,0,1,Ddx21
1162,0,1,1700110K17Rik
1163,0,1,Rpusd1
1164,2,1,Gtf2ird1
1165,1,1,Ptgis
1166,1,1,Sp2
1167,1,1,Vwa5b1
1168,1,1,1300002E11Rik
1169,0,1,Snx11
1170,1,1,Mocs2
1171,0,1,Praf2
1172,1,1,Wars
1173,1,1,Agbl3
1174,1,1,Maoa
1175,1,1,Nudt2
1176,0,1,Tmem191c
1177,0,1,Isg20l2
1178,0,1,Tmem186
1179,0,1,Fbxl12os
1180,1,1,Ubtd1
1181,0,1,Tnpo2
1182,1,1,Evc2
1183,1,1,Ranbp3
1184,1,1,Smarcd3
1185,1,1,Bcl2l15
1186,0,1,Zfp119a
1187,0,1,Armcx5
1188,1,1,Pde6h
1189,1,1,Acadm
1190,1,1,Pknox1
1191,2,1,Syne2
1192,1,1,Frg1
1193,1,1,Nol9
1194,1,1,Ttc1
1195,0,1,2700081O15Rik
1196,0,1,Gm14399
1197,1,1,Impg2
1198,0,1,Slc6a8
1199,0,1,Ndst3
1200,1,1,Cdc25b
1201,0,1,Med25
1202,2,1,Cuedc1
1203,1,1,4732463B04Rik
1204,0,1,Ccnk
1205,0,1,0610009L18Rik
1206,1,1,Rmi1
1207,0,1,Snrnp27
1208,0,1,Ift20
1209,1,1,Mrpl13
1210,0,1,Nacc1
1211,0,1,Dbr1
1212,0,1,Cycs
1213,0,1,Gm17484
1214,1,1,Gm14798
1215,0,1,Ctps
1216,0,1,Col23a1
1217,1,1,Cyb5d2
1218,0,1,Agbl5
1219,0,1,Svip
1220,1,1,Snx18
1221,1,1,Nsmce4a
1222,0,1,Ndst2
1223,0,1,Letmd1
1224,1,1,Sccpdh
1225,1,1,Nphp1
1226,1,1,Vars
1227,1,1,Gm15489
1228,0,1,6530401F13Rik
1229,1,1,Gm15411
1230,1,1,Det1
1231,0,1,Derl1
1232,0,1,Gm16023
1233,0,1,Zik1
1234,1,1,Fbxw17
1235,1,1,Cenpj
1236,1,1,Mtfmt
1237,1,1,Dyrk2
1238,1,1,Ankdd1a
1239,1,1,Glul
1240,1,1,Ptgr2
1241,0,1,Snx17
1242,0,1,Gm15832
1243,0,1,Zfp626
1244,0,1,Zfp931
1245,1,1,Tmem144
1246,2,1,Megf11
1247,1,1,4931423N10Rik
1248,0,1,Atg4d
1249,2,1,Efnb2
1250,2,1,Gucd1
1251,0,1,Dnttip2
1252,1,1,Kxd1
1253,0,1,Uxt
1254,1,1,Mrpl39
1255,1,1,Spint2
1256,1,1,Ky
1257,0,1,Itpa
1258,1,1,Lman2
1259,1,1,Zfp14
1260,1,1,Fgd1
1261,0,1,AI115009
1262,1,1,Tpcn1
1263,0,1,Gm16105
1264,0,1,Rbak
1265,2,1,Usp6nl
1266,0,1,Zfp668
1267,1,1,Patz1
1268,0,1,Rcor2
1269,1,1,Ism1
1270,1,1,Rmdn2
1271,0,1,Kctd7
1272,1,1,Tamm41
1273,1,1,Dhrs7
1274,0,1,Ormdl3
1275,1,1,Urb2
1276,1,1,Chmp7
1277,1,1,Fkbp14
1278,0,1,Bloc1s6
1279,1,1,C920021L13Rik
1280,1,1,Wdr3
1281,0,1,Med4
1282,1,1,Slc25a30
1283,1,1,Map3k9
1284,0,1,Hexim1
1285,1,1,Ctso
1286,1,1,Fuca2
1287,2,1,Adamts9
1288,0,1,Nap1l3
1289,0,1,Eva1c
1290,0,1,Tmem11
1291,0,1,Gm14827
1292,1,1,Tctn2
1293,1,1,Gm20033
1294,0,1,Yipf2
1295,0,1,A430110L20Rik
1296,0,1,Nip7
1297,0,1,Klhdc9
1298,1,1,Ccnj
1299,1,1,Cd200
1300,1,1,Otud6b
1301,1,1,L3mbtl1
1302,1,1,Phldb1
1303,0,1,Dnajc9
1304,1,1,Pdgfb
1305,1,1,Zfp286
1306,2,1,Dner
1307,0,1,Gm13563
1308,0,1,Epn1
1309,0,1,Armc10
1310,0,1,Tmem43
1311,1,1,Nup133
1312,1,1,Cox15
1313,0,1,Ppp4c
1314,0,1,Gm27253
1315,0,1,Snrpb2
1316,1,1,Golph3l
1317,1,1,Gm15834
1318,0,1,Rab4b
1319,1,1,Tmpo
1320,1,1,Soat1
1321,0,1,Nxt2
1322,1,1,Gm14418
1323,0,1,Tmem42
1324,1,1,Fam98b
1325,0,1,Zfp449
1326,1,1,B4galt7
1327,0,1,Nubp1
1328,0,1,Thap1
1329,1,1,1700029J07Rik
1330,1,1,Endod1
1331,0,1,Mrpl4
1332,1,1,Sirt5
1333,0,1,Lsm3
1334,2,1,Ptpn13
1335,0,1,Flcn
1336,1,1,Pmvk
1337,0,1,Ciao1
1338,1,1,1500009L16Rik
1339,0,1,Abcg4
1340,0,1,Adsl
1341,1,1,Gmip
1342,1,1,Slc16a6
1343,1,1,1810062O18Rik
1344,1,1,Ttc26
1345,1,1,Pkd1l3
1346,2,1,Nedd1
1347,1,1,Kdm1b
1348,1,1,Rnf123
1349,0,1,Gpaa1
1350,0,1,Glmp
1351,1,1,Cox19
1352,0,1,Tmem161a
1353,0,1,Pms1
1354,0,1,AV099323
1355,2,1,Elmo1
1356,0,1,Tmem240
1357,0,1,Abcb6
1358,0,1,Polr3d
1359,1,1,Lyrm1
1360,1,1,Kin
1361,1,1,Pkdcc
1362,0,1,Sf3b4
1363,1,1,Pofut1
1364,1,1,Zfp52
1365,0,1,Wrnip1
1366,0,1,Mpdu1
1367,1,1,Fgf5
1368,0,1,Klhdc4
1369,1,1,Kif21b
1370,1,1,Dpp3
1371,0,1,Vps52
1372,0,1,Gsk3a
1373,1,1,Rab33b
1374,1,1,Phc1
1375,0,1,Hmgn1
1376,1,1,Larp7
1377,1,1,Kl
1378,0,1,Prrg3
1379,1,1,Zkscan17
1380,1,1,Tmem116
1381,1,1,Sag
1382,1,1,Dpysl3
1383,1,1,Dpf2
1384,0,1,Akr7a5
1385,0,1,Tomm7
1386,0,1,Nos1
1387,0,1,Abcf3
1388,0,1,Mphosph10
1389,1,1,Rasal1
1390,0,1,Zfp382
1391,1,1,Tfb2m
1392,0,1,Slbp
1393,0,1,Thpo
1394,0,1,B130055M24Rik
1395,0,1,2500004C02Rik
1396,0,1,Xab2
1397,1,1,Ccdc77
1398,0,1,Sap25
1399,1,1,Slc2a12
1400,0,1,Eif3g
1401,0,1,Cep104
1402,1,1,Creg1
1403,1,1,Aasdh
1404,0,1,Apbb1
1405,1,1,Il17d
1406,1,1,Rab43
1407,1,1,Wdtc1
1408,1,1,Xylt2
1409,0,1,1110038B12Rik
1410,1,1,Spg20
1411,0,1,Zfp874a
1412,0,1,Tsr1
1413,1,1,Rhbdd1
1414,1,1,Pex26
1415,0,1,Noc2l
1416,0,1,Tmem198
1417,0,1,Ndufv3
1418,1,1,Hsd17b11
1419,1,1,Gm14634
1420,1,1,Gm14305
1421,1,1,Tmem214
1422,1,1,Fam199x
1423,1,1,P4ha2
1424,1,1,Ptpn21
1425,0,1,Masp2
1426,1,1,Pomt2
1427,0,1,2810002D19Rik
1428,1,1,Phyh
1429,2,1,Jade1
1430,0,1,Fancg
1431,1,1,Stpg1
1432,0,1,Farsa
1433,0,1,Gm527
1434,1,1,Churc1
1435,0,1,Ccdc181
1436,1,1,Gm14061
1437,1,1,5330413P13Rik
1438,0,1,Necap2
1439,1,1,Tle2
1440,1,1,Cenpu
1441,2,1,Gm28403
1442,0,1,Plekhj1
1443,1,1,Aldob
1444,0,1,Polrmt
1445,1,1,Sec23b
1446,0,1,Smcr8
1447,1,1,Gnb1l
1448,0,1,Pms2
1449,1,1,Sept10
1450,1,1,Efcab1
1451,1,1,Gm14532
1452,1,1,Cyp4f13
1453,1,1,Atp8b2
1454,0,1,Nagk
1455,0,1,Slc52a2
1456,1,1,A530072M11Rik
1457,2,1,Etv5
1458,0,1,Fsd1
1459,1,1,Ugt8a
1460,0,1,Zfp651
1461,2,1,Cdh22
1462,1,1,Ubxn8
1463,1,1,Rab2b
1464,0,1,Dazap2
1465,0,1,Gpld1
1466,0,1,Car4
1467,0,1,Decr2
1468,0,1,Gm15879
1469,1,1,Sult2b1
1470,1,1,Zbtb2
1471,1,1,Slc22a14
1472,0,1,Pdrg1
1473,0,1,Mrps11
1474,0,1,Aldoc
1475,0,1,B4galnt4
1476,0,1,Psmc4
1477,1,1,Dnah1
1478,0,1,Nanp
1479,0,1,Bag1
1480,0,1,Neil1
1481,1,1,Adhfe1
1482,0,1,Glb1l
1483,0,1,Spag7
1484,1,1,Csnk1e
1485,0,1,Zfp330
1486,1,1,Abcb9
1487,1,1,4930444P10Rik
1488,0,1,Zfp758
1489,0,1,Pycrl
1490,0,1,Tmem143
1491,2,1,Tex9
1492,1,1,Tex30
1493,1,1,Lyplal1
1494,0,1,Mdp1
1495,0,1,Vmn2r85
1496,1,1,Gm12709
1497,1,1,Klf6
1498,0,1,Gm11457
1499,1,1,Mrpl35
1500,1,1,Rap2c
1501,1,1,Ncapd2
1502,1,1,Mef2b
1503,1,1,Tbc1d7
1504,0,1,Ccdc15
1505,0,1,Gm10501
1506,0,1,Pcdhb18
1507,1,1,Adam32
1508,1,1,Rtn4ip1
1509,1,1,Dhcr24
1510,1,1,Gm14322
1511,0,1,Plagl2
1512,1,1,Lamp5
1513,1,1,Pigb
1514,0,1,Rassf1
1515,0,1,Usf2
1516,0,1,Ccng1
1517,1,1,Far2os2
1518,0,1,Mrpl21
1519,0,1,Eif2b1
1520,0,1,Ybey
1521,1,1,Tarsl2
1522,0,1,Mxd1
1523,1,1,Pus7l
1524,0,1,Ogfr
1525,0,1,Chkb
1526,0,1,Tarbp2
1527,0,1,Qtrt1
1528,0,1,Zfp629
1529,1,1,Gm3510
1530,0,1,Ccdc130
1531,0,1,Lrch4
1532,0,1,Myg1
1533,1,1,Uvssa
1534,0,1,Zfp963
1535,1,1,Tubd1
1536,0,1,Arl2
1537,1,1,Chd1l
1538,0,1,Polr2h
1539,1,1,Cyp51
1540,0,1,A230083G16Rik
1541,1,1,Zfp712
1542,0,1,Tstd2
1543,1,1,Nkap
1544,2,1,Iqck
1545,1,1,Twsg1
1546,1,1,1700034H15Rik
1547,1,1,Ccdc122
1548,0,1,Zfp653
1549,1,1,F8
1550,1,1,Nsdhl
1551,0,1,Prkcsh
1552,0,1,Abca7
1553,0,1,Pik3r2
1554,1,1,Cherp
1555,1,1,Homez
1556,0,1,Med31
1557,0,1,Gm16973
1558,1,1,Cars
1559,0,1,Dyrk1b
1560,0,1,Dpm3
1561,2,1,Bcl2
1562,0,1,Arrdc4
1563,0,1,Mrpl40
1564,0,1,Mfap1b
1565,1,1,Gm26549
1566,1,1,D2hgdh
1567,1,1,Capn5
1568,1,1,Arhgef33
1569,0,1,Ppil3
1570,2,1,Elovl7
1571,0,1,6330562C20Rik
1572,1,1,Kdm8
1573,2,1,Slc22a15
1574,1,1,Catsperg1
1575,1,1,Def8
1576,0,1,9330162012Rik
1577,1,1,Tyw3
1578,0,1,Lrrc45
1579,0,1,Mroh8
1580,0,1,Pofut2
1581,1,1,Zfp64
1582,1,1,Dus2
1583,1,1,4930432K21Rik
1584,2,1,2310014F06Rik
1585,0,1,Thop1
1586,2,1,Zfp462
1587,1,1,Rfesd
1588,0,1,Mis12
1589,0,1,Atic
1590,0,1,Zfp446
1591,2,1,Tgfbr2
1592,0,1,Fam161b
1593,1,1,Spryd3
1594,1,1,Mrc2
1595,1,1,Syt12
1596,0,1,Hars
1597,0,1,Flot1
1598,0,1,Tubg2
1599,1,1,Efhd2
1600,1,1,Leprot
1601,0,1,Tm9sf1
1602,0,1,Gm12689
1603,0,1,Ptges2
1604,1,1,Sh3yl1
1605,1,1,Zfp937
1606,0,1,Coq4
1607,0,1,Ccdc9
1608,1,1,Slc16a14
1609,0,1,Mtg1
1610,1,1,Amer1
1611,0,1,Gtf2h3
1612,0,1,Csf2ra
1613,0,1,Mpi
1614,0,1,A530017D24Rik
1615,1,1,Celf6
1616,1,1,Fam189a2
1617,0,1,Lrrc51
1618,0,1,Gmpr2
1619,0,1,Spsb3
1620,1,1,Phykpl
1621,1,1,Zyx
1622,1,1,Fam229b
1623,1,1,Rrm1
1624,1,1,Nucb1
1625,1,1,6720489N17Rik
1626,0,1,Ctsa
1627,1,1,Plat
1628,0,1,Commd2
1629,2,1,Lsg1
1630,1,1,Dna2
1631,1,1,Mdc1
1632,1,1,Oat
1633,1,1,Cbx7
1634,0,1,Sh3bp1
1635,1,1,Bag2
1636,1,1,Ppie
1637,2,1,Mob3b
1638,1,1,Hps1
1639,1,1,Gnai2
1640,0,1,Tbc1d13
1641,0,1,Pkhd1l1
1642,0,1,Ogfod2
1643,2,1,C330018D20Rik
1644,0,1,Ino80e
1645,0,1,Zfand2b
1646,0,1,Sf3a2
1647,1,1,Hus1
1648,0,1,Naga
1649,0,1,Ddx56
1650,0,1,Insig1
1651,1,1,Nmnat1
1652,1,1,Limd1
1653,1,1,Harbi1
1654,0,1,Fgf10
1655,0,1,Pycr2
1656,1,1,Trim66
1657,0,1,Pcdhb22
1658,2,1,Dcdc2a
1659,1,1,Zcwpw1
1660,2,1,Plxna1
1661,0,1,Gm20457
