,DEG,pred,score_0,score_1,score_2
Slc4a2,1,1,0.13262829184532166,0.7559234499931335,0.1114482432603836
Adat1,1,0,0.43642696738243103,0.4116133749485016,0.15195967257022858
Kcnk3,1,1,0.2742895185947418,0.659033477306366,0.06667698174715042
Spryd3,1,0,0.6701522469520569,0.2808881103992462,0.048959650099277496
A730090N16Rik,1,1,0.17646008729934692,0.7620538473129272,0.06148602440953255
Bmp1,1,0,0.784568727016449,0.15733888745307922,0.05809237062931061
Gm11084,1,1,0.4278382360935211,0.47808486223220825,0.09407687932252884
Acaa2,1,1,0.36726582050323486,0.5143412947654724,0.11839289218187332
Dna2,1,1,0.16972467303276062,0.568778395652771,0.2614968717098236
Arrb1,1,0,0.4412907063961029,0.4153735935688019,0.14333570003509521
Tceal1,1,1,0.21621227264404297,0.6223863363265991,0.16140133142471313
Fam49a,1,2,0.21121780574321747,0.0988011434674263,0.6899811029434204
Pold4,1,0,0.5489262938499451,0.4063461124897003,0.04472760483622551
Zfp85os,1,1,0.3770819306373596,0.5259526968002319,0.09696539491415024
Mrps18c,1,1,0.30867376923561096,0.5624907612800598,0.1288354992866516
Eaf1,1,1,0.21027827262878418,0.6520180106163025,0.13770373165607452
Cald1,1,1,0.3013277053833008,0.3510293662548065,0.3476428985595703
Chchd1,1,0,0.48096418380737305,0.4247172176837921,0.09431863576173782
Oxsr1,1,1,0.3529115617275238,0.5025059580802917,0.14458250999450684
5430405H02Rik,1,1,0.38180816173553467,0.5720067024230957,0.04618513211607933
Adam4,1,2,0.2093372792005539,0.35245221853256226,0.43821051716804504
Htr2c,1,2,0.12621571123600006,0.2046736478805542,0.6691106557846069
Polm,1,1,0.454184353351593,0.45503637194633484,0.09077926725149155
Add1,1,2,0.14616596698760986,0.30297455191612244,0.5508595108985901
Foxk2,1,0,0.8149245977401733,0.1481548398733139,0.036920588463544846
Gm14295,1,1,0.4026887118816376,0.41109874844551086,0.18621253967285156
3110040N11Rik,1,1,0.276035338640213,0.6250541806221008,0.09891046583652496
Bahcc1,1,1,0.3972381353378296,0.5492527484893799,0.05350910872220993
Nle1,1,1,0.2582661509513855,0.7029935717582703,0.03874026611447334
Mpp4,1,1,0.1393406242132187,0.7151437997817993,0.145515576004982
Tbc1d2,1,1,0.19304285943508148,0.7216894626617432,0.08526764810085297
Ube2n,1,1,0.27289360761642456,0.6322192549705505,0.0948871448636055
Nrbp1,1,1,0.23492468893527985,0.7106680870056152,0.054407231509685516
Ube2i,1,1,0.3786761164665222,0.5842898488044739,0.0370340570807457
Agps,1,1,0.2361842542886734,0.4678255617618561,0.2959901988506317
Fgd4,1,1,0.17628535628318787,0.7571293711662292,0.06658528745174408
Scmh1,1,1,0.3418688476085663,0.5787045955657959,0.07942652702331543
Prmt2,1,0,0.49720630049705505,0.2828672528266907,0.21992650628089905
Glce,1,1,0.23708456754684448,0.6666368246078491,0.0962786003947258
Lamp5,1,1,0.235207661986351,0.7198349237442017,0.04495742917060852
Strip1,1,1,0.16210217773914337,0.6911061406135559,0.14679169654846191
Coq9,1,1,0.15023425221443176,0.7661738395690918,0.08359196037054062
Mtx1,1,1,0.16518421471118927,0.7620712518692017,0.07274452596902847
Nat8l,1,0,0.5652178525924683,0.38349607586860657,0.05128607526421547
Gm13830,1,0,0.6468824744224548,0.3195198178291321,0.03359769657254219
Gnb4,1,0,0.6650416851043701,0.29418909549713135,0.04076918214559555
Pdcd5,1,0,0.5035938024520874,0.44239747524261475,0.05400869622826576
Ssbp3,1,0,0.5181146264076233,0.3946865200996399,0.08719892054796219
Rnf149,1,1,0.4231168329715729,0.503576934337616,0.07330624759197235
Myo9b,1,1,0.23046794533729553,0.5708786845207214,0.19865334033966064
Derl2,1,0,0.5227986574172974,0.4461572468280792,0.031044039875268936
Nsf,1,0,0.6715274453163147,0.1932341456413269,0.13523845374584198
Myh10,1,0,0.7129098773002625,0.19814211130142212,0.08894804120063782
Atg7,1,0,0.4623124301433563,0.1987471878528595,0.33894044160842896
Ncbp1,1,1,0.32682716846466064,0.6269270181655884,0.04624580219388008
Glo1,1,1,0.25665563344955444,0.5400385856628418,0.20330579578876495
Elk4,1,1,0.32040083408355713,0.6103513240814209,0.06924785673618317
Masp2,1,0,0.49950382113456726,0.47844401001930237,0.02205219492316246
Smc1a,1,1,0.17758837342262268,0.6344538331031799,0.18795783817768097
Adcy8,1,0,0.42131179571151733,0.22763578593730927,0.3510524332523346
Ggt7,1,0,0.67947918176651,0.2529001235961914,0.0676206573843956
Rps2,1,0,0.6328952312469482,0.32518717646598816,0.04191756993532181
Fbxl19,1,1,0.2306138128042221,0.6534184217453003,0.11596773564815521
2900005J15Rik,1,1,0.3875673711299896,0.5310430526733398,0.08138959854841232
Ptpn21,1,0,0.6026129722595215,0.35395991802215576,0.04342709854245186
Pard6b,1,1,0.1386304497718811,0.8147532939910889,0.04661620408296585
Rpa1,1,1,0.15785665810108185,0.7909672856330872,0.05117608979344368
Srsf6,1,1,0.33408015966415405,0.6351072192192078,0.030812593176960945
9330179D12Rik,1,1,0.192420095205307,0.7515937089920044,0.0559861958026886
Rnf138,1,1,0.3261784315109253,0.6071350574493408,0.0666864812374115
Chordc1,1,1,0.34100404381752014,0.5883938670158386,0.07060211151838303
Rsad1,1,1,0.40333545207977295,0.5534311532974243,0.043233416974544525
Zfp407,1,2,0.17549297213554382,0.10806626081466675,0.7164407968521118
9330159M07Rik,1,1,0.20256198942661285,0.6315584182739258,0.16587956249713898
Tmem259,1,0,0.5432102680206299,0.4000735282897949,0.05671623721718788
Rbm41,1,1,0.11494941264390945,0.47557076811790466,0.4094798266887665
Abcb6,1,1,0.3725866675376892,0.5814697742462158,0.04594353958964348
Zfp148,1,0,0.5810961127281189,0.27622389793395996,0.14267998933792114
Zeb1,1,1,0.27691173553466797,0.5754905343055725,0.14759774506092072
Far2,1,1,0.13514000177383423,0.5206348896026611,0.344225138425827
Bhlhe41,1,0,0.6529609560966492,0.2539960741996765,0.09304293990135193
Slc22a14,1,0,0.6583890914916992,0.2642829418182373,0.07732798904180527
P4ha3,1,0,0.5127019882202148,0.411740243434906,0.07555778324604034
Robo3,1,1,0.10685333609580994,0.8355016112327576,0.05764507129788399
Spg11,1,1,0.09828703105449677,0.8256937861442566,0.07601915299892426
Cuedc2,1,0,0.523910403251648,0.4265005588531494,0.049589041620492935
Ythdf2,1,1,0.2635748088359833,0.6531845331192017,0.08324064314365387
Mast3,1,0,0.6461657881736755,0.26975855231285095,0.08407565206289291
Stac2,1,1,0.2269352525472641,0.6354503035545349,0.13761445879936218
Mrps26,1,0,0.6558547616004944,0.2475028783082962,0.09664236754179001
Slc25a35,1,0,0.511520504951477,0.40450969338417053,0.0839698389172554
Lrrc8b,1,0,0.711441695690155,0.2297866940498352,0.05877164378762245
Ski,1,0,0.7115117311477661,0.200734943151474,0.0877532809972763
A230077H06Rik,1,1,0.1561853289604187,0.7795555591583252,0.0642591044306755
Creld2,1,1,0.401274710893631,0.5633490085601807,0.03537625074386597
Grina,0,0,0.5311220288276672,0.42922836542129517,0.0396495945751667
Cdh4,0,0,0.47276389598846436,0.19645297527313232,0.3307831585407257
Cwh43,0,1,0.203420490026474,0.6277211904525757,0.1688583493232727
Bmpr1b,0,2,0.3585841655731201,0.17539824545383453,0.46601757407188416
Necab3,0,1,0.3316548764705658,0.6221783757209778,0.04616670310497284
Plekhg5,0,0,0.8268012404441833,0.12575094401836395,0.04744775965809822
Bin1,0,0,0.6756631731987,0.15374349057674408,0.17059332132339478
Zmynd8,0,0,0.6854454278945923,0.196034237742424,0.1185203418135643
Dync1li1,0,1,0.13563472032546997,0.7499536871910095,0.11441154032945633
Gria1,0,2,0.17381331324577332,0.12623339891433716,0.6999532580375671
Srrm3,0,2,0.3355790376663208,0.2182043343782425,0.4462166130542755
Gm15738,2,2,0.18083854019641876,0.337566614151001,0.48159486055374146
Kpnb1,0,0,0.6662511229515076,0.30348482728004456,0.030264059081673622
Gm15810,2,1,0.2740488052368164,0.6656922101974487,0.06025894731283188
Sdk2,0,2,0.11666125804185867,0.0634826198220253,0.8198561072349548
Syt11,0,0,0.5404782295227051,0.38643282651901245,0.07308894395828247
Ttbk1,0,0,0.5325571894645691,0.42046549916267395,0.04697726294398308
Stx1a,0,0,0.6076883673667908,0.3438430428504944,0.04846859350800514
Dlg1,2,0,0.5506390929222107,0.2155301868915558,0.2338307648897171
Pabpn1,0,1,0.4244527518749237,0.5064140558242798,0.06913317739963531
Cntn1,2,2,0.21658305823802948,0.2049056887626648,0.5785112380981445
Lzts3,0,0,0.6836975812911987,0.2767956256866455,0.03950682282447815
Rora,2,2,0.3045331835746765,0.20000897347927094,0.49545779824256897
Nav2,0,2,0.2506033778190613,0.05104055255651474,0.6983560919761658
Gnb2,0,0,0.5865086317062378,0.34160903096199036,0.07188238203525543
Srcin1,0,0,0.8113791942596436,0.1489035040140152,0.03971727937459946
Speg,0,0,0.6175163984298706,0.31101325154304504,0.07147034257650375
Il1rapl2,0,2,0.1964208483695984,0.049151040613651276,0.7544280886650085
Ube3a,2,1,0.24652177095413208,0.703497052192688,0.04998121038079262
Celf3,0,1,0.43958979845046997,0.49213162064552307,0.06827856600284576
A930015D03Rik,0,0,0.8188601136207581,0.14695550501346588,0.03418431803584099
Ptprs,0,0,0.8417298197746277,0.11294256150722504,0.045327551662921906
Grid1,2,2,0.13584348559379578,0.05383112281560898,0.8103253841400146
Camkk2,0,0,0.49287012219429016,0.4415585994720459,0.06557121127843857
Lmo4,0,0,0.5146963000297546,0.40695852041244507,0.07834520936012268
Gba2,0,0,0.7872298359870911,0.16763420403003693,0.04513596370816231
Dmd,2,2,0.11660143733024597,0.11176533997058868,0.7716332077980042
Kifc2,0,1,0.4021237790584564,0.5197794437408447,0.07809675484895706
Ptpru,0,1,0.19194506108760834,0.7482896447181702,0.0597652941942215
Camk2a,0,0,0.5497289896011353,0.30821651220321655,0.142054483294487
Supt6,0,1,0.27440115809440613,0.693359911441803,0.032238878309726715
Eno2,0,1,0.4075202941894531,0.5492780804634094,0.04320163279771805
Fbn2,0,0,0.46269023418426514,0.26880890130996704,0.26850083470344543
Snx32,0,1,0.40210723876953125,0.5101389288902283,0.08775380998849869
Pitpnm2,0,0,0.6595059037208557,0.27802470326423645,0.06246933713555336
Pou2f2,0,1,0.23574885725975037,0.6405091285705566,0.1237419992685318
Atxn2l,0,1,0.45105627179145813,0.4835103154182434,0.06543345749378204
Unc5a,0,0,0.662301242351532,0.2648760974407196,0.0728226751089096
Cox8a,0,1,0.3051598072052002,0.6237887740135193,0.07105139642953873
Jph4,0,1,0.36445075273513794,0.559507429599762,0.07604175806045532
Ralyl,2,2,0.07207503914833069,0.10478413850069046,0.8231408596038818
Snta1,0,0,0.7787309288978577,0.19675792753696442,0.024511147290468216
Stk25,0,1,0.14339962601661682,0.8198385238647461,0.03676183521747589
Zmym3,0,0,0.4359894096851349,0.28384676575660706,0.28016385436058044
Cdh13,0,0,0.6549590229988098,0.11303739994764328,0.23200353980064392
Rnf112,0,1,0.4017598032951355,0.5440759062767029,0.05416426435112953
Baiap2,0,0,0.686369001865387,0.27140676975250244,0.04222419112920761
Igsf21,0,0,0.8137944936752319,0.10939431935548782,0.07681118696928024
Camkv,0,1,0.4638799726963043,0.470447838306427,0.06567222625017166
Sgsm1,0,0,0.5610299110412598,0.38753166794776917,0.051438432186841965
Stx1b,0,0,0.7111456394195557,0.254024863243103,0.03482946753501892
Nisch,0,0,0.622854471206665,0.3550371527671814,0.022108329460024834
Tmem132a,0,0,0.5806794762611389,0.3672710061073303,0.05204956978559494
Atp1a3,0,1,0.35385778546333313,0.5437303781509399,0.10241182148456573
Cdk9,0,1,0.36237239837646484,0.6011563539505005,0.03647119924426079
Med24,0,0,0.6406481862068176,0.28137069940567017,0.0779811218380928
Nptxr,0,1,0.34577322006225586,0.5791381597518921,0.07508859038352966
Chst1,0,0,0.6286059021949768,0.3450433611869812,0.02635076269507408
Olfm1,0,0,0.6729678511619568,0.2753981351852417,0.051634058356285095
Srsf5,0,1,0.31019556522369385,0.49939247965812683,0.1904119998216629
Snrnp70,0,0,0.5991632342338562,0.3385145664215088,0.06232219561934471
Il1rapl1,2,2,0.17410273849964142,0.09631530940532684,0.7295819520950317
Dach1,2,2,0.07585303485393524,0.046653762459754944,0.8774932026863098
Thra,0,0,0.7046034932136536,0.26924270391464233,0.026153814047574997
Nrn1,0,1,0.3396420180797577,0.5207123756408691,0.13964560627937317
Fbxl17,2,0,0.47682681679725647,0.05895368754863739,0.46421948075294495
Lmtk3,0,0,0.79058438539505,0.1820162534713745,0.027399372309446335
Slc6a7,0,0,0.5369009375572205,0.3787412941455841,0.08435779064893723
Stxbp1,0,0,0.816482424736023,0.11409229785203934,0.0694253072142601
C1ql3,0,1,0.21190311014652252,0.7019009590148926,0.08619588613510132
Sulf1,0,1,0.15643686056137085,0.5111700296401978,0.3323931097984314
Nbas,2,2,0.14453473687171936,0.06796102225780487,0.787504255771637
Klc1,0,0,0.8693941235542297,0.09923620522022247,0.0313696563243866
Dgkz,0,0,0.6068064570426941,0.29205960035324097,0.10113397985696793
Chd3,0,0,0.6202276349067688,0.3248487412929535,0.05492362007498741
Tmem63b,0,0,0.707205057144165,0.2562735378742218,0.03652144968509674
Ccser1,2,2,0.07628665119409561,0.06111340969800949,0.8625999093055725
Dnmt3a,0,0,0.7654226422309875,0.13660480082035065,0.097972571849823
Rapgef6,2,1,0.37283504009246826,0.4704113304615021,0.15675359964370728
Abr,0,0,0.7247655391693115,0.17894548177719116,0.09628894925117493
Slc17a7,0,0,0.5467057824134827,0.35277143120765686,0.10052277147769928
Nr3c2,2,2,0.41026386618614197,0.16259129345417023,0.427144855260849
Akap8l,0,0,0.8342229127883911,0.13075578212738037,0.03502130135893822
Mapk11,0,1,0.47687816619873047,0.4975089728832245,0.025612838566303253
Ptprn,0,0,0.737912118434906,0.2100122720003128,0.0520755760371685
Col4a2,0,0,0.7303084135055542,0.22434376180171967,0.045347802340984344
Atp2b2,0,0,0.6463020443916321,0.040036510676145554,0.31366148591041565
Pde2a,0,0,0.670545220375061,0.2690539062023163,0.0604008324444294
Csmd2,0,2,0.2907620370388031,0.03693268075585365,0.6723052263259888
Lztr1,0,0,0.7021826505661011,0.15822137892246246,0.13959595561027527
Atp6v0b,0,1,0.39934834837913513,0.546157956123352,0.05449371039867401
Shank1,0,0,0.8847436308860779,0.08719342947006226,0.02806295081973076
Cpt1c,0,0,0.7430733442306519,0.22642508149147034,0.030501574277877808
Actn1,0,0,0.6499748229980469,0.21488997340202332,0.1351352035999298
Rbfox3,0,2,0.3772582709789276,0.11016963422298431,0.5125720500946045
Gpr158,2,0,0.5920337438583374,0.176539346575737,0.23142693936824799
Matk,0,0,0.507432222366333,0.41714760661125183,0.07542015612125397
Exoc4,2,2,0.09428729116916656,0.05119360610842705,0.8545190691947937
Susd4,0,0,0.7806706428527832,0.1367323249578476,0.08259705454111099
Vps13b,2,2,0.07949841767549515,0.10372927784919739,0.8167723417282104
Elavl3,0,1,0.3098739981651306,0.5885671377182007,0.1015588566660881
Grin1,0,0,0.6365192532539368,0.3318503797054291,0.031630415469408035
Tsix,2,2,0.10596124827861786,0.15874771773815155,0.7352910041809082
Rundc3a,0,1,0.345981240272522,0.5690732598304749,0.08494549989700317
Miat,0,0,0.5564392805099487,0.4005257189273834,0.04303496330976486
Sfpq,0,1,0.4309924840927124,0.5160189270973206,0.05298856645822525
Traf7,0,0,0.8302222490310669,0.11886803060770035,0.05090970918536186
Gm28379,2,0,0.4381307065486908,0.431814968585968,0.13005435466766357
Camk2b,0,0,0.809106171131134,0.10810451209545135,0.0827893316745758
Kif5a,0,0,0.7723291516304016,0.1966893970966339,0.030981438234448433
Tiam2,0,0,0.7423149943351746,0.1421447992324829,0.11554022133350372
Adamts18,0,1,0.32018178701400757,0.5431468486785889,0.13667131960391998
Cntnap4,0,2,0.12257183343172073,0.10193650424480438,0.7754916548728943
Immp2l,2,2,0.3051326274871826,0.12352362275123596,0.5713437795639038
Gabbr2,0,0,0.6733996868133545,0.06569499522447586,0.26090529561042786
Kcnq2,0,0,0.7706300020217896,0.121879443526268,0.10749052464962006
Mapt,0,0,0.8415595293045044,0.11988580226898193,0.038554709404706955
Celf4,0,2,0.31570670008659363,0.06343985348939896,0.6208534240722656
Syt7,0,1,0.4317326545715332,0.4469359219074249,0.12133148312568665
Pcsk2os2,2,1,0.21891562640666962,0.6706842184066772,0.11040015518665314
Usp7,0,0,0.649873673915863,0.3009292781352997,0.049197085201740265
Pacsin1,0,0,0.7756733894348145,0.19250909984111786,0.03181752935051918
Nf1,2,0,0.6404661536216736,0.12353888899087906,0.23599497973918915
Pde4a,0,0,0.8416908383369446,0.13307179510593414,0.025237349793314934
Tom1l2,0,0,0.5512339472770691,0.39202290773391724,0.05674312263727188
Sdk1,0,2,0.33989042043685913,0.0948408991098404,0.5652686953544617
R3hdm4,0,0,0.5877785682678223,0.37943342328071594,0.032788001000881195
Rrp1,0,0,0.6721324920654297,0.27894362807273865,0.04892387613654137
Acap3,0,0,0.7972777485847473,0.17766417562961578,0.02505805902183056
Akt3,2,2,0.12858004868030548,0.35513100028038025,0.5162889361381531
Gpi1,0,0,0.4387449026107788,0.4132685661315918,0.1479865163564682
Sptbn4,0,0,0.8367836475372314,0.09552925080060959,0.06768711656332016
Slc8a2,0,0,0.6176185011863708,0.30188047885894775,0.08050106465816498
Rasal1,0,1,0.2871328890323639,0.6593718528747559,0.05349523201584816
Cnih3,0,0,0.7016071081161499,0.18753179907798767,0.11086111515760422
Crocc,0,0,0.7178213596343994,0.19928722083568573,0.08289148658514023
Tmem132b,0,2,0.3481820821762085,0.057243283838033676,0.5945746302604675
Brinp2,0,0,0.4719737768173218,0.3096107244491577,0.2184155136346817
Nrxn2,0,0,0.5323310494422913,0.40973708033561707,0.05793185159564018
Col6a1,0,1,0.19434992969036102,0.6707156300544739,0.1349344402551651
Odf2,0,0,0.5676829814910889,0.40950581431388855,0.022811181843280792
Ephb6,0,2,0.220575749874115,0.3345326781272888,0.4448915421962738
Ndrg4,0,1,0.32481566071510315,0.5436714887619019,0.1315128654241562
Camta2,0,1,0.3370276689529419,0.440049946308136,0.2229224145412445
AY036118,2,1,0.12386386096477509,0.5165163278579712,0.35961979627609253
Dlg4,0,1,0.4109940230846405,0.5360854864120483,0.05292050912976265
Prkcb,0,2,0.19740788638591766,0.08043110370635986,0.7221609950065613
Svop,0,0,0.5190521478652954,0.3626137971878052,0.1183340921998024
Nrg3os,2,1,0.19896556437015533,0.6058792471885681,0.19515521824359894
Klhdc3,0,0,0.5212182998657227,0.4341953992843628,0.04458632692694664
Csnk1g2,0,1,0.46288925409317017,0.4639630615711212,0.07314769923686981
Dctn1,0,0,0.6218751072883606,0.31165963411331177,0.06646524369716644
Eif4g1,0,0,0.5312750935554504,0.4078902304172516,0.06083468720316887
Ptms,0,1,0.4079076051712036,0.5499946475028992,0.042097706347703934
Tbc1d24,0,0,0.8562930226325989,0.11120092123746872,0.032506007701158524
Xist,2,1,0.17282535135746002,0.4905596971511841,0.3366149365901947
Trim46,0,1,0.19598625600337982,0.6317424178123474,0.17227135598659515
Plec,0,0,0.714874804019928,0.22873440384864807,0.05639083683490753
Sv2a,0,1,0.3200395107269287,0.5894990563392639,0.09046148508787155
Rimbp2,0,0,0.8361629843711853,0.1144062802195549,0.04943075031042099
Grik5,0,0,0.8246752023696899,0.10879407823085785,0.06653068214654922
Cck,0,1,0.3794432282447815,0.5433662533760071,0.07719048857688904
Fgfr2,2,2,0.3409508466720581,0.0972747802734375,0.5617743730545044
Rasgef1a,0,0,0.5298330783843994,0.38315847516059875,0.08700843155384064
Mbd5,2,2,0.387088805437088,0.12133924663066864,0.49157193303108215
Meg3,0,1,0.2612364590167999,0.6172635555267334,0.12150001525878906
Gnao1,0,0,0.6138084530830383,0.20504920184612274,0.18114231526851654
Sorbs2os,2,1,0.27919936180114746,0.5840239524841309,0.13677668571472168
Lrp1,0,0,0.8035954236984253,0.14861224591732025,0.04779236391186714
4930402H24Rik,0,1,0.3194834887981415,0.5845610499382019,0.09595548361539841
Cacna1a,0,0,0.8256437182426453,0.09624897688627243,0.07810725271701813
Adra1a,0,2,0.12164527922868729,0.353589802980423,0.524764895439148
Arhgef25,0,1,0.1808139979839325,0.7751476168632507,0.044038403779268265
Pcm1,2,1,0.11766920983791351,0.6104521751403809,0.27187860012054443
Zswim8,0,1,0.42357879877090454,0.5210548043251038,0.055366408079862595
Rpl41,0,0,0.5640743970870972,0.38626164197921753,0.0496639721095562
Prkar1b,0,0,0.808467447757721,0.12529298663139343,0.06623955070972443
Sema6d,0,2,0.4089631736278534,0.13116510212421417,0.45987170934677124
Celf5,0,0,0.5504289269447327,0.4254111349582672,0.024159938097000122
Eif4enif1,0,1,0.4211411774158478,0.46652480959892273,0.11233403533697128
