,DEG,pred,score_0,score_1,score_2
E4f1,1,1,0.45049893856048584,0.4784366488456726,0.07106436043977737
Capns1,1,0,0.4849311113357544,0.4416482448577881,0.07342064380645752
Fkbp1a,1,1,0.44110968708992004,0.4681681990623474,0.09072215855121613
Cit,1,0,0.7587346434593201,0.16999568045139313,0.07126972079277039
Mapkapk2,1,1,0.3012799620628357,0.5601980090141296,0.13852205872535706
Zcchc14,1,0,0.6032098531723022,0.2249968945980072,0.17179320752620697
Samd5,1,1,0.3148879110813141,0.5222517848014832,0.16286033391952515
Dram1,1,1,0.18455196917057037,0.6779899001121521,0.13745814561843872
Hfm1,1,1,0.17844738066196442,0.7384166717529297,0.08313600718975067
Prkab2,1,1,0.36448803544044495,0.4866061806678772,0.14890573918819427
Csnk1g1,1,0,0.7308329939842224,0.160976842045784,0.10819011926651001
Hspa4,1,1,0.32212209701538086,0.6157013773918152,0.06217651441693306
Plxna1,1,0,0.6123375296592712,0.3255806863307953,0.062081802636384964
Nup43,1,1,0.28999045491218567,0.3921348750591278,0.3178746700286865
Kitl,1,1,0.21120913326740265,0.5333273410797119,0.25546354055404663
Ptbp3,1,1,0.29180702567100525,0.599459707736969,0.10873325169086456
Lmbrd2,1,1,0.3199508488178253,0.48300647735595703,0.19704267382621765
Ddx41,1,1,0.3546580374240875,0.573871374130249,0.07147061079740524
Gpaa1,1,1,0.2595841884613037,0.5546516180038452,0.1857641339302063
Kcnj3,1,1,0.2740728557109833,0.4358164370059967,0.2901107370853424
9930021J03Rik,1,1,0.14188705384731293,0.7463982105255127,0.11171475797891617
Prep,1,1,0.18840304017066956,0.4214057922363281,0.3901912271976471
Ring1,1,1,0.45116063952445984,0.4690784215927124,0.07976090908050537
Wwox,1,2,0.09820222854614258,0.08267883956432343,0.8191189169883728
Parp12,1,1,0.17179404199123383,0.7147746086120605,0.11343136429786682
Cep131,1,0,0.5429996252059937,0.39523786306381226,0.0617624931037426
Ubl5,1,0,0.45963263511657715,0.3690173923969269,0.17134994268417358
Nicn1,1,1,0.397519052028656,0.5343896150588989,0.06809136271476746
Ypel1,1,0,0.6751289963722229,0.25529471039772034,0.06957627087831497
Psmd11,1,1,0.32246485352516174,0.5726105570793152,0.10492459684610367
Nrg3,1,2,0.3521844148635864,0.1239539161324501,0.5238616466522217
Rbx1,1,1,0.31483033299446106,0.6290113925933838,0.056158289313316345
Ctsc,1,1,0.19245770573616028,0.722229540348053,0.08531276136636734
U2af1l4,1,0,0.45574915409088135,0.4515085518360138,0.09274227917194366
Qsox2,1,1,0.39761602878570557,0.5115044713020325,0.09087950736284256
Dpagt1,1,0,0.6826765537261963,0.22053664922714233,0.09678681939840317
Rpp30,1,1,0.1633056253194809,0.7370160818099976,0.09967830777168274
Mrpl57,1,1,0.3516533374786377,0.5528956055641174,0.09545105695724487
Mettl5,1,1,0.2523660659790039,0.6284966468811035,0.11913730204105377
Mpp2,1,1,0.30993565917015076,0.6401399374008179,0.049924418330192566
Pdpk1,1,0,0.7099595069885254,0.17219528555870056,0.11784518510103226
Gm17178,1,1,0.4456864595413208,0.4799146056175232,0.07439899444580078
Zfp418,1,1,0.3822757601737976,0.5689303278923035,0.04879393428564072
Prdm9,1,1,0.11564105749130249,0.549171507358551,0.33518746495246887
Tagln3,1,0,0.49949201941490173,0.3961471617221832,0.10436082631349564
Ccdc174,1,1,0.25601229071617126,0.4505891799926758,0.29339855909347534
Stx7,1,1,0.24851097166538239,0.6636147499084473,0.08787428587675095
Peli3,1,1,0.2672173082828522,0.6788391470909119,0.053943585604429245
Lrig1,1,2,0.2727731764316559,0.3129449486732483,0.4142818748950958
Egfem1,1,2,0.12771770358085632,0.09774898737668991,0.7745333313941956
Pptc7,1,0,0.5794815421104431,0.3683713972568512,0.05214713141322136
Trpc7,1,2,0.2599610984325409,0.2916349172592163,0.4484039843082428
A630052C17Rik,1,1,0.24635855853557587,0.6941114068031311,0.05953000858426094
Bend7,1,1,0.24103447794914246,0.5773681402206421,0.18159738183021545
Bzw2,1,1,0.15723596513271332,0.4764663875102997,0.3662976324558258
Sptlc1,1,1,0.20358766615390778,0.5821090340614319,0.21430328488349915
Gsta3,1,1,0.10528510808944702,0.4937373101711273,0.40097761154174805
Gna12,1,1,0.2522137463092804,0.6266393065452576,0.12114695459604263
Abcd1,1,1,0.3406997323036194,0.4652480185031891,0.19405227899551392
Topbp1,1,1,0.1972939670085907,0.6268154382705688,0.17589055001735687
Lurap1,1,1,0.3595600426197052,0.5824483036994934,0.057991642504930496
2610301B20Rik,1,1,0.30629962682724,0.5457490682601929,0.14795129001140594
Klf7,1,0,0.4432205855846405,0.33449870347976685,0.22228072583675385
Stip1,1,0,0.46946462988853455,0.41810083389282227,0.11243458092212677
Zfp382,1,0,0.5672129988670349,0.32804974913597107,0.10473722219467163
Ofd1,1,1,0.19061677157878876,0.6829515695571899,0.1264316886663437
Upf3a,1,0,0.5482316017150879,0.3988369107246399,0.052931465208530426
Plp1,1,2,0.162602961063385,0.41750672459602356,0.4198903441429138
Blmh,1,0,0.50871342420578,0.22794800996780396,0.26333853602409363
Abcg4,1,1,0.32445579767227173,0.5396688580513,0.13587531447410583
Tacr3,1,2,0.1086762547492981,0.3293974697589874,0.5619262456893921
Tmed3,1,1,0.28080010414123535,0.6396620273590088,0.07953782379627228
Cldn12,1,1,0.17182564735412598,0.7431732416152954,0.08500111103057861
Arsk,1,1,0.17117099463939667,0.6186317205429077,0.21019725501537323
Immt,1,1,0.19721148908138275,0.6623493432998657,0.14043912291526794
Heatr1,1,1,0.3305520713329315,0.5562909245491028,0.11315703392028809
Stau1,1,0,0.4309042692184448,0.34554141759872437,0.22355426847934723
Atp1b1,1,0,0.49282610416412354,0.4137130379676819,0.09346085041761398
Ackr3,1,1,0.31764939427375793,0.5726251006126404,0.10972555726766586
Tcp1,1,1,0.292838454246521,0.6133882403373718,0.09377334266901016
Dclre1a,1,0,0.5101559162139893,0.4429375231266022,0.04690658673644066
Tmem222,1,1,0.21744270622730255,0.7055283784866333,0.07702897489070892
Slc35e2,1,0,0.5197996497154236,0.4173515737056732,0.06284873932600021
2610507B11Rik,1,0,0.5657577514648438,0.3524313271045685,0.08181092143058777
Gm10558,1,2,0.21901890635490417,0.3687542676925659,0.4122268259525299
Ahi1,1,1,0.33185791969299316,0.40311530232429504,0.2650267779827118
Bcl7c,1,1,0.46416786313056946,0.4693853557109833,0.06644679605960846
Arhgap29,1,1,0.34206390380859375,0.4288778603076935,0.22905820608139038
Gm13483,1,1,0.10021033138036728,0.5266685485839844,0.37312114238739014
Rwdd1,1,1,0.21266739070415497,0.7080997824668884,0.0792328417301178
Trim59,1,1,0.21003328263759613,0.5006160736083984,0.289350688457489
Ccdc120,1,1,0.17049525678157806,0.5503305196762085,0.27917420864105225
Ppid,1,1,0.41028663516044617,0.4588329493999481,0.1308804154396057
Nhp2,1,0,0.44268864393234253,0.4380630552768707,0.11924833804368973
Neto2,1,1,0.19421879947185516,0.4926631450653076,0.313118040561676
Mob1a,1,1,0.22870203852653503,0.684377908706665,0.08692008256912231
Akap10,1,1,0.3396352231502533,0.47556084394454956,0.18480390310287476
Mrpl9,1,1,0.36001676321029663,0.5129083395004272,0.12707488238811493
Nme6,1,1,0.15768642723560333,0.7121531963348389,0.1301603615283966
Abhd14a,1,0,0.4536186754703522,0.39063721895217896,0.1557440459728241
Dolk,1,1,0.4062988758087158,0.5468047857284546,0.046896349638700485
Gm2694,1,1,0.2950762212276459,0.6235871911048889,0.08133658766746521
Gpr19,1,1,0.2937399446964264,0.6214539408683777,0.08480614423751831
Lims2,1,1,0.2799583971500397,0.5832216739654541,0.13681991398334503
Ydjc,1,1,0.2854475975036621,0.6244991421699524,0.0900532528758049
Glra2,1,2,0.14574086666107178,0.20052246749401093,0.6537367105484009
Gm16189,1,2,0.10658890753984451,0.36114025115966797,0.5322708487510681
Lekr1,1,2,0.11455868929624557,0.2815812826156616,0.603860080242157
Matr3,1,1,0.23320908844470978,0.6581693887710571,0.1086214929819107
Serf2,1,1,0.31199631094932556,0.619363009929657,0.06864066421985626
Fam228a,1,2,0.09370071440935135,0.28716373443603516,0.6191355586051941
Fgf9,1,1,0.2547559142112732,0.6496530175209045,0.09559105336666107
Wipi2,1,2,0.2919688820838928,0.3360728323459625,0.37195828557014465
Ccdc13,1,0,0.5350839495658875,0.360801100730896,0.10411499440670013
Nt5c3b,1,0,0.709739625453949,0.2287464737892151,0.06151390075683594
Cic,1,0,0.695297122001648,0.24765929579734802,0.05704355984926224
Plk3,1,1,0.29533353447914124,0.5966750383377075,0.10799138993024826
Prr18,1,1,0.24179726839065552,0.5983808040618896,0.15982189774513245
Nxf1,1,0,0.5460606813430786,0.3395524322986603,0.1143869012594223
Rraga,1,1,0.2927364706993103,0.6471958756446838,0.06006762757897377
Foxred2,1,0,0.4807591736316681,0.4582931101322174,0.06094769015908241
Dctn5,1,1,0.2966533303260803,0.5432682037353516,0.1600784808397293
Sh3pxd2b,1,1,0.3751986622810364,0.43192213773727417,0.19287918508052826
Mal2,1,1,0.46468302607536316,0.4661550223827362,0.06916192919015884
Bend4,1,1,0.19480502605438232,0.6375389695167542,0.16765601933002472
Armc2,1,1,0.23706874251365662,0.621200442314148,0.14173081517219543
Runx2,1,2,0.3059331476688385,0.16822952032089233,0.5258373022079468
Optn,1,1,0.33593514561653137,0.4803633391857147,0.18370157480239868
Cox15,1,1,0.36814597249031067,0.5650547742843628,0.06679929792881012
Ecm2,1,2,0.09193994849920273,0.23201407492160797,0.6760459542274475
Zfp12,1,0,0.4803211987018585,0.3986767530441284,0.12100206315517426
Slc39a14,1,0,0.5895098447799683,0.3046320974826813,0.10585809499025345
Tpp1,1,0,0.6206817030906677,0.33702442049980164,0.04229392483830452
Sept3,1,1,0.25885581970214844,0.6826013326644897,0.05854285508394241
Tmem18,1,1,0.2946772277355194,0.6165825724601746,0.08874022215604782
Prkce,1,0,0.5965442657470703,0.0855363979935646,0.3179193139076233
Lrrtm3,1,2,0.1668807715177536,0.3106135129928589,0.5225057005882263
Pja1,1,1,0.2155243307352066,0.6715114712715149,0.1129642128944397
Acly,1,1,0.35729482769966125,0.5076067447662354,0.13509845733642578
Hprt,1,1,0.15889964997768402,0.4814542233943939,0.3596460521221161
Dnajc14,1,1,0.4004717469215393,0.4420008063316345,0.15752743184566498
Ss18,1,1,0.23537437617778778,0.6808348894119263,0.08379077166318893
Pum1,1,0,0.45820698142051697,0.439203143119812,0.10258982330560684
Zfp14,1,1,0.28967103362083435,0.5638008117675781,0.14652815461158752
Atp5b,1,0,0.46443885564804077,0.35855215787887573,0.1770089715719223
Tdrd5,1,1,0.31950822472572327,0.6320851445198059,0.04840664565563202
Mettl9,1,1,0.3123600482940674,0.5969473719596863,0.09069257974624634
Sirpa,1,0,0.509631335735321,0.39605093002319336,0.09431775659322739
Rab24,1,1,0.42611533403396606,0.485846608877182,0.08803804218769073
Inpp5f,1,0,0.4251953661441803,0.38601624965667725,0.18878841400146484
B4galt2,1,1,0.38546520471572876,0.5503461956977844,0.0641886442899704
Ccdc12,1,1,0.3698424696922302,0.5512999296188354,0.07885755598545074
Ppme1,1,1,0.295943021774292,0.4673209488391876,0.23673602938652039
Vldlr,1,1,0.2446807473897934,0.6751316785812378,0.08018755912780762
Cops2,1,0,0.453122615814209,0.3833125829696655,0.1635647863149643
Syf2,1,1,0.2035875767469406,0.7485877275466919,0.047824677079916
Tubg2,1,1,0.38871294260025024,0.5415615439414978,0.06972552090883255
Kdm1a,1,0,0.5008848905563354,0.40477970242500305,0.0943354144692421
Ddx31,1,1,0.2773318886756897,0.4637545347213745,0.2589136064052582
Prcp,1,1,0.2144242823123932,0.6438131332397461,0.14176258444786072
Ginm1,1,1,0.43194982409477234,0.4955085515975952,0.07254160195589066
Dapk2,1,0,0.6503426432609558,0.16853100061416626,0.18112634122371674
Pa2g4,1,1,0.4115275740623474,0.5290140509605408,0.059458330273628235
Zfp704,1,2,0.14099282026290894,0.0967840626835823,0.7622230648994446
Mettl6,1,1,0.27890217304229736,0.5676801204681396,0.15341773629188538
Sephs1,1,1,0.181277334690094,0.6319534182548523,0.1867692768573761
Kdm7a,1,0,0.6216822862625122,0.3032277524471283,0.07508999109268188
Eqtn,1,1,0.1650732457637787,0.6843281984329224,0.15059852600097656
Skida1,1,1,0.17536528408527374,0.7115258574485779,0.11310884356498718
Adcy5,1,0,0.4483550786972046,0.43449103832244873,0.1171538233757019
Mtmr9,1,1,0.21600887179374695,0.701607346534729,0.08238384872674942
Glrb,1,1,0.1894434541463852,0.6546509861946106,0.1559055745601654
Slc35b1,1,0,0.5114964842796326,0.42455291748046875,0.0639505684375763
Nufip1,1,1,0.39841362833976746,0.47814083099365234,0.12344548851251602
Satb1,1,1,0.26295962929725647,0.541598379611969,0.19544200599193573
Rcn2,1,1,0.3673853576183319,0.4791678786277771,0.153446763753891
Dusp1,1,1,0.2857881188392639,0.6314378976821899,0.08277394622564316
A530072M11Rik,1,1,0.1514769047498703,0.6377002596855164,0.21082285046577454
Zyx,1,1,0.19690929353237152,0.6928713321685791,0.11021934449672699
Dusp26,1,1,0.1653396487236023,0.770254373550415,0.06440592557191849
Rab9,1,2,0.15798376500606537,0.3175092935562134,0.5245069265365601
Trmt112,1,0,0.5130726099014282,0.4150797426700592,0.07184766978025436
Rab33b,1,1,0.2054743468761444,0.7279188632965088,0.0666067823767662
Strn3,1,1,0.2416776418685913,0.5529804825782776,0.2053419053554535
Cirbp,1,0,0.5300332307815552,0.39481067657470703,0.07515605539083481
Cops4,1,1,0.42059314250946045,0.4952036440372467,0.08420317620038986
Dynll1,1,0,0.6460875868797302,0.2904157340526581,0.06349669396877289
Cab39,1,1,0.2150750309228897,0.649551272392273,0.13537371158599854
Ip6k1,1,0,0.6005429029464722,0.33401498198509216,0.06544212996959686
Vmn2r84,1,1,0.3465605080127716,0.39519891142845154,0.25824064016342163
Pde4a,0,0,0.72230464220047,0.23211035132408142,0.04558496177196503
Dlg1,2,0,0.6292428970336914,0.08898498862981796,0.2817721366882324
Zmynd8,0,0,0.6415512561798096,0.19667711853981018,0.16177161037921906
Srcin1,0,0,0.7907741665840149,0.1459420770406723,0.06328378617763519
Thra,0,0,0.535270631313324,0.4041956663131714,0.06053370609879494
Rasal1,0,0,0.576249361038208,0.36855462193489075,0.05519597604870796
Nisch,0,0,0.7633974552154541,0.17980189621448517,0.05680062994360924
Csnk1g2,0,1,0.33519840240478516,0.5826871395111084,0.08211445808410645
Grina,0,1,0.3722909390926361,0.5610644221305847,0.06664463132619858
Sgsm1,0,0,0.7559928894042969,0.17204099893569946,0.07196612656116486
Gba2,0,0,0.6466380953788757,0.2990362048149109,0.05432569608092308
Lzts3,0,0,0.6084264516830444,0.31556016206741333,0.07601334899663925
Necab3,0,1,0.3414751887321472,0.5873162746429443,0.07120848447084427
Chst1,0,1,0.4346429705619812,0.46344804763793945,0.10190898925065994
Pou2f2,0,0,0.4913502633571625,0.36057886481285095,0.14807090163230896
Dgkz,0,0,0.5642505288124084,0.3087451159954071,0.12700435519218445
Camkv,0,0,0.6440543532371521,0.27531686425209045,0.08062875270843506
Supt6,0,1,0.4455515146255493,0.4679540991783142,0.08649443835020065
Actn1,0,0,0.480438232421875,0.4218786060810089,0.09768316149711609
Pabpn1,0,0,0.5111477375030518,0.3955344557762146,0.09331779181957245
Gnao1,0,0,0.4107908606529236,0.3043956160545349,0.2848134934902191
Gpr158,2,0,0.5330934524536133,0.1417708396911621,0.325135737657547
Baiap2,0,0,0.7433115839958191,0.17291374504566193,0.083774633705616
Sptbn4,0,0,0.7433115839958191,0.17291374504566193,0.083774633705616
Prkcb,0,0,0.467532753944397,0.10389409214258194,0.42857322096824646
Trim46,0,1,0.2392791211605072,0.6178048253059387,0.14291603863239288
Rrp1,0,0,0.5982751846313477,0.29731738567352295,0.10440745204687119
Akt3,2,0,0.44505345821380615,0.1392849087715149,0.4156615734100342
Exoc4,2,2,0.11888054013252258,0.09331356734037399,0.7878059148788452
Cntn1,2,2,0.2910229563713074,0.2597227096557617,0.4492543339729309
Syt7,0,0,0.7580538988113403,0.18215312063694,0.059792980551719666
Arhgef25,0,1,0.32691019773483276,0.5894278287887573,0.08366197347640991
Stxbp1,0,0,0.7110283970832825,0.1803131252527237,0.10865850746631622
Rnf112,0,1,0.3077866733074188,0.602026104927063,0.09018725156784058
Usp7,0,0,0.6707031726837158,0.23009739816188812,0.09919943660497665
Gabbr2,0,2,0.2309185266494751,0.09559984505176544,0.6734816431999207
Fbn2,0,0,0.3916299641132355,0.22566694021224976,0.38270309567451477
Gpi1,0,1,0.2453436255455017,0.5664853453636169,0.18817099928855896
Dmd,2,2,0.13853830099105835,0.24996469914913177,0.6114969849586487
Igsf21,0,0,0.7046859264373779,0.10689961910247803,0.18841448426246643
Atxn2l,0,1,0.37525826692581177,0.46416088938713074,0.1605807989835739
Acap3,0,0,0.7274937033653259,0.2224196195602417,0.050086673349142075
Atp6v0b,0,0,0.4757102131843567,0.4713163673877716,0.052973419427871704
Lztr1,0,1,0.44901496171951294,0.47590121626853943,0.07508384436368942
Ttbk1,0,1,0.29852959513664246,0.6014622449874878,0.10000818222761154
Camkk2,0,0,0.49556681513786316,0.41855964064598083,0.08587359637022018
Nrxn2,0,0,0.6357120275497437,0.26462873816490173,0.09965918958187103
Shank1,0,0,0.7491156458854675,0.17420829832553864,0.07667604833841324
Cntnap4,0,2,0.19477897882461548,0.11649134755134583,0.6887297034263611
Vps13b,2,2,0.1798725426197052,0.10654057562351227,0.7135868668556213
Adra1a,0,1,0.1360999494791031,0.43754515051841736,0.42635491490364075
Eif4g1,0,0,0.6890468001365662,0.2599087953567505,0.05104439705610275
Olfm1,0,0,0.6628621816635132,0.2408973127603531,0.09624046832323074
Gm28379,2,1,0.3119739294052124,0.546072781085968,0.1419532746076584
Dctn1,0,0,0.48263925313949585,0.41769951581954956,0.09966126829385757
Jph4,0,1,0.3357328772544861,0.5695354342460632,0.09473170340061188
Tmem132a,0,0,0.6334996223449707,0.297974556684494,0.06852586567401886
Col4a2,0,0,0.7172362804412842,0.19242210686206818,0.09034167230129242
Miat,0,0,0.5127590298652649,0.37658655643463135,0.11065438389778137
Lrp1,0,1,0.3999863266944885,0.4501148760318756,0.14989885687828064
Sv2a,0,1,0.3355461359024048,0.4309194087982178,0.23353448510169983
Speg,0,0,0.7475306391716003,0.16369464993476868,0.08877474069595337
Ptms,0,1,0.2622135877609253,0.6832172274589539,0.054569222033023834
Ephb6,0,1,0.16188697516918182,0.6236578226089478,0.21445517241954803
Cck,0,1,0.29274776577949524,0.5675504803657532,0.13970176875591278
Rapgef6,2,0,0.4609393775463104,0.32787322998046875,0.2111874371767044
Col6a1,0,1,0.16230548918247223,0.5799616575241089,0.25773289799690247
Kcnq2,0,0,0.6073598265647888,0.28140756487846375,0.11123257875442505
Tiam2,0,0,0.46336591243743896,0.17568494379520416,0.3609491288661957
Snx32,0,1,0.36256852746009827,0.5685039162635803,0.06892760097980499
Kif5a,0,0,0.7550856471061707,0.20318828523159027,0.04172611981630325
Nf1,2,0,0.40270617604255676,0.2006567120552063,0.39663711190223694
Dlg4,0,1,0.3811628222465515,0.5510225296020508,0.06781468540430069
Stx1b,0,0,0.6960044503211975,0.26461905241012573,0.039376527070999146
Svop,0,0,0.6728416085243225,0.17223963141441345,0.15491873025894165
Kifc2,0,1,0.32097119092941284,0.513424277305603,0.16560453176498413
Klhdc3,0,0,0.5114964842796326,0.42455291748046875,0.0639505684375763
Fbxl17,2,0,0.47872787714004517,0.1063818484544754,0.4148902893066406
Pitpnm2,0,0,0.6126901507377625,0.2696780264377594,0.11763184517621994
Camk2a,0,0,0.39069002866744995,0.30291786789894104,0.3063920736312866
4930402H24Rik,0,0,0.6523672938346863,0.15755751729011536,0.19007523357868195
Dnmt3a,0,0,0.7636166214942932,0.15379709005355835,0.08258633315563202
Cnih3,0,0,0.7724348306655884,0.14850233495235443,0.07906288653612137
Mapt,0,0,0.6652014851570129,0.2129126340150833,0.12188585102558136
Dach1,2,2,0.10093028098344803,0.10683467984199524,0.7922350764274597
Ptprs,0,0,0.6024485230445862,0.21458739042282104,0.18296410143375397
Syt11,0,0,0.5612232685089111,0.37306541204452515,0.06571130454540253
Odf2,0,0,0.5712719559669495,0.3685983717441559,0.06012967973947525
Cacna1a,0,0,0.6843582987785339,0.08078089356422424,0.23486080765724182
Sema6d,0,0,0.4395294785499573,0.2484472692012787,0.3120233118534088
Rbfox3,0,0,0.5114584565162659,0.11365517228841782,0.3748863637447357
Zmym3,0,2,0.1612526774406433,0.40081408619880676,0.43793320655822754
Susd4,0,0,0.6238178610801697,0.23669593036174774,0.13948620855808258
Tmem63b,0,0,0.6712104082107544,0.2691497504711151,0.05963985249400139
Elavl3,0,0,0.45010462403297424,0.44929054379463196,0.10060478001832962
Ptprn,0,0,0.6213327050209045,0.31420379877090454,0.06446348130702972
Plekhg5,0,0,0.7187340259552002,0.20802642405033112,0.0732395127415657
Immp2l,2,2,0.07189305871725082,0.06912849098443985,0.8589783906936646
Rasgef1a,0,0,0.6042349338531494,0.3320358097553253,0.06372925639152527
Camk2b,0,0,0.6442423462867737,0.17729182541370392,0.1784658133983612
Cwh43,0,1,0.3435613512992859,0.35113680362701416,0.3053017854690552
Cpt1c,0,0,0.5811235904693604,0.34708166122436523,0.07179474830627441
Kpnb1,0,0,0.49029287695884705,0.4020270109176636,0.10768012702465057
Grik5,0,0,0.737235963344574,0.1757047176361084,0.08705932646989822
Celf3,0,1,0.2657364308834076,0.5740891098976135,0.1601744443178177
Atp1a3,0,2,0.3533759117126465,0.2556101381778717,0.3910140097141266
Rora,2,0,0.4433172643184662,0.2221357673406601,0.3345469534397125
Lmtk3,0,0,0.6010043025016785,0.3450723886489868,0.05392330139875412
Csmd2,0,0,0.5030521154403687,0.08651290088891983,0.4104349911212921
Mbd5,2,2,0.37778565287590027,0.17460602521896362,0.4476082921028137
Celf4,0,2,0.4090937376022339,0.14061187207698822,0.4502943754196167
C1ql3,0,1,0.22830140590667725,0.6911982893943787,0.08050024509429932
Bmpr1b,0,2,0.2053983360528946,0.14436769485473633,0.6502339839935303
Eif4enif1,0,1,0.2395932525396347,0.6403674483299255,0.12003930658102036
Cdk9,0,0,0.5114964842796326,0.42455291748046875,0.0639505684375763
Tbc1d24,0,0,0.6791946291923523,0.23695440590381622,0.08385098725557327
Xist,2,1,0.15055343508720398,0.7020280957221985,0.14741843938827515
Bin1,0,1,0.4085336923599243,0.47856029868125916,0.11290596425533295
Nrn1,0,0,0.49252256751060486,0.44791045784950256,0.0595669224858284
Klc1,0,0,0.6149967312812805,0.25742197036743164,0.12758125364780426
Traf7,0,0,0.7264502048492432,0.21058756113052368,0.06296221911907196
Srrm3,0,0,0.7641645073890686,0.15356944501399994,0.08226606249809265
Stk25,0,0,0.4598425626754761,0.4013251066207886,0.13883228600025177
Unc5a,0,0,0.6523901224136353,0.24669618904590607,0.10091367363929749
Rimbp2,0,0,0.7415266633033752,0.14835725724697113,0.11011601984500885
Gnb2,0,1,0.41258978843688965,0.5302873849868774,0.057122841477394104
Rpl41,0,0,0.5823936462402344,0.3241170346736908,0.09348933398723602
Pacsin1,0,0,0.6650359034538269,0.2254236340522766,0.10954046994447708
Dync1li1,0,1,0.28879863023757935,0.6092772483825684,0.10192415118217468
Brinp2,0,0,0.4786958694458008,0.2603186368942261,0.26098546385765076
Prkar1b,0,0,0.7461495399475098,0.13079017400741577,0.12306028604507446
A930015D03Rik,0,0,0.6564165353775024,0.26701387763023376,0.0765695720911026
Gm15810,2,1,0.30349937081336975,0.5290846228599548,0.16741596162319183
Cox8a,0,0,0.495579332113266,0.38780561089515686,0.11661504954099655
Tmem132b,0,2,0.2359975427389145,0.11759068071842194,0.6464117765426636
Pde2a,0,0,0.6292843222618103,0.26778894662857056,0.10292673856019974
Rundc3a,0,1,0.3081604242324829,0.5623180270195007,0.12952156364917755
Srsf5,0,1,0.38936755061149597,0.4679045081138611,0.14272792637348175
Sulf1,0,1,0.31999412178993225,0.4228324294090271,0.25717344880104065
Grid1,2,2,0.1439514458179474,0.07523750513792038,0.7808110117912292
Gm15738,2,1,0.22385728359222412,0.6100884079933167,0.16605430841445923
Ralyl,2,2,0.08442608267068863,0.11616047471761703,0.7994134426116943
Ube3a,2,1,0.26865139603614807,0.6002900004386902,0.13105857372283936
Slc17a7,0,1,0.3420952260494232,0.5348007678985596,0.12310400605201721
Abr,0,0,0.5135302543640137,0.11675703525543213,0.3697126805782318
Ptpru,0,1,0.3287894129753113,0.554215669631958,0.1169949322938919
Grin1,0,0,0.630132794380188,0.31869447231292725,0.05117274075746536
Cdh13,0,0,0.41178449988365173,0.27337291836738586,0.3148425817489624
Nr3c2,2,2,0.3351184129714966,0.19992107152938843,0.4649604856967926
Snrnp70,0,0,0.5330159068107605,0.3889489471912384,0.07803511619567871
Eno2,0,1,0.44096967577934265,0.49275147914886475,0.06627879291772842
Lmo4,0,1,0.3793445825576782,0.48567551374435425,0.13497987389564514
Tom1l2,0,0,0.7246758341789246,0.18277277052402496,0.09255139529705048
Stx1a,0,0,0.747448205947876,0.19133803248405457,0.06121378019452095
Il1rapl1,2,2,0.10440343618392944,0.08724803477525711,0.808348536491394
Sfpq,0,1,0.3348335027694702,0.48701706528663635,0.17814940214157104
Adamts18,0,0,0.4492400884628296,0.3091829717159271,0.2415769100189209
Crocc,0,0,0.7718725800514221,0.18547360599040985,0.04265376925468445
Med24,0,0,0.6091154217720032,0.3152201771736145,0.07566440105438232
Slc6a7,0,1,0.3619619607925415,0.5232420563697815,0.11479596048593521
Zswim8,0,1,0.42751196026802063,0.4629254937171936,0.10956256836652756
Ccser1,2,2,0.07189305871725082,0.06912849098443985,0.8589783906936646
Mapk11,0,1,0.2913321554660797,0.6041363477706909,0.10453148931264877
Nrg3os,2,1,0.20820383727550507,0.6416401267051697,0.15015605092048645
Atp2b2,0,0,0.5840000510215759,0.0967789739370346,0.31922098994255066
R3hdm4,0,0,0.6145939230918884,0.34695494174957275,0.038451142609119415
Meg3,0,1,0.24178770184516907,0.6709434986114502,0.08726879954338074
Slc8a2,0,0,0.5049468874931335,0.2676156461238861,0.22743748128414154
Pcm1,2,1,0.2308737188577652,0.5961025357246399,0.1730237454175949
AY036118,2,1,0.2799910306930542,0.49177423119544983,0.22823472321033478
Il1rapl2,0,2,0.07688982039690018,0.06875631213188171,0.8543538451194763
Sorbs2os,2,0,0.641037106513977,0.25464457273483276,0.1043182909488678
Matk,0,1,0.3468511700630188,0.5210594534873962,0.13208936154842377
Camta2,0,0,0.6196463704109192,0.3001815378665924,0.08017206937074661
Plec,0,0,0.69840407371521,0.21304447948932648,0.08855146169662476
Nptxr,0,1,0.28127267956733704,0.6619551181793213,0.0567721463739872
Ndrg4,0,1,0.29349198937416077,0.6425217986106873,0.06398618221282959
Celf5,0,0,0.5879710912704468,0.34098389744758606,0.07104500383138657
Sdk1,0,0,0.4923570454120636,0.15490201115608215,0.3527408838272095
Nav2,0,2,0.2810078263282776,0.10618586838245392,0.6128063201904297
Tsix,2,2,0.08148941397666931,0.3313163220882416,0.5871942639350891
Akap8l,0,0,0.6425022482872009,0.31763678789138794,0.039860937744379044
Nbas,2,2,0.20978808403015137,0.19960817694664001,0.590603768825531
Chd3,0,0,0.5985718369483948,0.23371325433254242,0.1677149385213852
Pcsk2os2,2,1,0.1779632568359375,0.757104218006134,0.06493254750967026
Sdk2,0,2,0.3114895224571228,0.1699107140302658,0.5185997486114502
Gria1,0,0,0.4313226640224457,0.1882535070180893,0.38042378425598145
Cdh4,0,2,0.3373446762561798,0.20530354976654053,0.4573517143726349
Snta1,0,0,0.6756767630577087,0.2647126317024231,0.05961063504219055
Fgfr2,2,2,0.26207906007766724,0.12471964955329895,0.6132013201713562
