gene_name,gene_length.meta,9mo.2mo.activity.log_ratio.count.20kb-5Mb.enhancer_DMR,18mo.9mo.activity.log_ratio.min.20kb-5Mb.enhancer_DMR,18mo.9mo.contact.log_ratio.max.20kb-5Mb.enhancer_peak,9mo.2mo.log_ratio.DAR,9mo.2mo.log_ratio.mean.atac,18mo.2mo.log_ratio.mean.atac,18mo.2mo.log_ratio.max.atac,log2_distance.max.atac,DEG,pred
Rpia,-1.008581904146601,0.0,0.0,-0.020772341310101396,-0.10035610450979542,0.0002854904707740335,-0.1320397659917088,-0.09535815577734919,0.0029373315765577205,1.0,1.0
Rapgef6,0.8385907952838084,0.0,0.0,0.027989545727477354,-0.06773304873529602,0.006040998679750106,0.05092076343648574,0.16572333883275003,0.010343247367178692,1.0,2.0
4932441J04Rik,0.8616214036284124,0.0,0.0,0.027989545727477354,-0.16312095402356455,0.006040998679750106,-0.28415640783222285,-0.0074016769580981315,0.0030625057132805094,1.0,2.0
Mkrn1,-1.2042450055699139,0.0,0.0,0.01611123001202941,-0.0927029104958124,0.0017281741122989094,0.01577675967093776,-0.09535815577734919,0.004804457236519631,1.0,1.0
Zfp1,-1.2042450055699139,0.0,0.0,0.01611123001202941,-0.0927029104958124,0.0017281741122989094,0.01577675967093776,-0.09535815577734919,0.004804457236519631,1.0,1.0
Hgs,-1.1633036545313455,0.0,0.0,-0.020772341310101396,-0.09531801103559487,0.0002854904707740335,0.01577675967093776,-0.09535815577734919,0.004804457236519631,1.0,1.0
Fktn,0.5897889941492501,0.0,0.0,0.027989545727477354,-0.0743529456667602,0.006040998679750106,0.03485096355571466,-0.030470352510319036,0.004804457236519631,1.0,1.0
Mob3b,0.8603357995915062,0.0,0.0,0.07309723492054378,-0.4361842286718242,0.004899031975690056,0.03614235384499326,-0.0074016769580981315,0.004969280815738089,1.0,2.0
Sirt4,-1.1633036545313455,0.0,0.0,-0.020772341310101396,-0.09531801103559487,0.0002854904707740335,0.01577675967093776,-0.09535815577734919,0.004804457236519631,1.0,1.0
Reep5,-1.1633036545313455,0.0,0.0,-0.020772341310101396,-0.09531801103559487,0.0002854904707740335,0.01577675967093776,-0.09535815577734919,0.004804457236519631,1.0,1.0
Notch2,0.8502122588893947,0.0,0.0,-0.038213919081232124,-0.07245316728949547,0.003996881491997663,0.05092076343648574,0.16572333883275003,0.010343247367178692,1.0,2.0
Actn4,0.7597805919016108,0.0,0.0,-0.038213919081232124,-0.08689570216023747,0.003996881491997663,0.03485096355571466,-0.0074016769580981315,0.004804457236519631,1.0,1.0
Fmnl2,0.6966177203199443,0.0,0.0,-0.1044479939429199,-0.08215988558881424,0.000570980941548067,0.05092076343648574,0.16572333883275003,0.010343247367178692,1.0,2.0
Mynn,-1.0293708844658207,0.0,0.0,0.01611123001202941,-0.13737400769091704,0.0017281741122989094,-0.11188738979399204,-0.09535815577734919,0.002265585695996004,1.0,1.0
Hist1h1c,-1.0495232551851694,0.0,0.0,0.01611123001202941,-0.09774100397001295,0.0017281741122989094,-0.1320397659917088,-0.09535815577734919,0.0029373315765577205,1.0,0.0
Ajap1,0.8385907952838084,0.0,0.0,0.027989545727477354,-0.06773304873529602,0.006040998679750106,0.05092076343648574,0.16572333883275003,0.010343247367178692,1.0,2.0
Mrfap1,-1.1633036545313455,0.0,0.0,-0.020772341310101396,-0.09531801103559487,0.0002854904707740335,0.01577675967093776,-0.09535815577734919,0.004804457236519631,1.0,1.0
Parp6,-1.2042450055699139,0.0,0.0,0.01611123001202941,-0.0927029104958124,0.0017281741122989094,0.01577675967093776,-0.09535815577734919,0.004804457236519631,1.0,1.0
Bri3,0.8697427454240182,0.0,0.0,-0.1044479939429199,-0.08215988558881424,0.000570980941548067,0.05092076343648574,-0.0074016769580981315,0.010343247367178692,1.0,2.0
Ubl5,-1.1633036545313455,0.0,0.0,-0.020772341310101396,-0.09531801103559487,0.0002854904707740335,0.01577675967093776,-0.09535815577734919,0.004804457236519631,1.0,1.0
Akap7,0.9025885760784149,0.0,0.0,0.027989545727477354,-0.43447127839659944,0.006040998679750106,0.03614235384499326,-0.0074016769580981315,0.004969280815738089,1.0,2.0
Bace1,-1.2042450055699139,0.0,0.0,0.01611123001202941,-0.0927029104958124,0.0017281741122989094,0.01577675967093776,-0.09535815577734919,0.004804457236519631,1.0,1.0
Creg2,-1.1633036545313455,0.0,0.0,-0.020772341310101396,-0.09531801103559487,0.0002854904707740335,0.01577675967093776,-0.09535815577734919,0.004804457236519631,1.0,1.0
Sox10,-1.1633036545313455,0.0,0.0,-0.020772341310101396,-0.09531801103559487,0.0002854904707740335,0.01577675967093776,-0.09535815577734919,0.004804457236519631,1.0,1.0
Upf1,-1.2042450055699139,0.0,0.0,0.01611123001202941,-0.0927029104958124,0.0017281741122989094,0.01577675967093776,-0.09535815577734919,0.004804457236519631,1.0,1.0
Gadd45gip1,-1.1633036545313455,0.0,0.0,-0.020772341310101396,-0.09531801103559487,0.0002854904707740335,0.01577675967093776,-0.09535815577734919,0.004804457236519631,1.0,0.0
Twistnb,-1.2042450055699139,0.0,0.0,0.01611123001202941,-0.0927029104958124,0.0017281741122989094,0.01577675967093776,-0.09535815577734919,0.004804457236519631,1.0,1.0
Eef1a1,-1.2042450055699139,0.0,0.0,0.01611123001202941,-0.0927029104958124,0.0017281741122989094,0.01577675967093776,-0.09535815577734919,0.004804457236519631,1.0,1.0
Emg1,-1.2042450055699139,0.0,0.0,0.01611123001202941,-0.0927029104958124,0.0017281741122989094,0.01577675967093776,-0.09535815577734919,0.004804457236519631,1.0,1.0
Prpf4,-1.2042450055699139,0.0,0.0,0.01611123001202941,-0.0927029104958124,0.0017281741122989094,0.01577675967093776,-0.09535815577734919,0.004804457236519631,1.0,1.0
Slc9a6,-1.0539551674223997,0.0,0.0,0.01611123001202941,-0.10124481203691925,0.0017281741122989094,0.01577675967093776,-0.09535815577734919,0.004804457236519631,1.0,1.0
Nek1,1.0233372872804893,0.0,0.0,-0.038213919081232124,-0.07245316728949547,0.003996881491997663,0.05092076343648574,-0.0074016769580981315,0.010343247367178692,1.0,2.0
Galnt11,-1.2042450055699139,0.0,0.0,0.01611123001202941,-0.0927029104958124,0.0017281741122989094,0.01577675967093776,-0.09535815577734919,0.004804457236519631,1.0,1.0
Cdon,1.0117158227983643,0.0,0.0,0.027989545727477354,-0.06773304873529602,0.006040998679750106,0.05092076343648574,-0.0074016769580981315,0.010343247367178692,1.0,2.0
Rpl13,-1.1633036545313455,0.0,0.0,-0.020772341310101396,-0.09531801103559487,0.0002854904707740335,0.01577675967093776,-0.09535815577734919,0.004804457236519631,0.0,0.0
Schip1,0.8381775059901616,0.0,0.0,0.07309723492054378,-0.08623964427148595,0.004899031975690056,-0.3829030454816187,-0.0074016769580981315,0.004405997255269219,0.0,2.0
Ebf1,0.7588804637027138,0.0,0.0,-0.0391351617872715,1.0742359789197935,0.006503041176234975,0.05092076343648574,0.16572333883275003,0.010343247367178692,2.0,2.0
Pou6f2,0.7720419955165947,0.0,0.0,0.07309723492054378,-0.33945283282767325,0.004899031975690056,-0.28415640783222285,-0.0074016769580981315,0.0030625057132805094,2.0,0.0
Cdh18,0.7232749498284915,0.0,0.0,0.02675054923576467,0.9608478086233577,0.007945725146461935,0.037053962183349276,0.16572333883275003,-0.19373247969676466,2.0,2.0
Cmss1,0.9694630463114556,0.0,0.0,0.07309723492054378,-0.06944599901052083,0.004899031975690056,0.05092076343648574,-0.0074016769580981315,0.010343247367178692,0.0,2.0
Rassf3,0.42663551615003276,0.0,0.0,-0.018579759059802574,0.9088321441291448,0.007645007442025577,0.03485096355571466,0.24723265911726391,0.004804457236519631,2.0,2.0
Fam135b,0.8201822152032572,0.0,0.0,-0.04108887489008553,-0.2581723156001638,-0.11054844425662476,0.03614235384499326,-0.0074016769580981315,0.004969280815738089,0.0,0.0
Syt14,0.8385907952838084,0.0,0.0,0.027989545727477354,-0.06773304873529602,0.006040998679750106,0.05092076343648574,0.16572333883275003,0.010343247367178692,2.0,2.0
Adcy8,0.9694630463114556,0.0,0.0,0.07309723492054378,-0.06944599901052083,0.004899031975690056,0.05092076343648574,-0.0074016769580981315,0.010343247367178692,2.0,2.0
9930021J03Rik,1.0117158227983643,0.0,0.0,0.027989545727477354,-0.06773304873529602,0.006040998679750106,0.05092076343648574,-0.0074016769580981315,0.010343247367178692,2.0,2.0
Nell2,0.6966177203199443,0.0,0.0,-0.1044479939429199,-0.08215988558881424,0.000570980941548067,0.05092076343648574,0.16572333883275003,0.010343247367178692,0.0,2.0
Prr5l,0.7767901807366049,0.0,0.0,0.027989545727477354,-0.25985234986771555,0.006040998679750106,0.03614235384499326,0.16572333883275003,0.004969280815738089,2.0,2.0
Maf,-0.9601815465618583,0.0,0.0,0.009438345044413033,0.9763261797728345,0.0029841858674498167,0.01577675967093776,0.4765028973274371,0.004804457236519631,2.0,1.0
Gm16759,1.0233372872804893,0.0,0.0,-0.038213919081232124,-0.07245316728949547,0.003996881491997663,0.05092076343648574,-0.0074016769580981315,0.010343247367178692,2.0,2.0
Tle1,1.0117158227983643,0.0,0.0,0.027989545727477354,-0.06773304873529602,0.006040998679750106,0.05092076343648574,-0.0074016769580981315,0.010343247367178692,2.0,2.0
Ppfibp2,1.0117158227983643,0.0,0.0,0.027989545727477354,-0.06773304873529602,0.006040998679750106,0.05092076343648574,-0.0074016769580981315,0.010343247367178692,2.0,2.0
Kctd8,0.7588804637027138,0.0,0.0,-0.0391351617872715,1.0742359789197935,0.006503041176234975,0.05092076343648574,0.16572333883275003,0.010343247367178692,2.0,2.0
Plscr4,-1.2042450055699139,0.0,0.0,0.01611123001202941,-0.0927029104958124,0.0017281741122989094,0.01577675967093776,-0.09535815577734919,0.004804457236519631,2.0,1.0
Cdh19,0.8173339212422862,0.0,0.0,0.013046947335276534,0.9615867419497055,0.00851670784108779,0.05092076343648574,0.16572333883275003,0.010343247367178692,2.0,2.0
Manf,-1.0130138163838316,0.0,0.0,-0.020772341310101396,-0.10385991257670171,0.0002854904707740335,0.01577675967093776,-0.09535815577734919,0.004804457236519631,0.0,1.0
Gria1,0.6845617795034367,0.0,0.0,-0.04108887489008553,-0.33605984828489666,-0.11054844425662476,-0.28415640783222285,-0.0074016769580981315,0.0030625057132805094,0.0,0.0
Etl4,0.7084914432728991,0.0,0.0,-0.1044479939429199,-0.15000621338977532,0.000570980941548067,-0.24728935135199742,-0.0074016769580981315,-0.050189245492219925,0.0,0.0
Pak1,1.0117158227983643,0.0,0.0,0.027989545727477354,-0.06773304873529602,0.006040998679750106,0.05092076343648574,-0.0074016769580981315,0.010343247367178692,2.0,2.0
Cspg4,-1.0495232551851694,0.0,0.0,0.01611123001202941,-0.09774100397001295,0.0017281741122989094,-0.1320397659917088,-0.09535815577734919,0.0029373315765577205,0.0,1.0
Cst3,-1.1633036545313455,0.0,0.0,-0.020772341310101396,-0.09531801103559487,0.0002854904707740335,0.01577675967093776,-0.09535815577734919,0.004804457236519631,0.0,0.0
Hs3st4,0.8697427454240182,0.0,0.0,-0.1044479939429199,-0.08215988558881424,0.000570980941548067,0.05092076343648574,-0.0074016769580981315,0.010343247367178692,0.0,2.0
A230006K03Rik,1.0233372872804893,0.0,0.0,-0.038213919081232124,-0.07245316728949547,0.003996881491997663,0.05092076343648574,-0.0074016769580981315,0.010343247367178692,0.0,2.0
Scel,0.8173339212422862,0.0,0.0,0.013046947335276534,0.9615867419497055,0.00851670784108779,0.05092076343648574,0.16572333883275003,0.010343247367178692,2.0,2.0
Megf10,0.8385907952838084,0.0,0.0,0.027989545727477354,-0.06773304873529602,0.006040998679750106,0.05092076343648574,0.16572333883275003,0.010343247367178692,2.0,2.0
Cpq,0.9022402834585485,0.0,0.0,0.07309723492054378,-0.08388853388126283,0.004899031975690056,0.037053962183349276,-0.0074016769580981315,-0.19373247969676466,2.0,0.0
Btaf1,1.0117158227983643,0.0,0.0,0.027989545727477354,-0.06773304873529602,0.006040998679750106,0.05092076343648574,-0.0074016769580981315,0.010343247367178692,2.0,2.0
Rps16,-1.1633036545313455,0.0,0.0,-0.020772341310101396,-0.09531801103559487,0.0002854904707740335,0.01577675967093776,-0.09535815577734919,0.004804457236519631,0.0,1.0
Cpeb1,1.0117158227983643,0.0,0.0,0.027989545727477354,-0.06773304873529602,0.006040998679750106,0.05092076343648574,-0.0074016769580981315,0.010343247367178692,2.0,2.0
Ubp1,-0.6852610570871654,0.0,0.0,0.03069452114184113,-0.07026090456501526,0.0,-0.013092006310163176,-0.18181510269641876,-0.01589043438434601,1.0,1.0
Fbxo11,1.0434537110850215,0.0,0.0,0.0671685205443817,-0.02415397303069339,0.0,-0.05819316854810014,-0.026088648311355534,-0.03706136789611157,1.0,1.0
Exosc4,-0.8761200033785665,0.0,0.0,0.03069452114184113,-0.07026090456501526,0.0,0.032518028309020924,-0.18181510269641876,-0.007073289988672032,1.0,1.0
Dus3l,-0.8761200033785665,0.0,0.0,0.03069452114184113,-0.07026090456501526,0.0,0.032518028309020924,-0.18181510269641876,-0.007073289988672032,1.0,0.0
Stk19,-0.8761200033785665,0.0,0.0,0.03069452114184113,-0.07026090456501526,0.0,0.032518028309020924,-0.18181510269641876,-0.007073289988672032,1.0,1.0
3110039M20Rik,-0.6010890444740653,0.0,0.0,-0.043960837318616754,-0.19590089678326073,0.0,-0.02615678814404151,-0.18905875163481517,-0.01589043438434601,1.0,1.0
Nono,-0.8190851123346126,0.0,0.0,0.029245791354161853,-0.06765319050892311,0.0,-0.013092006310163176,-0.18558180014438488,-0.01589043438434601,1.0,1.0
Ints1,-0.8139923824654782,0.0,0.0,-0.033449330312364245,-0.06618941761553288,0.0,0.03075251739253016,-0.18210484865395463,-0.007073289988672032,1.0,1.0
Mif,-0.8761200033785665,0.0,0.0,0.03069452114184113,-0.07026090456501526,0.0,0.032518028309020924,-0.18181510269641876,-0.007073289988672032,1.0,1.0
Dcaf8,-0.4981624383397181,0.0,0.0,0.03069452114184113,-0.07026090456501526,0.0,0.032518028309020924,0.5720381337930175,-0.007073289988672032,1.0,1.0
Unc5a,-0.43603481637204394,0.0,0.0,-0.033449330312364245,-0.06618941761553288,0.0,0.03075251739253016,0.5717483878354815,-0.007073289988672032,1.0,1.0
Cand1,-0.6545817178728826,0.0,0.0,0.024832013912279818,-0.06959525227327557,0.0,-0.03480779137188459,-0.18558180014438488,-0.01589043438434601,1.0,1.0
Rrp1,-0.8139923824654782,0.0,0.0,-0.033449330312364245,-0.06618941761553288,0.0,0.03075251739253016,-0.18210484865395463,-0.007073289988672032,1.0,1.0
Chac2,-0.8139923824654782,0.0,0.0,-0.033449330312364245,-0.06618941761553288,0.0,0.03075251739253016,-0.18210484865395463,-0.007073289988672032,1.0,1.0
Gpatch2l,-0.6775606139289105,0.0,0.0,-0.033449330312364245,-0.06618941761553288,0.0,0.03075251739253016,-0.18210484865395463,-0.007073289988672032,1.0,1.0
Cetn3,-0.7910134864094502,0.0,0.0,0.024832013912279818,-0.06959525227327557,0.0,-0.03480779137188459,-0.18558180014438488,-0.01589043438434601,1.0,1.0
Mysm1,-0.6826533437980449,0.0,0.0,0.029245791354161853,-0.06765319050892311,0.0,-0.013092006310163176,-0.18558180014438488,-0.01589043438434601,1.0,1.0
Cnot7,-0.6887836806914386,0.0,0.0,0.03677165719187435,-0.1701466403901577,0.0,-0.03480779137188459,-0.1991998601485701,-0.01589043438434601,1.0,1.0
Col4a3bp,1.1210369650164949,0.0,0.0,0.0671685205443817,-0.02415397303069339,0.0,0.052683721789542365,-0.026088648311355534,0.03512176953475265,1.0,2.0
Pcgf2,-0.6610764853984994,0.0,0.0,-0.001815810361329247,-0.19112326281473918,0.0,-0.013092006310163176,-0.18905875163481517,-0.01589043438434601,1.0,1.0
Cant1,-0.8761200033785665,0.0,0.0,0.03069452114184113,-0.07026090456501526,0.0,0.032518028309020924,-0.18181510269641876,-0.007073289988672032,1.0,1.0
Smim15,-0.7910134864094502,0.0,0.0,0.024832013912279818,-0.06959525227327557,0.0,-0.03480779137188459,-0.18558180014438488,-0.01589043438434601,1.0,1.0
Kctd13,-0.8190851123346126,0.0,0.0,0.029245791354161853,-0.06765319050892311,0.0,-0.013092006310163176,-0.18558180014438488,-0.01589043438434601,1.0,1.0
Bop1,-0.8197403632871368,0.0,0.0,0.02348336629459963,0.46759656641413183,0.0,0.0312821707167827,-0.18181510269641876,-0.007073289988672032,1.0,1.0
Emc10,-0.8190851123346126,0.0,0.0,0.029245791354161853,-0.06765319050892311,0.0,-0.013092006310163176,-0.18558180014438488,-0.01589043438434601,1.0,1.0
Eya3,0.8543673059629167,0.0,0.0,0.0671685205443817,-0.02415397303069339,0.0,0.10892135989578332,0.23007507282583153,-0.010609934818657005,1.0,2.0
Zfp931,-0.6345942068762858,0.0,0.0,0.03069452114184113,-0.07026090456501526,0.0,0.032518028309020924,0.5720381337930175,-0.007073289988672032,1.0,1.0
Lrch1,0.3961997137624113,0.0,0.0,-0.25493666814530597,-0.4457540203105001,0.0,0.042443758342415094,0.23210329452858253,0.03512176953475265,1.0,1.0
Plod1,-0.6769811217947042,0.0,0.0,-0.03286983839729253,-0.0656099255908938,0.0,0.03075251739253016,-0.18384332439916976,-0.007073289988672032,1.0,1.0
Chd2,1.0106152053374577,0.0,0.0,0.04562928626204238,-0.031216016806223813,0.0,-0.1408190815435613,-0.026088648311355534,-0.03706136789611157,1.0,2.0
Rundc3a,-0.8761200033785665,0.0,0.0,0.03069452114184113,-0.07026090456501526,0.0,0.032518028309020924,-0.18181510269641876,-0.007073289988672032,1.0,1.0
Higd2a,-0.8761200033785665,0.0,0.0,0.03069452114184113,-0.07026090456501526,0.0,0.032518028309020924,-0.18181510269641876,-0.007073289988672032,1.0,0.0
Tceal5,-0.8190851123346126,0.0,0.0,0.029245791354161853,-0.06765319050892311,0.0,-0.013092006310163176,-0.18558180014438488,-0.01589043438434601,1.0,0.0
Zfp326,-0.6769811217947042,0.0,0.0,-0.03286983839729253,-0.0656099255908938,0.0,0.03075251739253016,-0.18384332439916976,-0.007073289988672032,1.0,1.0
Clstn2,0.6967040915042162,0.0,0.0,-0.0991359921720098,-0.0221654002499931,0.0,-0.11598728226004716,-0.02782712405657067,-0.10545726958662271,0.0,0.0
Chd3,-0.7396882348419989,0.0,0.0,0.03069452114184113,-0.07026090456501526,0.0,0.032518028309020924,-0.18181510269641876,-0.007073289988672032,0.0,1.0
Mitf,0.9115401464240516,0.0,0.0,0.09611618244910941,-0.0367198329528465,0.0,0.052683721789542365,-0.026088648311355534,0.03512176953475265,2.0,2.0
Ar,0.7449001503341338,0.0,0.0,-0.03895570228205008,0.8734701516873696,0.0,0.09709243664024945,0.22833659708061638,-0.010609934818657005,2.0,2.0
Xrcc4,0.8094694682342165,0.0,0.0,0.09611618244910941,-0.0367198329528465,0.0,-0.0801474093733465,-0.026088648311355534,-0.10545726958662271,2.0,2.0
Tspan3,-0.3816076384528595,0.0,0.0,-0.033449330312364245,-0.06618941761553288,0.0,-0.014857517226653941,0.5717483878354815,-0.01589043438434601,0.0,1.0
Tpk1,0.8877225511104745,0.0,0.0,0.09611618244910941,-0.0367198329528465,0.0,-0.009989479337545001,-0.026088648311355534,0.11311166119926117,2.0,2.0
Ano3,0.7410395441795973,0.0,0.0,0.12018463136080433,-0.3459202646113494,0.0,-0.09261539233300616,-0.09707640790764023,0.11311166119926117,0.0,0.0
Rab11fip4,0.7665203069062794,0.0,0.0,0.04037385680438841,0.77828652050127,0.0,0.04385616720708854,0.23007507282583153,0.03512176953475265,2.0,2.0
Gulp1,0.6636322658399448,0.0,0.0,0.04921897571972188,0.8723294441314304,0.0,0.04385616720708854,0.23007507282583153,0.03512176953475265,2.0,2.0
Slc8a3,0.6069152514340684,0.0,0.0,-0.20508236153160825,-0.42675534586476926,0.0,-0.06843313199522741,0.23210329452858253,-0.03706136789611157,2.0,1.0
Rin2,0.812414260526352,0.0,0.0,0.17214718910262866,-0.2655524963184315,0.0,-0.009989479337545001,-0.0029089717084870618,0.11311166119926117,2.0,2.0
Fign,0.841055647470057,0.0,0.0,0.0671685205443817,-0.02415397303069339,0.0,-0.009989479337545001,0.23007507282583153,0.11311166119926117,2.0,2.0
Stk33,0.7616244844325325,0.0,0.0,-0.08476845700951184,-0.0015777663382537225,0.0,-0.06843313199522741,0.22833659708061638,-0.03706136789611157,2.0,2.0
Itm2b,-0.7910134864094502,0.0,0.0,0.024832013912279818,-0.06959525227327557,0.0,-0.03480779137188459,-0.18558180014438488,-0.01589043438434601,0.0,1.0
Rcan2,0.6636322658399448,0.0,0.0,0.04921897571972188,0.8723294441314304,0.0,0.04385616720708854,0.23007507282583153,0.03512176953475265,2.0,2.0
Ralyl,0.8877225511104745,0.0,0.0,0.09611618244910941,-0.0367198329528465,0.0,-0.009989479337545001,-0.026088648311355534,0.11311166119926117,2.0,2.0
Abca8a,1.0174984581330244,0.0,0.0,-0.0833197273861836,-0.00012903687927652807,0.0,-0.06843313199522741,-0.030434837674393374,-0.03706136789611157,2.0,1.0
Mpped1,0.7449001503341338,0.0,0.0,-0.03895570228205008,0.8734701516873696,0.0,0.09709243664024945,0.22833659708061638,-0.010609934818657005,2.0,2.0
Eya1,0.9168446318191641,0.0,0.0,-0.20508236153160825,-0.42675534586476926,0.0,-0.020229442784672275,-0.024060426608604545,0.11311166119926117,2.0,0.0
Camk2a,0.8543673059629167,0.0,0.0,0.0671685205443817,-0.02415397303069339,0.0,0.10892135989578332,0.23007507282583153,-0.010609934818657005,0.0,2.0
Gm15398,1.0174984581330244,0.0,0.0,-0.0833197273861836,-0.00012903687927652807,0.0,-0.06843313199522741,-0.030434837674393374,-0.03706136789611157,0.0,2.0
Sema3e,0.6266454870757812,0.0,0.0,0.04921897571972188,0.4398446545990951,0.0,-0.018817033919998827,0.23007507282583153,0.11311166119926117,2.0,2.0
Unc13b,0.6553764240268398,0.0,0.0,0.09611618244910941,-0.0367198329528465,0.0,0.052683721789542365,0.23007507282583153,0.03512176953475265,2.0,2.0
Pde8a,0.7554060871548512,0.0,0.0,-0.03895570228205008,0.8734701516873696,0.0,0.04085479853400851,0.22833659708061638,0.03512176953475265,2.0,2.0
Oxr1,0.5533057534519363,0.0,0.0,0.09611618244910941,-0.0367198329528465,0.0,-0.0801474093733465,0.23007507282583153,-0.10545726958662271,2.0,2.0
Tuba1a,-0.6010890444740653,0.0,0.0,-0.043960837318616754,-0.19590089678326073,0.0,-0.02615678814404151,-0.18905875163481517,-0.01589043438434601,0.0,0.0
Tnc,0.8648732427836341,0.0,0.0,0.0671685205443817,-0.02415397303069339,0.0,0.052683721789542365,0.23007507282583153,0.03512176953475265,2.0,2.0
A830018L16Rik,0.696414345437113,0.0,0.0,-0.09768726254868157,-0.020716670791015905,0.0,-0.11598728226004716,-0.030434837674393374,-0.10545726958662271,0.0,0.0
Rps8,-0.7589857125764384,0.0,0.0,-0.03286983839729253,-0.0656099255908938,0.0,-0.014857517226653941,-0.18384332439916976,-0.01589043438434601,0.0,0.0
Pcsk1n,-0.8190851123346126,0.0,0.0,0.029245791354161853,-0.06765319050892311,0.0,-0.013092006310163176,-0.18558180014438488,-0.01589043438434601,0.0,1.0
Rbfox3,0.3809088798623313,0.0,0.0,-0.25493666814530597,-0.4457540203105001,0.0,0.12429467657142702,0.23210329452858253,-0.031438316492473375,0.0,2.0
Rorb,1.0715538628180237,0.0,0.0,-0.08476845700951184,-0.0015777663382537225,0.0,-0.020229442784672275,-0.02782712405657067,0.11311166119926117,2.0,2.0
Cntnap5a,0.5419948605053565,0.0,0.0,-0.21944989669410622,-0.44734297977650866,0.0,-0.11598728226004716,-0.024060426608604545,-0.10545726958662271,0.0,0.0
Mettl15,0.7647928030723158,0.0,0.0,0.06414437556968015,-0.6543730136609691,0.002208638278877034,-0.1563484177322072,0.0,0.0,1.0,0.0
Cggbp1,-1.416872079100679,0.0,0.0,0.0248918997890809,-0.0708817711154766,0.004417276667321429,-0.02656839174382827,0.0,0.0,1.0,1.0
Cntnap4,0.9469601573860821,0.0,0.0,0.0933961515479228,0.037905574721448565,0.01104319139438517,-0.2354325550224851,0.0,0.0,1.0,2.0
Ttll5,0.8494666977922487,0.0,0.0,-0.12078311447711552,0.017740896546884495,0.01104319139438517,0.1095577577019439,0.0,0.0,1.0,2.0
Lpar6,-1.3228197958977783,0.0,0.0,0.0248918997890809,-0.07515658895649455,0.004417276667321429,-0.11634584866902407,0.0,0.0,1.0,1.0
Slc6a17,-1.0087634813697899,0.0,0.0,-0.021028393167344964,0.7358634319320759,0.004417276667321429,0.2585279621622142,0.0,0.0,1.0,1.0
Tprkb,-1.416872079100679,0.0,0.0,0.0248918997890809,-0.0708817711154766,0.004417276667321429,-0.02656839174382827,0.0,0.0,1.0,1.0
Usp50,1.0560305938124657,0.0,0.0,-0.0449560006861301,0.014111039420480238,0.01104319139438517,0.1095577577019439,0.0,0.0,1.0,2.0
Slc15a4,-0.9708751126685563,0.0,0.0,-0.029276530422708568,-0.04613340396762771,0.004417276667321429,-0.02656839174382827,0.0,0.0,1.0,1.0
Trim2,1.1433049888514422,0.0,0.0,-0.0449560006861301,0.014111039420480238,0.01104319139438517,0.022283363649073767,0.0,0.0,1.0,2.0
Cisd1,-1.3228197958977783,0.0,0.0,0.0248918997890809,-0.07515658895649455,0.004417276667321429,-0.11634584866902407,0.0,0.0,1.0,1.0
Ing4,-1.416872079100679,0.0,0.0,0.0248918997890809,-0.0708817711154766,0.004417276667321429,-0.02656839174382827,0.0,0.0,1.0,1.0
Phf6,-0.734543471432784,0.0,0.0,0.0248918997890809,-0.2610104282879654,0.0014724255922962638,-0.09924657664754812,0.0,0.0,1.0,1.0
Hibadh,1.1145083905909867,0.0,0.0,0.037403478013241995,0.020541590967160815,0.01104319139438517,0.022283363649073767,0.0,0.0,1.0,2.0
Ntng1,0.5618255161406362,0.0,0.0,-0.0871977403979091,-0.5798064158024157,-0.08098340439884101,-0.1563484177322072,0.0,0.0,1.0,0.0
Slc31a1,-1.416872079100679,0.0,0.0,0.0248918997890809,-0.0708817711154766,0.004417276667321429,-0.02656839174382827,0.0,0.0,1.0,1.0
Znrd1,-1.416872079100679,0.0,0.0,0.0248918997890809,-0.0708817711154766,0.004417276667321429,-0.02656839174382827,0.0,0.0,1.0,1.0
Scn3b,-1.1434089173288906,0.0,0.0,0.017308105988537565,-0.330610160031082,0.0014724255922962638,-0.029774505425901973,0.0,0.0,1.0,1.0
Pcca,1.0208463505020036,0.0,0.0,0.0933961515479228,0.05821096064413295,0.01104319139438517,0.022283363649073767,0.0,0.0,1.0,2.0
Sec62,-1.3598844302708613,0.0,0.0,-0.029276530422708568,-0.07370099263703998,0.004417276667321429,-0.02656839174382827,0.0,0.0,1.0,0.0
Utp14a,-1.416872079100679,0.0,0.0,0.0248918997890809,-0.0708817711154766,0.004417276667321429,-0.02656839174382827,0.0,0.0,1.0,1.0
Rph3a,1.1433049888514422,0.0,0.0,-0.0449560006861301,0.014111039420480238,0.01104319139438517,0.022283363649073767,0.0,0.0,1.0,2.0
Pten,1.1433049888514422,0.0,0.0,-0.0449560006861301,0.014111039420480238,0.01104319139438517,0.022283363649073767,0.0,0.0,1.0,2.0
Sept7,-1.0278627614983742,0.0,0.0,0.0248918997890809,-0.04331418244606432,0.004417276667321429,-0.02656839174382827,0.0,0.0,1.0,1.0
Crebbp,1.1082504065159489,0.0,0.0,-0.03670786348555018,0.04091748532236499,0.01104319139438517,0.022283363649073767,0.0,0.0,1.0,2.0
Sbno2,-0.8603275454438785,0.0,0.0,-0.029276530422708568,-0.04613340396762771,0.004417276667321429,0.2585279621622142,0.0,0.0,1.0,1.0
Arhgap23,1.0771739500410416,0.0,0.0,-0.03670786348555018,0.8784127851455089,0.01104319139438517,0.022283363649073767,0.0,0.0,1.0,2.0
Kdelr2,-1.416872079100679,0.0,0.0,0.0248918997890809,-0.0708817711154766,0.004417276667321429,-0.02656839174382827,0.0,0.0,1.0,1.0
Nktr,-0.9708751126685563,0.0,0.0,-0.029276530422708568,-0.04613340396762771,0.004417276667321429,-0.02656839174382827,0.0,0.0,1.0,1.0
Mpdu1,-1.3598844302708613,0.0,0.0,-0.029276530422708568,-0.07370099263703998,0.004417276667321429,-0.02656839174382827,0.0,0.0,1.0,1.0
Rarg,-1.1769942841766512,0.0,0.0,0.0248918997890809,-0.30460858372423577,0.0014724255922962638,-0.029774505425901973,0.0,0.0,1.0,1.0
Rps6,-1.0665651402052712,0.0,0.0,-0.029276530422708568,-0.29139723847894106,0.0014724255922962638,-0.09924657664754812,0.0,0.0,1.0,0.0
Cnnm3,-1.416872079100679,0.0,0.0,0.0248918997890809,-0.0708817711154766,0.004417276667321429,-0.02656839174382827,0.0,0.0,1.0,1.0
Adam19,1.1145083905909867,0.0,0.0,0.037403478013241995,0.020541590967160815,0.01104319139438517,0.022283363649073767,0.0,0.0,1.0,2.0
4732471J01Rik,0.9367410929544884,0.0,0.0,-0.12078311447711552,0.017740896546884495,0.01104319139438517,0.022283363649073767,0.0,0.0,2.0,2.0
Fnip1,1.1433049888514422,0.0,0.0,-0.0449560006861301,0.014111039420480238,0.01104319139438517,0.022283363649073767,0.0,0.0,2.0,2.0
Grm1,0.88585449103266,0.0,0.0,0.0933961515479228,0.00992948901565636,-0.20024987112949877,-0.2354325550224851,0.0,0.0,0.0,0.0
6030407O03Rik,0.9847092836656991,0.0,0.0,-0.06029677363660406,0.9961418735466021,0.01104319139438517,0.022283363649073767,0.0,0.0,2.0,2.0
Arhgef12,1.1433049888514422,0.0,0.0,-0.0449560006861301,0.014111039420480238,0.01104319139438517,0.022283363649073767,0.0,0.0,2.0,2.0
Ttyh2,-1.0087634813697899,0.0,0.0,-0.021028393167344964,0.7358634319320759,0.004417276667321429,0.2585279621622142,0.0,0.0,2.0,1.0
Aff3,1.0208463505020036,0.0,0.0,0.0933961515479228,0.05821096064413295,0.01104319139438517,0.022283363649073767,0.0,0.0,0.0,2.0
Arap2,1.1433049888514422,0.0,0.0,-0.0449560006861301,0.014111039420480238,0.01104319139438517,0.022283363649073767,0.0,0.0,2.0,2.0
2210408F21Rik,1.1082504065159489,0.0,0.0,-0.03670786348555018,0.04091748532236499,0.01104319139438517,0.022283363649073767,0.0,0.0,2.0,2.0
Cd81,-1.416872079100679,0.0,0.0,0.0248918997890809,-0.0708817711154766,0.004417276667321429,-0.02656839174382827,0.0,0.0,0.0,1.0
Pls1,1.0771739500410416,0.0,0.0,-0.03670786348555018,0.8784127851455089,0.01104319139438517,0.022283363649073767,0.0,0.0,2.0,2.0
Tmem117,0.9178231672986465,0.0,0.0,-0.12078311447711552,0.03665882422972251,0.01104319139438517,0.022283363649073767,0.0,0.0,2.0,2.0
Peg3,-1.1200066353468334,0.0,0.0,-0.029276530422708568,-0.30742780524579916,0.0014724255922962638,-0.029774505425901973,0.0,0.0,2.0,1.0
Klhl29,0.6281672427978586,0.0,0.0,-0.12078311447711552,-0.7266016803298365,0.002208638278877034,0.008390204323565258,0.0,0.0,0.0,0.0
Pld5,0.5618255161406362,0.0,0.0,-0.0871977403979091,-0.5798064158024157,-0.08098340439884101,-0.1563484177322072,0.0,0.0,0.0,0.0
Pbx3,0.9524898777770645,0.0,0.0,0.0933961515479228,0.03929303296129493,0.01104319139438517,0.1095577577019439,0.0,0.0,2.0,2.0
Dach2,1.0208463505020036,0.0,0.0,0.0933961515479228,0.05821096064413295,0.01104319139438517,0.022283363649073767,0.0,0.0,2.0,2.0
Hcn1,0.9178231672986465,0.0,0.0,-0.12078311447711552,0.03665882422972251,0.01104319139438517,0.022283363649073767,0.0,0.0,0.0,2.0
Ndst3,0.9898995550020653,0.0,0.0,-0.03670786348555018,0.8784127851455089,0.01104319139438517,0.1095577577019439,0.0,0.0,2.0,2.0
Cd9,-1.1769942841766512,0.0,0.0,0.0248918997890809,-0.30460858372423577,0.0014724255922962638,-0.029774505425901973,0.0,0.0,0.0,1.0
Etv5,-0.7879849665743464,0.0,0.0,0.0248918997890809,-0.2770409950548235,0.0014724255922962638,-0.029774505425901973,0.0,0.0,2.0,1.0
Rpl41,-1.416872079100679,0.0,0.0,0.0248918997890809,-0.0708817711154766,0.004417276667321429,-0.02656839174382827,0.0,0.0,0.0,1.0
Phldb2,1.0231220602222226,0.0,0.0,0.045969361768049354,0.9097808815867585,0.01104319139438517,0.022283363649073767,0.0,0.0,2.0,2.0
Rreb1,0.9657212323235238,0.0,0.0,0.03121737511280705,0.8946592967190287,0.01104319139438517,0.1095577577019439,0.0,0.0,2.0,2.0
St5,1.0902581904631328,0.0,0.0,0.037403478013241995,0.04479179109501488,0.01104319139438517,0.022283363649073767,0.0,0.0,2.0,2.0
Rabac1,-1.416872079100679,0.0,0.0,0.0248918997890809,-0.0708817711154766,0.004417276667321429,-0.02656839174382827,0.0,0.0,0.0,1.0
Utrn,0.7311904260012156,0.0,0.0,0.0933961515479228,-0.7050495439154261,0.002208638278877034,0.008390204323565258,0.0,0.0,2.0,0.0
Plp1,-1.2176035146146793,0.0,0.0,0.018705796833862278,0.9049692755729398,0.004417276667321429,0.2585279621622142,0.0,0.0,2.0,1.0
Tmsb4x,-1.416872079100679,0.0,0.0,0.0248918997890809,-0.0708817711154766,0.004417276667321429,-0.02656839174382827,0.0,0.0,0.0,1.0
Gpc5,0.7311904260012156,0.0,0.0,0.0933961515479228,-0.7050495439154261,0.002208638278877034,0.008390204323565258,0.0,0.0,2.0,0.0
Celf4,1.0397642761578454,0.0,0.0,0.0933961515479228,0.03929303296129493,0.01104319139438517,0.022283363649073767,0.0,0.0,0.0,2.0
Dcaf6,1.0205479717320378,0.0,0.0,0.037403478013241995,-0.5470234031843788,0.002208638278877034,0.008390204323565258,0.0,0.0,2.0,2.0
Plxna4,0.9178231672986465,0.0,0.0,-0.12078311447711552,0.03665882422972251,0.01104319139438517,0.022283363649073767,0.0,0.0,0.0,2.0
Ryr2,0.6431807191385066,0.0,0.0,0.06414437556968015,-0.6210914216387797,-0.08098340439884101,-0.1563484177322072,0.0,0.0,0.0,0.0
AA386476,-0.8871220536530018,0.0,0.0,-0.0736688279601581,-0.1748794953831855,0.0,0.03744845656568513,-0.12080623987404739,0.00544563089223469,1.0,1.0
Eid2,-1.027406999731765,0.0,0.0,0.03708060441867394,-0.155153001220349,0.0,0.04725747971850283,-0.12080623987404739,0.00544563089223469,1.0,1.0
Klhl24,-0.6186313240186256,0.0,0.0,-0.0736688279601581,-0.175430299823775,0.0,0.03744845656568513,-0.12080623987404739,0.00544563089223469,1.0,1.0
Tfrc,-0.7505298069513896,0.0,0.0,-0.015795535216217533,-0.1652366806040792,0.0,-0.16665989949422724,-0.12080623987404739,0.00544563089223469,1.0,1.0
Llgl1,-0.8871220536530018,0.0,0.0,-0.0736688279601581,-0.1748794953831855,0.0,0.03744845656568513,-0.12080623987404739,0.00544563089223469,1.0,1.0
Slc16a6,-0.9526572159546263,0.0,0.0,-0.023704936070477262,-0.16254583729759736,0.0,0.04068607064511846,-0.12080623987404739,0.00544563089223469,1.0,1.0
Slc16a14,-0.7890034380423672,0.0,0.0,0.06391128616900567,-0.15244731728864067,0.0,0.04725747971850283,-0.12080623987404739,0.00544563089223469,1.0,1.0
Kifc2,-1.0574941676767433,0.0,0.0,0.06391128616900567,-0.15189651284805117,0.0,0.04725747971850283,-0.12080623987404739,0.00544563089223469,1.0,1.0
Ankib1,1.027173608979758,0.0,0.0,0.2065414752372924,-0.11663612876744832,0.0,0.1281146259211442,-0.0329634626122082,0.012037710231893203,1.0,2.0
Sipa1l3,0.6289060884977088,0.0,0.0,-0.28436549763907404,-0.18846813490723863,0.0,0.08533298070816432,0.15387895045911565,0.012037710231893203,1.0,2.0
Elovl4,-0.5314297624589766,0.0,0.0,0.04594576160204323,-0.15883457835982828,0.0,-0.18596341460943222,-0.12080623987404739,0.00544563089223469,1.0,1.0
Tnip2,-0.8508515954017639,0.0,0.0,-0.0736688279601581,-0.1748794953831855,0.0,0.03744845656568513,0.03769461777718628,0.00544563089223469,1.0,1.0
Tmem147,-0.8871220536530018,0.0,0.0,-0.0736688279601581,-0.1748794953831855,0.0,0.03744845656568513,-0.12080623987404739,0.00544563089223469,1.0,1.0
Atp13a2,-1.027406999731765,0.0,0.0,0.03708060441867394,-0.155153001220349,0.0,0.04725747971850283,-0.12080623987404739,0.00544563089223469,1.0,1.0
Cep63,-0.6186313240186256,0.0,0.0,-0.0736688279601581,-0.175430299823775,0.0,0.03744845656568513,-0.12080623987404739,0.00544563089223469,1.0,1.0
A330102I10Rik,-0.9143536342855763,0.0,0.0,0.06391128616900567,-0.16133040206178145,0.0,0.04725747971850283,-0.12080623987404739,0.00544563089223469,1.0,1.0
B4galt6,0.35396327746703343,0.0,0.0,0.15442189322236707,-0.1586443768156802,0.0,0.09552169043351622,0.06485188588061754,0.00544563089223469,1.0,1.0
Lasp1,-0.6186313240186256,0.0,0.0,-0.0736688279601581,-0.175430299823775,0.0,0.03744845656568513,-0.12080623987404739,0.00544563089223469,1.0,1.0
Atp5e,-0.8871220536530018,0.0,0.0,-0.0736688279601581,-0.1748794953831855,0.0,0.03744845656568513,-0.12080623987404739,0.00544563089223469,1.0,0.0
Tatdn1,-0.5667994919726077,0.0,0.0,0.026402063777341563,-0.15009222393307617,0.0,-0.13979234305374763,-0.12080623987404739,0.00544563089223469,1.0,1.0
Lpcat1,-0.4757610699709724,0.0,0.0,-0.0736688279601581,-0.175430299823775,0.0,0.03744845656568513,0.34605936432147727,0.00544563089223469,1.0,1.0
Lias,-0.8871220536530018,0.0,0.0,-0.0736688279601581,-0.1748794953831855,0.0,0.03744845656568513,-0.12080623987404739,0.00544563089223469,1.0,0.0
Pde5a,0.8308099864379448,0.0,0.0,0.16364032323198283,-0.2878861844758777,0.0,0.11215965156717335,0.15387895045911565,0.012037710231893203,1.0,2.0
Vamp1,-0.6478960280690123,0.0,0.0,-0.023704936070477262,-0.16309664173818686,0.0,0.04068607064511846,0.03769461777718628,0.00544563089223469,1.0,1.0
Ppp2r5a,-0.7890034380423672,0.0,0.0,0.06391128616900567,-0.15244731728864067,0.0,0.04725747971850283,-0.12080623987404739,0.00544563089223469,1.0,1.0
Rpl14,-1.027406999731765,0.0,0.0,0.03708060441867394,-0.155153001220349,0.0,0.04725747971850283,-0.12080623987404739,0.00544563089223469,1.0,1.0
Pvt1,0.777668402858955,0.0,0.0,0.05613282980287776,1.0339913904009497,0.0,0.1267224114443011,0.15387895045911565,-0.026941542568452218,1.0,2.0
Arl10,-1.0574941676767433,0.0,0.0,0.06391128616900567,-0.15189651284805117,0.0,0.04725747971850283,-0.12080623987404739,0.00544563089223469,1.0,1.0
Rad54l2,0.8900206689448917,0.0,0.0,0.2065414752372924,-0.11663612876744832,0.0,0.1281146259211442,0.15387895045911565,0.012037710231893203,1.0,2.0
Sox8,-0.8871220536530018,0.0,0.0,-0.0736688279601581,-0.1748794953831855,0.0,0.03744845656568513,-0.12080623987404739,0.00544563089223469,1.0,1.0
Gm16894,-1.0574941676767433,0.0,0.0,0.06391128616900567,-0.15189651284805117,0.0,0.04725747971850283,-0.12080623987404739,0.00544563089223469,1.0,1.0
Proser1,-0.8871220536530018,0.0,0.0,-0.0736688279601581,-0.1748794953831855,0.0,0.03744845656568513,-0.12080623987404739,0.00544563089223469,1.0,1.0
5430403G16Rik,-0.9146239141769269,0.0,0.0,0.06391128616900567,-0.15189651284805117,0.0,0.04725747971850283,0.34605936432147727,0.00544563089223469,1.0,1.0
D7Ertd443e,0.5061940139926532,0.0,0.0,-0.3073023349484977,-0.19878971193204908,0.0,0.08533298070816432,0.15387895045911565,0.012037710231893203,1.0,2.0
Ubb,-1.0574941676767433,0.0,0.0,0.06391128616900567,-0.15189651284805117,0.0,0.04725747971850283,-0.12080623987404739,0.00544563089223469,0.0,1.0
Olig1,-0.7356886422152028,0.0,0.0,-0.043709543862325305,-0.17097610772094307,0.0,-0.1478476305218304,-0.12080623987404739,0.00544563089223469,0.0,0.0
Fstl4,0.5505238117869286,0.0,0.0,-0.10462170209297363,1.4328222051262856,0.0,0.11579071368802996,0.15387895045911565,-0.026941542568452218,2.0,2.0
Atp13a4,0.7690727469675681,0.0,0.0,-0.22235868531553185,-0.17804682156180635,0.0,0.08533298070816432,0.15387895045911565,0.012037710231893203,2.0,2.0
St6gal1,0.9835640476907,0.0,0.0,0.14228451777906978,-0.12334735110840377,0.0,0.1281146259211442,0.052996474811259436,0.012037710231893203,2.0,2.0
Rgs20,0.9909031507285202,0.0,0.0,0.2065414752372924,-0.11663612876744832,0.0,0.1281146259211442,0.052996474811259436,0.012037710231893203,2.0,2.0
Ppp2r3a,0.7690727469675681,0.0,0.0,-0.22235868531553185,-0.17804682156180635,0.0,0.08533298070816432,0.15387895045911565,0.012037710231893203,2.0,2.0
Atp6v0c,-0.9911365414805272,0.0,0.0,0.03708060441867394,-0.155153001220349,0.0,0.04725747971850283,0.03769461777718628,0.00544563089223469,0.0,1.0
Robo2,0.5738458185840178,0.0,0.0,0.03447780089781565,-0.22790918362272136,0.0,-0.5096694287186598,-0.0329634626122082,-0.06792707916568308,0.0,0.0
Zbtb16,0.8647968110573643,0.0,0.0,0.05127286602852538,0.9204822215525543,0.0,0.1267224114443011,0.15387895045911565,0.004299182225676144,0.0,2.0
Phyhipl,0.8826815659070716,0.0,0.0,0.14228451777906978,-0.12334735110840377,0.0,0.1281146259211442,0.15387895045911565,0.012037710231893203,2.0,2.0
Tenm4,0.5778420555460102,0.0,0.0,-0.3073023349484977,-0.20652823993826613,0.0,0.08533298070816432,0.052996474811259436,-0.06792707916568308,0.0,0.0
Rasgef1b,0.8585635714013787,0.0,0.0,0.15894867085358677,-0.13471105924862273,0.0,0.1281146259211442,-0.0329634626122082,0.012037710231893203,2.0,2.0
Skap2,0.6827410272158244,0.0,0.0,-0.026762625435367227,1.1887877523241674,0.0,0.11850815028061762,0.15387895045911565,0.004299182225676144,2.0,2.0
Nova1,0.8900206689448917,0.0,0.0,0.2065414752372924,-0.11663612876744832,0.0,0.1281146259211442,0.15387895045911565,0.012037710231893203,2.0,2.0
Arhgef28,0.7530256099451114,0.0,0.0,-0.021902661661014837,1.1448839293683277,0.0,0.11850815028061762,0.15387895045911565,-0.026941542568452218,2.0,2.0
Kansl1l,0.764351188972154,0.0,0.0,0.01781364985029487,-0.20880694747628534,0.0,-0.5096694287186598,-0.0329634626122082,0.012037710231893203,2.0,1.0
Mcc,0.7079368027146248,0.0,0.0,-0.10462170209297363,1.2754092133220505,0.0,0.11579071368802996,0.15387895045911565,-0.026941542568452218,2.0,2.0
Kdm6a,0.9062256859067608,0.0,0.0,-0.22235868531553185,-0.17804682156180635,0.0,0.08533298070816432,-0.0329634626122082,0.012037710231893203,2.0,0.0
Myo6,0.7699904547018164,0.0,0.0,-0.041080517995664305,-0.2867983479929321,0.0,-0.3270335419596556,-0.0329634626122082,0.012037710231893203,2.0,1.0
Cobl,0.94066814103109,0.0,0.0,0.06377844234435436,0.9329878001966897,0.0,0.1267224114443011,0.052996474811259436,0.004299182225676144,2.0,2.0
Kcnmb2,0.47847226470270576,0.0,0.0,-0.13800997517126448,-0.2199789548621458,0.0,-0.362217904342448,-0.0329634626122082,-0.06792707916568308,0.0,0.0
Rpsa,-0.8871220536530018,0.0,0.0,-0.0736688279601581,-0.1748794953831855,0.0,0.03744845656568513,-0.12080623987404739,0.00544563089223469,0.0,1.0
Col27a1,0.808266297859304,0.0,0.0,0.05127286602852538,1.0778952133567894,0.0,0.1267224114443011,0.052996474811259436,0.004299182225676144,2.0,2.0
Lin52,0.9062256859067608,0.0,0.0,-0.22235868531553185,-0.17804682156180635,0.0,0.08533298070816432,-0.0329634626122082,0.012037710231893203,2.0,0.0
9330111N05Rik,0.7580153352635748,0.0,0.0,-0.04770010120838004,-0.15273444288793733,0.0,-0.4938923421808902,-0.0329634626122082,0.012037710231893203,2.0,2.0
Grb14,0.8900206689448917,0.0,0.0,0.2065414752372924,-0.11663612876744832,0.0,0.1281146259211442,0.15387895045911565,0.012037710231893203,2.0,2.0
Gpr37l1,-0.8871220536530018,0.0,0.0,-0.0736688279601581,-0.1748794953831855,0.0,0.03744845656568513,-0.12080623987404739,0.00544563089223469,0.0,1.0
Slit3,0.7148493348675615,0.0,0.0,0.25484919558991403,-0.300107369747232,0.0,0.11215965156717335,0.15387895045911565,-0.06792707916568308,0.0,2.0
Hs6st3,0.655729640439591,0.0,0.0,0.17327948013210998,-0.21431691040668419,0.0,-0.5096694287186598,-0.0329634626122082,-0.06792707916568308,0.0,0.0
2610316D01Rik,0.8595401763039476,0.0,0.0,0.14329165669486804,-0.1014442338662989,0.0,-0.4186853993245784,-0.0329634626122082,0.012037710231893203,2.0,2.0
Sfmbt2,0.7331314352614915,0.0,0.0,0.12167159566546187,-0.2031378562507384,0.0,-0.5096694287186598,-0.0329634626122082,0.012037710231893203,0.0,0.0
Plekhg1,0.6823726704015451,0.0,0.0,0.06377844234435436,1.0904007920009249,0.0,0.1267224114443011,0.15387895045911565,0.004299182225676144,2.0,2.0
Arhgap5,0.32473924065775733,0.0,0.0,-0.1464839197202202,-0.19771810237537413,0.0,0.06373124947661862,-0.09364897177061614,0.00544563089223469,2.0,1.0
Decr1,-0.6655027019955656,0.0,0.0,0.005876349230461261,-0.09258466674124494,0.006104816627853057,-0.09091060279923327,-0.2168235074290458,0.03941993902930442,1.0,1.0
Tln1,-0.7362638745347366,0.0,0.0,-0.020647496834178183,-0.09736266644561992,0.006104816627853057,0.011152417125070797,-0.2168235074290458,0.03941993902930442,1.0,1.0
Phf5a,-0.8970185160527334,0.0,0.0,0.009052681544905199,-0.10210607529563062,0.006104816627853057,0.0125451371731127,-0.2168235074290458,0.03941993902930442,1.0,1.0
Ahctf1,0.11472770374487429,0.0,0.0,0.009052681544905199,-0.07886202962082975,0.013150873648769715,0.0125451371731127,-0.14729011946303003,0.048959799658726245,1.0,1.0
Crtc2,-0.8970185160527334,0.0,0.0,0.009052681544905199,-0.10210607529563062,0.006104816627853057,0.0125451371731127,-0.2168235074290458,0.03941993902930442,1.0,1.0
Pold3,-0.6655027019955656,0.0,0.0,0.005876349230461261,-0.09258466674124494,0.006104816627853057,-0.09091060279923327,-0.2168235074290458,0.03941993902930442,1.0,1.0
Ppp1r16b,0.8882820652249981,0.0,0.0,-0.03226519699263222,-0.08921198152443942,0.01831444988355917,0.03814032378003878,0.11238244855228592,0.08141420770655661,1.0,2.0
Mcm4,-0.7929899408208096,0.0,0.0,0.005876349230461261,-0.09950257969253204,0.006104816627853057,-0.09091060279923327,-0.2168235074290458,0.03941993902930442,1.0,1.0
Abcd4,-0.8970185160527334,0.0,0.0,0.009052681544905199,-0.10210607529563062,0.006104816627853057,0.0125451371731127,-0.2168235074290458,0.03941993902930442,1.0,1.0
Gm13483,0.9133654465789304,0.0,0.0,0.007285849355599459,-0.07859927372020833,0.01831444988355917,-0.2793599191833945,-0.042854848263018275,0.08141420770655661,1.0,2.0
Ccdc136,-0.4877575697815594,0.0,0.0,0.009052681544905199,-0.09518816234434352,0.006104816627853057,0.0125451371731127,0.6023232281646308,0.03941993902930442,1.0,1.0
Cdk6,0.8929362635621253,0.0,0.0,0.040821345632567126,-0.09217867057989626,0.01831444988355917,0.040545169044943416,-0.042854848263018275,0.08141420770655661,1.0,2.0
Syn1,0.11472770374487429,0.0,0.0,0.009052681544905199,-0.07886202962082975,0.013150873648769715,0.0125451371731127,-0.14729011946303003,0.048959799658726245,1.0,1.0
Camk2g,0.147995106437627,0.0,0.0,-0.020647496834178183,-0.08103653372210615,0.013150873648769715,0.011152417125070797,-0.14729011946303003,0.048959799658726245,1.0,1.0
Ets1,1.0263117284459227,0.0,0.0,0.013494743362945668,-0.08584153696018107,0.01831444988355917,0.04107068062705152,-0.042854848263018275,0.08141420770655661,1.0,2.0
Bpgm,-0.46656913304811015,0.0,0.0,-0.020647496834178183,-0.09736266644561992,0.006104816627853057,0.011152417125070797,0.6264811642467976,0.027340971207355753,1.0,1.0
Trappc5,-0.8970185160527334,0.0,0.0,0.009052681544905199,-0.10210607529563062,0.006104816627853057,0.0125451371731127,-0.2168235074290458,0.03941993902930442,1.0,1.0
Alg12,-0.8970185160527334,0.0,0.0,0.009052681544905199,-0.10210607529563062,0.006104816627853057,0.0125451371731127,-0.2168235074290458,0.03941993902930442,1.0,1.0
Mlf2,-0.8970185160527334,0.0,0.0,0.009052681544905199,-0.10210607529563062,0.006104816627853057,0.0125451371731127,-0.2168235074290458,0.03941993902930442,1.0,1.0
Sft2d1,-0.8970185160527334,0.0,0.0,0.009052681544905199,-0.10210607529563062,0.006104816627853057,0.0125451371731127,-0.2168235074290458,0.03941993902930442,1.0,1.0
Nudcd2,-0.7929899408208096,0.0,0.0,0.005876349230461261,-0.09950257969253204,0.006104816627853057,-0.09091060279923327,-0.2168235074290458,0.03941993902930442,1.0,1.0
Zfp446,-0.8970185160527334,0.0,0.0,0.009052681544905199,-0.10210607529563062,0.006104816627853057,0.0125451371731127,-0.2168235074290458,0.03941993902930442,1.0,1.0
Ube2v2,-0.7695312772274894,0.0,0.0,0.009052681544905199,-0.09518816234434352,0.006104816627853057,0.0125451371731127,-0.2168235074290458,0.03941993902930442,1.0,1.0
Eral1,-0.8970185160527334,0.0,0.0,0.009052681544905199,-0.10210607529563062,0.006104816627853057,0.0125451371731127,-0.2168235074290458,0.03941993902930442,1.0,1.0
Med27,0.7748328590875163,0.0,0.0,-0.03226519699263222,-0.08921198152443942,0.01831444988355917,0.03814032378003878,0.22583166049683795,0.08141420770655661,1.0,2.0
Ech1,-0.8970185160527334,0.0,0.0,0.009052681544905199,-0.10210607529563062,0.006104816627853057,0.0125451371731127,-0.2168235074290458,0.03941993902930442,1.0,1.0
Asic2,0.41919082748320174,0.0,0.0,-0.1037347724332529,-0.1087985448539257,0.012608549174140482,0.02815560344606638,0.2067066288607962,-0.26950297773103504,1.0,2.0
Pms2,-0.6273237758809153,0.0,0.0,0.009052681544905199,-0.10210607529563062,0.006104816627853057,0.0125451371731127,0.6264811642467976,0.027340971207355753,1.0,1.0
Exog,-0.8970185160527334,0.0,0.0,0.009052681544905199,-0.10210607529563062,0.006104816627853057,0.0125451371731127,-0.2168235074290458,0.03941993902930442,1.0,1.0
D1Ertd622e,-0.7362638745347366,0.0,0.0,-0.020647496834178183,-0.09736266644561992,0.006104816627853057,0.011152417125070797,-0.2168235074290458,0.03941993902930442,1.0,1.0
Gm15614,1.043519369162181,0.0,0.0,-0.03226519699263222,-0.08921198152443942,0.01831444988355917,0.03814032378003878,-0.042854848263018275,0.08141420770655661,1.0,2.0
Unc5c,0.6142285776817623,0.0,0.0,0.040821345632567126,-0.09807093814015388,0.012608549174140482,0.040545169044943416,0.09325741691624417,-0.26950297773103504,1.0,0.0
Gpatch11,-0.8637511133599807,0.0,0.0,-0.020647496834178183,-0.10428057939690702,0.006104816627853057,0.011152417125070797,-0.2168235074290458,0.03941993902930442,1.0,0.0
Nol9,-0.6152448086068034,0.0,0.0,0.009052681544905199,-0.10210607529563062,0.006104816627853057,0.0125451371731127,0.6023232281646308,0.03941993902930442,1.0,1.0
C1ql1,-0.8637511133599807,0.0,0.0,-0.020647496834178183,-0.10428057939690702,0.006104816627853057,0.011152417125070797,-0.2168235074290458,0.03941993902930442,0.0,0.0
Unc5d,0.6878773342160618,0.0,0.0,-0.1037347724332529,-0.1087985448539257,0.012608549174140482,0.02815560344606638,-0.06197987989906002,-0.26950297773103504,0.0,0.0
Bcl2,0.6747457375202108,0.0,0.0,0.007023093537153567,0.7853685588411549,0.01988911387674949,0.04837847785914645,0.22583166049683795,0.07131317882415127,2.0,2.0
Sema3a,0.7891864327932981,0.0,0.0,0.015956790679517913,-0.08467365143930211,0.01831444988355917,-0.2706889781881781,-0.042854848263018275,0.08141420770655661,2.0,2.0
Zfp385b,0.6657160421395126,0.0,0.0,0.015956790679517913,-0.09056591899955974,0.012608549174140482,-0.2706889781881781,-0.06197987989906002,-0.26950297773103504,0.0,0.0
Mgat4c,0.7694658729083398,0.0,0.0,0.040821345632567126,-0.09807093814015388,0.012608549174140482,0.040545169044943416,-0.06197987989906002,-0.26950297773103504,2.0,2.0
Arl6ip1,-0.8970185160527334,0.0,0.0,0.009052681544905199,-0.10210607529563062,0.006104816627853057,0.0125451371731127,-0.2168235074290458,0.03941993902930442,0.0,1.0
Gsg1l,0.6070224757799331,0.0,0.0,0.01569403488846386,0.8446836295702002,0.01988911387674949,0.04811572217765976,0.26206856199047146,0.03507627733051777,2.0,2.0
St18,0.8929362635621253,0.0,0.0,0.040821345632567126,-0.09217867057989626,0.01831444988355917,0.040545169044943416,-0.042854848263018275,0.08141420770655661,2.0,0.0
Maml3,0.5461581290206489,0.0,0.0,-0.03694217087810531,0.9681038572726881,0.015165257212870261,0.04467015056049123,0.4130556563682416,-0.09760860650909736,2.0,2.0
Xist,-0.8970185160527334,0.0,0.0,0.009052681544905199,-0.10210607529563062,0.006104816627853057,0.0125451371731127,-0.2168235074290458,0.03941993902930442,0.0,1.0
Wls,0.8710744280148955,0.0,0.0,0.013494743362945668,-0.08584153696018107,0.01831444988355917,0.04107068062705152,0.11238244855228592,0.08141420770655661,2.0,2.0
Sncaip,0.8882820652249981,0.0,0.0,-0.03226519699263222,-0.08921198152443942,0.01831444988355917,0.03814032378003878,0.11238244855228592,0.08141420770655661,2.0,2.0
Pard3b,0.7694658729083398,0.0,0.0,0.040821345632567126,-0.09807093814015388,0.012608549174140482,0.040545169044943416,-0.06197987989906002,-0.26950297773103504,2.0,0.0
Elavl2,0.7188461636576582,0.0,0.0,-0.01596441903315923,-0.07281075593303232,-0.5790175830616671,-0.2597806050496943,-0.042854848263018275,0.04089288966839805,0.0,0.0
Sik2,0.7576252218774137,0.0,0.0,0.013494743362945668,-0.08584153696018107,0.01831444988355917,0.04107068062705152,0.26206856199047146,0.0451773062129231,2.0,2.0
Nfib,0.5712400088086724,0.0,0.0,0.040821345632567126,-0.09807093814015388,0.012608549174140482,0.040545169044943416,0.4130556563682416,-0.13562775715528166,2.0,2.0
Gm21860,-0.8637511133599807,0.0,0.0,-0.020647496834178183,-0.10428057939690702,0.006104816627853057,0.011152417125070797,-0.2168235074290458,0.03941993902930442,0.0,0.0
Nr6a1,0.6242497569936163,0.0,0.0,0.040821345632567126,-0.09217867057989626,0.01831444988355917,0.040545169044943416,0.26206856199047146,0.0451773062129231,2.0,2.0
Pabpn1,-0.8970185160527334,0.0,0.0,0.009052681544905199,-0.10210607529563062,0.006104816627853057,0.0125451371731127,-0.2168235074290458,0.03941993902930442,0.0,1.0
Cdk19,0.6747457375202108,0.0,0.0,0.007023093537153567,0.7853685588411549,0.01988911387674949,0.04837847785914645,0.22583166049683795,0.07131317882415127,2.0,2.0
Caln1,0.41919082748320174,0.0,0.0,-0.1037347724332529,-0.1087985448539257,0.012608549174140482,0.02815560344606638,0.2067066288607962,-0.26950297773103504,0.0,0.0
Rhoj,0.6747457375202108,0.0,0.0,0.007023093537153567,0.7853685588411549,0.01988911387674949,0.04837847785914645,0.22583166049683795,0.07131317882415127,2.0,2.0
Scrg1,-0.8970185160527334,0.0,0.0,0.009052681544905199,-0.10210607529563062,0.006104816627853057,0.0125451371731127,-0.2168235074290458,0.03941993902930442,0.0,1.0
Fmn1,0.6142285776817623,0.0,0.0,0.040821345632567126,-0.09807093814015388,0.012608549174140482,0.040545169044943416,0.09325741691624417,-0.26950297773103504,2.0,2.0
Adk,0.5008080096038825,0.0,0.0,0.01569403488846386,0.8869115457157878,0.015165257212870261,0.04811572217765976,0.2067066288607962,-0.23148382708485074,2.0,2.0
Crebrf,0.14764508615960092,0.0,0.0,0.009052681544905199,-0.07886202962082975,0.013150873648769715,0.0125451371731127,0.4230002802522743,0.048959799658726245,2.0,1.0
Scd2,-0.8637511133599807,0.0,0.0,-0.020647496834178183,-0.10428057939690702,0.006104816627853057,0.011152417125070797,-0.2168235074290458,0.03941993902930442,0.0,1.0
Klhl4,1.0263117284459227,0.0,0.0,0.013494743362945668,-0.08584153696018107,0.01831444988355917,0.04107068062705152,-0.042854848263018275,0.08141420770655661,2.0,2.0
Efemp1,1.0263117284459227,0.0,0.0,0.013494743362945668,-0.08584153696018107,0.01831444988355917,0.04107068062705152,-0.042854848263018275,0.08141420770655661,2.0,2.0
C1ql3,-0.5886479272123646,0.0,0.0,0.005876349230461261,-0.09701746740542791,-0.18730873417328386,-0.09091060279923327,-0.2168235074290458,0.026006361551801947,0.0,0.0
Fgd4,0.8113477248698473,0.0,0.0,-0.1037347724332529,-0.10290627729366808,0.01831444988355917,0.02815560344606638,-0.042854848263018275,0.08141420770655661,2.0,2.0
Tjp2,0.6747457375202108,0.0,0.0,0.007023093537153567,0.7853685588411549,0.01988911387674949,0.04837847785914645,0.22583166049683795,0.07131317882415127,2.0,2.0
Plce1,0.5007793688598801,0.0,0.0,0.040821345632567126,-0.09807093814015388,0.012608549174140482,0.040545169044943416,0.2067066288607962,-0.26950297773103504,2.0,0.0
