gene_name,gene_length.meta,9mo.2mo.activity.log_ratio.count.20kb-5Mb.enhancer_DMR,18mo.9mo.activity.log_ratio.min.20kb-5Mb.enhancer_DMR,18mo.9mo.contact.log_ratio.max.20kb-5Mb.enhancer_peak,9mo.2mo.log_ratio.DAR,9mo.2mo.log_ratio.mean.atac,18mo.2mo.log_ratio.mean.atac,18mo.2mo.log_ratio.max.atac,log2_distance.max.atac
Rpia,26512.0,1.0,0.0,-0.6780719051018176,-0.2940461874031161,-0.1297899650152123,-0.2276932730475784,-0.0345705919776166,13.452498657692802
AA386476,9848.0,2.0,0.0543323714906981,-0.3625700793801285,0.0,-0.0545507988450748,-0.0729354291376861,-0.0306658852467398,11.223398414711689
Ubp1,46268.0,0.0,0.1196218884688062,0.4150374992728327,0.0,-0.0077118974615748,-0.0597090482575729,0.186363880748539,11.162391328756968
Mettl15,188451.0,0.0,0.0,0.5849625006971113,-0.5140961051900095,-0.2383354096709563,-0.3423228113924641,-0.1563375923457692,15.955808805897462
Decr1,28267.0,0.0,0.0,0.1699250014403088,0.0,-0.1734465282082953,-0.1717163209624013,-0.116802874624784,11.489847960439349
Cggbp1,7511.0,2.0,-0.1871450235126315,2.584962500600932,0.0,-0.0398582461550076,-0.0286422729013196,0.1022850441939309,11.168045268224152
Rapgef6,176438.0,0.0,0.0,0.807354922055028,0.0,0.0903342879447155,0.1220706930859154,0.9391427163672526,16.393574804929585
Eid2,1391.0,4.0,-0.011166080728091,0.6520766965778195,0.0,0.037473101514232,-0.0140498309083374,0.0044626747140337,11.160501747555749
4932441J04Rik,150119.0,0.0,0.0796207363524141,0.9999999999278651,-0.3198160233875804,-0.2041387890866149,-0.1564135249705635,-0.0005194976606262,13.029459787824983
Tln1,31172.0,0.0,0.0,-0.2410080995017773,0.0,0.2856926245563109,0.2736228341343363,0.5411787305447406,11.369052007001445
Mkrn1,22658.0,2.0,0.0228966428212596,0.4594316186348379,0.0,0.2596055067526158,0.3135590956065173,0.7245697995519134,13.13330278839732
Cntnap4,312674.0,0.0,0.0,0.5849625006971113,0.0,-0.2745632985089776,-0.3737329041517328,0.0718452539777323,17.257903419738916
Ttll5,237234.0,0.0,0.0,0.0,0.1161648077822685,0.3496310746487698,0.33471174954014,1.101414145200819,16.721125897121116
Phf5a,7391.0,3.0,-0.1019971196914277,0.5849625007177206,0.0,0.2412842621905585,0.0033727051219844,0.1428672403205009,11.248520604938488
Klhl24,31679.0,0.0,0.0,0.0,0.0,-0.139331663801831,-0.0925979301945481,-0.0311166059014169,13.757598355823925
Lpar6,5399.0,2.0,0.0686743115452017,1.2630344058169625,0.0,-0.0656108587772164,-0.1839968596581192,-0.1105476187147367,11.669770888525562
Tfrc,23874.0,8.0,-0.0744332503480981,0.1805722456412555,0.0,-0.1399046309406499,-0.17333006326993,-0.0377706005572742,11.253256579781214
Ahctf1,58786.0,1.0,0.0,0.8073549220421463,0.0,-0.0156754515959111,0.016760302622768,0.3654887062554575,11.51076416791794
Slc6a17,50475.0,0.0,0.0,0.0565835283661453,0.2890994172436979,0.265072346952187,0.4594937224324709,0.9276470775158492,14.689506655347424
Tprkb,18419.0,2.0,-0.0160219294508652,0.8579809951235298,0.0,0.0565151071463336,-0.1052350716209074,-0.0491719079049808,11.142107057302614
Usp50,74374.0,0.0,0.0,0.0,0.0,0.1046388363334125,0.2805512100915457,0.8653467870235948,14.264149339723335
Zfp1,27610.0,2.0,0.0047701268907285,1.2801079191806115,0.0,0.0041661060605187,-0.0563325210273565,0.229940913934814,13.371776644337938
Crtc2,9962.0,1.0,-0.0176195819380689,0.8073549220524514,0.0,0.0088018424535253,-0.0103865518228638,0.1627781689117222,10.800899899920386
Llgl1,14463.0,0.0,-0.0597576807311422,0.0,0.0,0.1760578006035967,0.1542983218539325,0.2225175706142024,12.386401423640804
Slc16a6,22743.0,0.0,0.0,0.3625700793801285,0.0,0.1374085058511024,-0.024950231882638,0.0394427318131702,11.30263892378761
Hgs,16344.0,0.0,0.0,0.0,0.0,0.1260878886311051,0.0786244996304733,0.1301014178122295,11.059344460824493
Slc16a14,29236.0,2.0,0.0,0.9999999999278651,0.0,-0.0923944840403422,0.0078847615298239,0.1592552004099623,11.876516946565038
Pold3,39454.0,1.0,0.0003883222783076,0.1312445332776555,0.0,0.0717257440097964,-0.1581879437136419,0.1156828186800975,13.900017692083509
Slc15a4,37233.0,0.0,0.0,-0.4150374992668215,0.0,0.0652874568097285,0.0327535821917235,0.3891756370865397,14.153631194101669
Fktn,63892.0,0.0,0.0,0.3785116232504006,0.0,0.0097734652377748,0.0839655544292435,0.4806829368413869,14.731053805352682
Trim2,146438.0,0.0,0.0,0.0,0.0,0.0212934558155854,0.0797308629476095,1.0952619182398078,16.107033130057324
Mob3b,208410.0,0.0,0.0,1.5849625006249766,-0.5094348993428808,-0.0072969332353961,0.0413523165666423,0.7085297882856636,16.529674561764644
Kifc2,8338.0,1.0,-0.0245104871283045,1.1699250014373028,0.0,0.0930465217579648,0.0180076814482494,0.0507849929078534,10.73131903102515
Ppp1r16b,100936.0,0.0,0.0,-0.0874628412498088,-0.3221714938243606,0.0590981532158155,0.0080251613521217,0.6179721406520755,15.675984590270264
Fbxo11,74432.0,0.0,0.0,0.3870231231066356,0.0,0.0148026377756524,-0.0587831328800577,0.539576625935291,15.195641341820254
Cisd1,14474.0,0.0,0.0,1.222392421308968,0.0,-0.2923588753897986,-0.2346832214412455,-0.0702990386701349,13.051208940914782
Mcm4,13503.0,1.0,-0.0675318331213101,1.8073549220060792,0.0,-0.2312429107028641,-0.1946401425105799,-0.1946401425105799,11.0721326041673
Ankib1,112925.0,0.0,0.0,1.5849625006249766,0.0,-0.0259716314597298,-0.0246856383256392,0.3778844763479093,15.0388332753012
Sirt4,6715.0,2.0,0.1039152358706462,0.0,0.0,0.1908718144351479,0.1789420753479843,0.3114938166750609,11.314016703901414
Sipa1l3,198269.0,0.0,0.0,0.0,-0.3013851957158513,0.2229002880881219,0.1775862995382216,1.1704682625264449,16.60324962815824
Exosc4,3280.0,0.0,0.0,0.643856189771479,0.0,0.171846391412461,0.1481126243912719,0.3530218896977402,10.777255315192006
Reep5,29185.0,1.0,0.0,0.0,0.0,-0.0065780291167709,0.0382656584589892,0.2544070810899489,13.77756355043312
Dus3l,5336.0,1.0,-0.0888077045500663,1.584962500673066,0.0,0.0206625081682101,0.0955600185033815,0.2071396816352542,11.294620748891685
Notch2,136834.0,1.0,0.129361394918217,0.0,-0.082751299998719,0.2086189824729743,0.2151580061280897,1.4205490252363433,15.936131802862224
Stk19,12952.0,0.0,0.0,0.9175378398004832,0.0,0.1474878536988598,0.175274779907082,0.3318438857954211,11.429929741353323
Abcd4,15949.0,0.0,0.0,0.6780719051018176,0.0,0.1395303294577271,0.1446999829621012,0.3787538316005783,12.367141694552393
Actn4,69092.0,0.0,0.0,-0.3219280948837557,-0.243240089498038,0.0713998409917447,0.0672798507987977,0.481949570040961,15.086509459154696
Ing4,9505.0,3.0,0.0095361880807456,0.3785116232504006,0.0,0.116407507539748,0.0343191951153739,0.2237102838803064,12.861668520613607
Phf6,44677.0,0.0,0.0,0.5849625006971113,-0.2356011405719336,-0.2356011405719336,-0.2420990355728145,-0.2420990355728145,10.715104009236253
3110039M20Rik,17708.0,0.0,0.0,0.0,-0.3262242931734059,-0.2751127498247435,-0.2363060859402695,0.1523273300054821,13.493104892539147
Gm13483,137157.0,0.0,0.0,0.5849625006971113,0.0,-0.0284841494205548,-0.196849165412592,-0.0313712203971023,15.826747082520209
Hibadh,94161.0,0.0,0.0,1.222392421308968,0.0,0.0061624623462559,0.085672739557068,0.7871396229148866,15.334517718154682
Fmnl2,275944.0,0.0,-0.0324166889647669,0.0,-0.1623815883770105,-0.0478246240520274,-0.0309696353880586,0.9646778084036266,17.06186688623426
Ccdc136,30685.0,0.0,0.0121648119794998,1.378511623235974,0.0,0.3341436432416298,0.3595944169884121,0.8083807705711983,13.450695771572928
Mynn,17808.0,2.0,0.0656110607400894,0.3219280948801484,-0.3396762498639996,-0.2801963249494367,-0.2994092538779017,-0.0972050380290272,11.325867580575474
Cdk6,189523.0,0.0,0.0622582628225413,0.8073549220421463,-0.6155438639754487,-0.0645116722207874,-0.0876780083755924,0.1625500482080133,16.480837524553415
Nono,19273.0,0.0,0.0,1.3219280948440812,0.0,0.0,0.0,0.0,0.0
Syn1,60493.0,0.0,0.0,0.459431618632379,0.0,0.0,0.0,0.0,0.0
Elovl4,27585.0,0.0,-0.0137559048441832,0.9999999999639329,-0.4778550371310207,-0.2926034905185387,-0.3075995863421064,-0.0393241219470403,13.41837971936497
Camk2g,59213.0,0.0,-0.0187721147537536,-0.4150374992668215,0.0,0.1429536513778027,0.03148951112035,0.3456561434365439,14.883454719023852
Ntng1,363971.0,0.0,0.0,-0.3219280948837557,-0.6290909986935902,-0.3529596414855765,-0.2828454319263532,0.8918370014730952,17.202889057519908
Hist1h1c,1559.0,5.0,-0.1574710037607185,0.7369655941613971,-0.2920805142203471,-0.120161905330278,-0.1936960574198627,-0.0236524921477427,11.429929741353323
Ets1,121599.0,0.0,0.0,0.1520030934434468,-0.3038480074966828,-0.0338037518284066,-0.0387653109519087,0.5757064136824008,15.928819059601643
Bpgm,29406.0,0.0,0.0259078210424536,0.0,-0.0216784692868855,-0.0241226535344519,0.1930195787079658,1.3435329715405475,13.805945351802944
Tnip2,17904.0,4.0,-0.0250789062420148,-0.3219280948837557,0.0,0.222555317852885,0.2559006092407602,0.5241052171583455,11.39178060601322
Tmem147,1839.0,2.0,-0.3727597262515576,-0.5145731728235754,0.0,0.2005714075955722,0.0372852442224705,0.0853284833463086,11.491853096329724
Ints1,24392.0,0.0,0.0,0.1255308820833125,0.0,0.3256192534188552,0.2658987478431617,0.4360138875618092,13.714138170291488
Mif,0.0,4.0,0.0308190663673996,0.9175378398004832,0.0,0.1819471214875078,0.035977584254294,0.3656597126491813,11.111135670234772
Atp13a2,20457.0,1.0,0.0,0.4854268271661199,0.0,0.2103419416035635,0.2119388867816061,0.425371263620218,11.235415935602584
Dcaf8,48921.0,0.0,0.2350441332492464,0.8930847960739761,0.0,0.3658953460815045,0.2798143734082009,0.6802244190133385,14.375718250839476
Cep63,41946.0,0.0,0.0,0.1069152039157192,0.0,-0.096468296071762,0.1139182952717239,0.3606064848620376,13.58941707576862
Unc5a,56607.0,1.0,-0.0589913399605699,0.0,0.0,0.3093460216194805,0.2107282300754197,0.7167502950770307,14.772984623969664
A330102I10Rik,25937.0,0.0,0.0,0.9999999999278651,0.0,-0.1844135582138818,-0.030172479459266,0.2009498189443954,12.005975356500418
Cand1,40800.0,0.0,0.0,0.3219280948801484,0.0,-0.3013461564082564,-0.1668796069890219,-0.1356097194941954,14.344573322596208
Slc31a1,31042.0,1.0,-0.009756032586529,0.3625700793801285,0.0,-0.1204023292526927,-0.0861178713509834,0.1049700687593508,11.073472153976528
Ajap1,109590.0,0.0,0.0,0.3219280948801484,0.0,0.2356884053399111,0.3069038154863062,0.9193794615541092,15.513326654567113
Znrd1,4203.0,1.0,-0.1752231399152637,0.4854268271619979,0.0,0.0227402155665067,-0.0715533515368906,0.00913411443764,11.488342277532574
Mrfap1,1905.0,0.0,0.0,0.0,0.0,0.0288578102766883,-0.0221570960998211,0.016162884407243,11.493855449240872
Trappc5,4956.0,9.0,-0.142125684999357,0.415037499274836,0.0,0.0660498882127382,0.0159800396741545,0.030942741271775,11.228217442293497
B4galt6,61805.0,0.0,0.0,0.9999999999278651,-0.1943498078542195,-0.2262829670969439,-0.0949950580055265,0.5459385337650724,14.97122918749134
Lasp1,39764.0,0.0,0.0,0.1520030934434468,0.0,0.0237216072498131,0.0046352444674523,0.2418689383500072,14.391713489870671
Parp6,33001.0,0.0,0.0,0.5849625007131416,0.0,0.0619193943871936,-0.0945426315058419,-0.0945426315058419,10.739780609773344
Rrp1,12659.0,0.0,0.0115311974535082,0.0,0.0,0.1789513895139914,0.1171415094137401,0.2170156312950966,11.693051295397042
Atp5e,3033.0,1.0,-0.0212436247287945,-0.2064508774659463,0.0,0.1585111076622916,0.0223441433693596,0.0812980239894765,11.454813348512577
Alg12,14074.0,4.0,-0.0540219724024782,0.4150374992776422,0.0,0.0223250771721865,-0.0206080949824758,0.0840273772252899,11.04234337979376
Bri3,202320.0,0.0,0.0,0.0,0.0,0.2208690192705446,0.1241345314589476,0.6365799463997475,16.570315275495883
Mlf2,5852.0,4.0,-0.0322776257146056,1.807354922040429,0.0,-0.0410898232547083,-0.0699931457989511,0.0067691420971485,11.262682142362223
Chac2,9643.0,2.0,0.0289342483078127,0.0,0.0,0.0278765136929903,0.1083124629698807,0.1870011369961204,11.106562940444949
Scn3b,22401.0,5.0,-0.0108344714925911,1.1154772174069891,-0.4851517925102611,-0.0965320061942926,0.0876994246127766,0.9512155485633268,13.449406614985596
Gpatch2l,49926.0,0.0,0.0,0.0,0.0,-0.150313922904299,0.0747543843144708,0.3314601392367916,14.053162259002155
Ubl5,4262.0,0.0,0.0,0.0,0.0,0.2839017699165561,0.1320259785433546,0.4318800880717475,11.980496636183496
Cetn3,14078.0,1.0,0.0283931797984582,0.5849625006971113,0.0,-0.2595299131228619,-0.213306085644616,-0.2026686487317928,11.080817527608394
Mysm1,37060.0,1.0,0.0496373217459373,0.7369655941469699,0.0,-0.0150364143306744,-0.0928026932129486,-0.0508528315393812,11.116993677547043
Cnot7,23307.0,0.0,0.0,0.7369655941565885,-0.3796290427862379,-0.2762555816593388,-0.2506068469581547,-0.020655749329502,12.785656801427212
Col4a3bp,97549.0,0.0,0.0,0.8073549220498757,0.0,0.1053918089420824,0.0356192567959704,0.4332102338786605,15.595956743943166
Tatdn1,43583.0,1.0,0.0,0.5849625007091332,0.0,0.1446696703047156,-0.1430009364354229,0.0632007091819718,14.229494795346609
Lpcat1,49225.0,3.0,-0.0568130551304274,0.1520030934434468,-0.3916143002272338,0.0286703480609809,0.0417129220360634,0.5888754725622641,14.54942370842614
Pcgf2,11674.0,1.0,0.0078558000422321,0.1805722456406893,-0.2832571916148279,-0.052566240667931,-0.0861219049475043,0.0817471119432178,11.54206454228349
Pcca,356776.0,1.0,0.0429715883789008,0.9999999999855732,0.0,-0.0577431318230367,-0.0904265319700992,0.4537158891936108,17.44398763378819
Lias,19196.0,6.0,-0.1500673624930002,0.0,0.0,-0.1745631726876159,-0.0717670470303161,0.2192506356741171,13.444367868396322
Pde5a,130427.0,0.0,0.0,0.9999999999639329,-0.6273431054078435,-0.2047605214170361,-0.0986640005880817,0.6957906764054985,15.725153203912996
Akap7,138780.0,0.0,0.0,0.2064508774659463,-0.5310265350914327,-0.0564377792504592,0.1117585443775901,0.6700337961964913,16.110544481138117
Sft2d1,16340.0,2.0,-0.0372636668089498,0.6780719051090309,0.0,0.0762007835527401,0.0684664620658271,0.5065325877574591,15.37150441204334
Cant1,12797.0,2.0,-0.0175699805859739,0.5081469036693731,0.0,0.2045695441084296,0.1708741454972835,0.3310333695435625,11.535761377986704
Bace1,25819.0,0.0,0.0,1.1844245711300831,0.0,0.0913304040420085,0.133591516916235,0.3337552652776527,13.693704739225296
Vamp1,30413.0,0.0,0.0,0.3219280948801484,0.0,0.1507720644856966,0.1169082832071736,0.5225547656205047,13.973876705610818
Nudcd2,6379.0,4.0,-0.0734196152822014,0.415037499274836,-0.2047686882839965,-0.2047686882839965,-0.2764275695023459,-0.2508282271420849,11.076815597050896
Ppp2r5a,51297.0,0.0,0.0035793165859645,1.3219280948440812,0.0,-0.0921340666855515,0.0206322532238026,0.2418413398957737,14.525276097867131
Creg2,33068.0,0.0,0.0,-0.2630344058321907,0.0,0.1136206063580348,0.0867419591126594,0.3511008228371446,14.10541748977663
Smim15,4726.0,0.0,0.0,0.9999999999855732,0.0,-0.1533521833215205,-0.1851177726163202,-0.1851177726163202,8.09275714092038
Sec62,28388.0,0.0,0.0,0.0,0.0,-0.0319499366939157,-0.1216925004835445,-0.0926990309000008,11.428360172704345
Kctd13,16752.0,1.0,0.105571830154864,0.3479233034174966,0.0,-0.4058016135954856,0.0157744733671166,0.1303740804238371,11.245552706255742
Sox10,10332.0,10.0,-0.0121977421714526,0.0374747054186137,0.0,-0.0656393735146064,-0.0626138688356027,0.0386783900516092,11.859146495425998
Utp14a,25591.0,5.0,-0.0322223084439127,1.3219280948440812,0.0,0.0,0.0,0.0,0.0
Zfp446,7866.0,3.0,-0.4437254223042179,0.0931094043908804,0.0,-0.0121177467523976,0.0040701455541748,0.0932635278149178,11.358101707440902
Rph3a,69593.0,0.0,0.0,0.0,0.0,0.2592566682364299,0.157202557655318,0.4189504711365998,14.927453911790227
Bop1,24288.0,1.0,-0.1147312083896507,0.7004397181341564,0.2094524945192066,0.2092923977694372,0.0449942082681377,0.4474839355807535,13.768184324776938
Emc10,6592.0,0.0,0.0,0.4360991148044597,0.0,0.0444555493371987,-0.0172984537168461,-0.0114360436683202,11.471675214392096
Pten,68663.0,0.0,0.0,0.0,0.0,-0.0521221790796811,-0.005005929322542,0.5260300940988241,15.119711191043647
Eya3,85778.0,0.0,0.0,0.999999999981966,0.0,0.28938908527856,0.1069989734783918,0.591219412986736,15.277723281610353
Sept7,56132.0,1.0,0.0116976553186849,0.5145731728235754,0.0,-0.0926360036516691,0.1566873805205851,0.6947239887698531,14.31089674879772
Upf1,21753.0,2.0,-0.0426360186681019,0.7369655941565885,0.0,0.0168676523245165,0.0265182022082447,0.239375740269996,13.50345309301348
Gadd45gip1,3960.0,0.0,0.0,0.0,0.0,0.0934122148345883,0.0077542401205843,0.0287629211857964,11.617467465294242
Twistnb,11757.0,1.0,0.0,0.7369655941565885,0.0,-0.031809796534476,0.0305458061697538,0.1577734471490415,11.218563236190333
Crebbp,132669.0,0.0,0.1317228111903504,0.0,0.1599683383491612,0.0773016005374261,0.2046543165746071,1.038678389923446,16.050656436583978
Zfp931,10781.0,2.0,0.0,1.415037499263816,0.0,0.007777355457239,0.4336498285004576,0.8042131362954468,12.466331422082794
Lrch1,193201.0,0.0,0.0,0.0,-0.4063272477558974,-0.0265595217658565,0.0858934749350629,1.5411787301221325,16.58214198165878
Plod1,27014.0,0.0,0.0,0.0,0.0,0.1655332347195242,0.0879857337510535,0.090999425181371,13.376125389276188
Ube2v2,43696.0,0.0,0.0,0.1255308820827658,0.0,-0.2182298881326044,0.1083930740730134,0.3093259799442664,13.757494186356324
Rpl14,3210.0,1.0,0.0194054694830683,0.6214883767423856,0.0,0.0282490581399183,-0.0130932107251402,0.1037734182694223,11.131213905086335
Eral1,7007.0,0.0,0.0,1.0641303374128728,0.0,0.3838435910623213,0.1784397769446769,0.5680485647535307,11.418906731257952
Pvt1,340110.0,0.0,0.0,0.5849625006971113,0.2153753123299859,-0.0584423566978404,0.0520662058193075,0.8981971664219901,17.37889596650754
Sbno2,48579.0,0.0,0.0,0.0,0.0,0.4079346887644877,0.319141827288469,0.6057189827048656,13.93313736825672
Eef1a1,10702.0,1.0,-0.0239703235213874,0.9999999999759548,0.0,-0.0216245706175885,-0.0238865708761135,0.2594470688870439,12.48457118091583
Arl10,6113.0,6.0,-0.0991513644293557,1.099535673545418,0.0,0.2839724921535983,0.1507979937373379,0.4283845993605892,11.26385601959614
Arhgap23,86869.0,0.0,0.0,0.0,0.6084364740154966,0.262376413605925,0.2364981060415958,0.931344345910568,15.16969016868508
Rad54l2,101112.0,0.0,0.0,1.1699250014222748,0.0,0.2281005744243471,0.1848784843253997,0.7106241922571609,15.672839659495637
Med27,177974.0,0.0,0.0,0.0,-0.0199335429041931,0.1145203952246108,0.0520067214725283,0.8012838053269922,16.425740424316214
Chd2,115192.0,0.0,0.0,0.8073549220524514,0.0,-0.0901563328902408,-0.1752568455292318,0.2621166215258597,15.147880632411091
Kdelr2,18063.0,1.0,0.0213835730787722,0.2479275134421614,0.0,0.2753050160551828,0.014770391809752,0.3382386718723741,13.160344170684716
Sox8,4794.0,4.0,-0.0196938725663149,0.0317088597272681,-0.0282299160814356,-0.0093566510947408,-0.0426737645804468,0.1756793201541318,12.099018991019264
Gm16894,9623.0,0.0,0.0,1.5849625006249766,0.0,-0.0662392462937461,-0.0165540480015011,0.2230479479346216,11.494855584491248
Proser1,18089.0,0.0,0.0,-0.5849625007131416,0.0,-0.1786024026649703,-0.0843748644222261,0.0782067542263513,12.951466861932811
5430403G16Rik,16496.0,1.0,0.0037612579376948,1.999999999891798,0.0,0.3479312873276426,0.3682647774338373,0.6185699011641475,11.239598529249184
Rundc3a,9152.0,1.0,0.0,1.0588936890473173,0.0,0.0588725331603945,0.0865078172353667,0.4572303734848564,12.59035313097804
Emg1,8093.0,8.0,-0.1756049157560533,1.1154772174069891,0.0,0.2493305320238652,0.1810484476993334,0.3038204588431394,11.126704472843254
Higd2a,0.0,3.0,0.0435726434347852,1.1154772174069891,0.0,-0.0244282212624069,0.0600447522514566,0.1962801130416025,11.199058823653084
Nktr,37674.0,1.0,-0.0201197277598204,0.1520030934445158,0.0,-0.003007201273276,-0.0919343613802751,0.0118668807021382,11.456867738380394
Tceal5,2928.0,2.0,0.0545981381992802,0.5305147166938475,0.0,0.0,0.0,0.0,0.0
Prpf4,18193.0,2.0,-0.0426407563625219,0.6374299206095668,0.0,-0.0838418348270952,-0.0419335439192563,-0.028311129226235,10.69435788722154
Slc9a6,54473.0,0.0,0.0,0.7369655941565885,0.0,0.0,0.0,0.0,0.0
Ech1,7030.0,1.0,-0.0450161291323699,0.4150374992728327,0.0,0.2026377529857025,0.1875878940450454,0.5112669118736064,11.994353436858892
Nek1,138151.0,0.0,0.0,0.0,0.0,-0.1089813957464625,0.0749101614433805,0.3708748203762155,16.051060210562337
Asic2,1088288.0,0.0,0.0,0.0,-0.1452010901320912,0.0740673318274287,0.0553652992881898,0.8608912707274147,19.052992510203165
Pms2,24004.0,0.0,0.0,0.1154772174190115,0.0,0.3496957806200277,0.3399778675270606,1.1152996714906138,13.199365616857998
Exog,20574.0,5.0,-0.0661228225587702,0.1650592462700242,0.0,0.0742272597839321,-0.0365420452742736,0.0613984665483933,12.805139264316756
D1Ertd622e,55756.0,3.0,0.0197725212985307,0.0,0.0,-0.194760907203174,-0.0232205594623281,0.5532515627969106,14.67364033614428
Gm15614,143881.0,0.0,0.0,-0.4150374992668215,0.0,0.2064701719401813,0.1972974472404171,0.5841125265110145,15.988063313725416
Galnt11,44014.0,2.0,-0.1115079326832003,1.4150374992487875,0.0,-0.0329361766741583,0.1717256865683906,0.4588961284036313,13.100826570895755
Zfp326,39253.0,0.0,0.0,0.0,0.0,0.0829703078845924,0.062381096309529,0.1220887560225651,11.132499729628574
Mpdu1,5945.0,0.0,0.0,-0.337034987275989,0.0,0.111232694892161,0.0336100045384014,0.1929732950017144,11.253847484987462
Rarg,22579.0,1.0,-0.0675191702347181,0.6918777046334399,-0.1890456998789904,0.1277558250053971,0.0576983667707776,0.386601693460366,13.6919615642168
Unc5c,369708.0,0.0,0.0,0.1699250014403088,-0.7190867187454287,-0.1010113220449864,-0.0651658835747049,0.6877712281205608,17.50633082819044
D7Ertd443e,235381.0,0.0,0.0,-0.1926450779398196,0.0,0.0537052214660276,0.0906081200292563,0.6057189827048656,15.789151524708323
Gpatch11,12741.0,6.0,-0.2065019898784662,0.0,0.0,-0.0199745130132953,-0.1002412265389107,-0.1002412265389107,10.692615501694668
Nol9,22173.0,0.0,0.0,1.115477217415621,0.0,0.355690301383217,0.3477828364931353,0.9149430215217907,11.124121311829253
Rps6,2752.0,0.0,0.0,0.0,-0.2575190110735931,-0.2575190110735931,-0.3347706601384576,-0.291702430656219,11.453270634010677
Cdon,86524.0,0.0,0.0,1.2630344058169625,0.0,0.1224991926407151,-0.0461576831768673,0.2013702458906445,14.755565693267162
Cnnm3,16370.0,0.0,0.0,0.5849625007151449,0.0,0.0066295271520951,0.0160569969906196,0.2598287148453342,12.843921051289056
Adam19,91351.0,0.0,0.0159801720608604,0.3219280948801484,0.0,-0.0456780074255628,0.0975695178835015,0.4097725417155872,15.220264951354352
Rpl13,2894.0,0.0,0.0,0.0,0.0,-0.0004026148108833,-0.0379705770116667,-0.0367961264874443,11.669770888525562
Clstn2,588786.0,0.0,0.0,0.0,0.0,-0.3052472728654427,-0.2093034435916222,0.3967259107176128,18.03419714109205
4732471J01Rik,189598.0,0.0,0.0,-0.5849625007091332,0.0,0.276775856991498,0.1183378392238947,0.1183378392238947,10.358651200892997
C1ql1,7424.0,3.0,-0.0107022374146579,0.0,-0.0998160795977378,0.1012520752217955,-0.0163571976937978,0.2109830197076254,11.372320954867313
Unc5d,572919.0,0.0,0.0,0.0,0.0,-0.198530733498246,-0.0597771461589931,0.1894098262519188,17.85911008779024
Chd3,26133.0,1.0,0.0,0.3219280948849579,0.0,0.0735517581480263,0.0696493759293056,0.3679860152565276,12.676177476832626
Schip1,561679.0,0.0,0.0,0.5849625006971113,-0.1134190133119339,-0.1642844973700245,-0.1666768198347928,0.4280900816401916,17.531114890670732
Fnip1,80036.0,0.0,0.0,0.0,0.0,0.2224281713478852,0.2243063612208001,1.318786309005315,14.782179193831212
Bcl2,176096.0,1.0,-0.0288031778651352,2.3219280947719465,0.3267720697323703,0.0401295517324829,0.2013044988284431,0.9247222007046604,16.419005524558997
Ubb,2042.0,3.0,0.0201274559851261,1.1375035237446889,0.0,-0.0542567981794312,-0.1135937430844172,-0.0327742034758404,11.166790750718242
Olig1,2161.0,13.0,-0.0991276165845458,-0.2451124978356968,-0.1594244996963509,-0.1216842977610652,-0.1585955833275957,0.0563803917844811,11.392317422778811
Ebf1,390774.0,0.0,0.0,0.0,0.3407352106277124,0.1872370985991488,0.3345382594417692,1.1348937051537,17.587894689529566
Grm1,396297.0,0.0,0.0,1.3219280948440812,0.0,-0.5264524919588088,-0.3264823556053433,0.114913975869142,15.09700333533006
6030407O03Rik,246378.0,0.0,0.0,0.0,0.5038848107518141,0.1258115873632061,0.1904424162301078,0.7255205046305839,16.907524453187513
Fstl4,423904.0,0.0,0.0,0.0,0.4775970842513253,0.3037617628756903,0.3661387111002017,1.2208817210884535,17.627462637106678
Sema3a,477151.0,0.0,0.0,1.5849625006249766,-0.0468559315523595,-0.2480696203969595,-0.2357384589596117,0.4474839356000503,16.207052461991463
Pou6f2,276588.0,0.0,0.0,0.9999999999278651,-0.6947899413507188,-0.3102043779815572,-0.2292337239552982,0.2843614613683485,16.876924565432983
Atp13a4,149011.0,0.0,0.0,0.0,0.0,0.117842448648777,0.2256742204636431,0.574274813401627,15.81918117895963
Cdh18,925396.0,0.0,0.0,0.9999999999278651,0.3459608742964992,-0.1563977917086669,0.0796905649075774,0.929267173286648,18.75165519630198
Arhgef12,143397.0,0.0,0.0,0.0,0.0,0.0979279150668013,0.1193334690947128,0.8488538310697322,15.690843734854209
Mitf,214297.0,0.0,0.0,0.8073549220524514,0.0,-0.0305253408719538,0.0408535168744589,0.5586854488307146,16.68763539328631
Zfp385b,409005.0,0.0,0.0,0.9999999999278651,-0.2168706465847056,-0.2520358625245386,-0.208993024635723,0.3564186879226935,17.630643962819555
St6gal1,135610.0,0.0,0.0,0.4150374992728327,0.0,0.0352378689053325,0.1214984131363598,0.5046998180140125,16.068652338913196
Ar,174446.0,0.0,0.0,0.0,0.6503070783472684,0.6503070783472684,1.0279798236283444,1.2906576073010594,10.91886323727467
Mgat4c,709982.0,0.0,0.0,0.9999999999278651,0.0,-0.2301366585796324,-0.0804904393004656,0.1083873618513914,17.672770614837262
Arl6ip1,10771.0,0.0,0.0,0.7369655941565885,0.0,0.0116835620906818,-0.1018854139559608,-0.0393241219476354,11.50332885662671
Gsg1l,203991.0,0.0,0.0,0.8300749985506743,0.4649720501412728,0.3828253438467013,0.2633150224683316,1.1158462504751323,16.618012620194172
Cmss1,304864.0,0.0,0.0,0.5145731728235754,-0.1880766245275863,-0.0125335587047914,-0.0059503972425133,0.5647472017133821,17.226835500860012
Ttyh2,45546.0,0.0,0.0,0.0,0.6643868428985635,0.4515121684321804,0.4692103692032934,0.9343417301752492,14.394395703129227
Rgs20,160709.0,0.0,0.0,0.9999999999639329,-0.2200805362889077,-0.0702300469328067,-0.0833110893655958,0.5271780511951977,16.286377269052785
Aff3,487629.0,0.0,0.0,0.8073549220421463,0.0,0.0768328604084169,0.0564103699993576,0.8387408194562014,17.84634125448486
Ppp2r3a,146711.0,0.0,0.0,0.0,0.0,0.0322190127149056,0.0631201892602844,1.2345985998517743,16.16753575204684
Arap2,163714.0,0.0,0.0,-0.5849625006971113,0.0,-0.0200239445383673,0.0769665941205567,1.1719449207649104,16.25517613745972
Xrcc4,315581.0,0.0,0.0,0.9999999999896954,0.0,-0.0948681211808714,-0.1049403954193567,0.5747312902232793,16.93867219468591
St18,373709.0,0.0,0.0484857551155893,0.1926450779411075,0.0,-0.2506257570450223,-0.0466285223767855,0.0470906298650612,16.644011158457708
Tspan3,33752.0,1.0,-0.0261866237497146,0.0,0.0,0.0516512362133247,-0.0303431864817433,0.6653898732139661,13.433194201814986
Rassf3,65997.0,4.0,-0.1234841176851158,0.0,0.5232570051874287,0.3305990443386182,0.3631850110200675,1.1181128573756236,14.67716905771612
Atp6v0c,5836.0,5.0,0.0163462973277077,0.584962500716347,0.0,0.104059521113121,0.1149477146553367,0.4854247490226705,11.62707784051744
Robo2,519986.0,0.0,0.0,0.5849625006971113,-0.6402506833531174,-0.4254371623314157,-0.36293133361453,-0.1095231332314332,17.333277666652492
2210408F21Rik,117053.0,0.0,0.0,0.0,0.1986552213691104,0.2248879489743353,0.2091798131954592,0.7795911686388943,15.85683886301268
Fam135b,296229.0,0.0,0.0,-0.9999999999278651,-0.3074107621073256,-0.4408787435007921,-0.1022212721741549,0.4537158892469841,15.271061737131438
Maml3,419169.0,0.0,0.0,-0.5849625007091332,0.3633733555615518,0.15756217176883,0.2426382704473763,1.4323422383311268,17.655265168592884
Xist,22888.0,6.0,-0.1453443871684955,0.6918777046334399,0.0,0.0,0.0,0.0,0.0
Tpk1,321277.0,0.0,0.0,1.5849625006249766,0.0,-0.2264712538349837,-0.118137685053153,0.2410386228176488,16.68723897526243
Zbtb16,181925.0,0.0,0.0,0.5849625006971113,0.23144736057755,0.1065343144053249,0.1595884448040647,0.747074831977111,16.493558400568883
Ano3,295722.0,0.0,0.0,0.5849625006971113,-0.8677035418441523,-0.7896682241595866,-0.8062976268631595,-0.3629385934420736,15.792714050651666
Phyhipl,98283.0,0.0,-0.0099634604578076,0.7776075786549645,0.0,0.0776768500150619,0.2478720889518877,0.9715641938195938,15.431595539138169
Syt14,144542.0,0.0,0.0,1.1375035237341966,0.0,-0.018016920796957,0.1430852634703252,0.7881349282990255,15.83853918419845
Cd81,15195.0,2.0,-0.0161662707299535,0.1768777620833557,0.0,0.0260400713100346,0.0022330782209516,0.1767545254507612,13.01785233190598
Pls1,92669.0,0.0,0.0,0.0,0.2509261560434438,0.1445784998514544,0.2254514313600652,0.7167502951281484,15.35617683051636
Adcy8,225212.0,0.0,0.0,0.5849625007091332,0.0,-0.0731602583110171,-0.1232861313698125,0.5730148176083414,16.748363215942767
Wls,98992.0,0.0,0.0,1.5849625006249766,0.0,-0.1774402132320451,0.0001796941706292,0.6310204210472818,15.534546067459996
Rab11fip4,106811.0,0.0,0.0,0.2630344058321907,0.6112260771216345,0.5105184934663843,0.4678261287471202,1.363300594012745,15.756999278643324
Sncaip,148226.0,0.0,0.0089599856241224,-0.1926450779398196,0.2034468207383498,0.1293140815636027,0.160116431252781,0.6938498930041144,16.19829155509221
Tmem117,466866.0,0.0,0.0,0.0,0.0,-0.06392983403265,0.1103405711426516,0.3514658310447012,17.811945346358996
Peg3,26539.0,1.0,-0.0811875274179576,0.0,-0.196737881420729,-0.0766383059084911,0.0273018259316595,0.7956354593505344,12.792586968947932
Tenm4,739847.0,0.0,0.0,-0.3219280948801484,-0.1711993486227287,-0.0197700626521767,-0.0421272928557013,0.4752490508450835,18.45278417623742
9930021J03Rik,91587.0,0.0,0.0,1.8073549220060792,0.0,0.040538367341003,0.1486335163083749,0.6811263853569026,15.364716049027829
Nell2,453329.0,0.0,0.0,0.0,0.0,-0.0753819221254054,-0.0629597399223788,0.832227512421089,17.232552088936092
Gulp1,245327.0,0.0,0.0,0.9999999999278651,0.4049518862065048,0.2124939521900529,0.3309675965564841,0.7491717728289353,15.363724118119094
Rasgef1b,511639.0,0.0,0.0,0.5849625006971113,0.0,-0.0244429770030012,-0.0848293138488685,0.0607046963766846,12.666002032644922
Slc8a3,135265.0,0.0,0.0,-1.4150374992487875,-0.3943935391978899,-0.0271350338660752,0.0320389643343025,0.775643984088956,14.875173386927392
Prr5l,168742.0,0.0,0.0,0.2895066171920701,-0.3418929991996324,0.2034331285548717,0.19834900286267,1.0386783898311291,16.377142732975965
Maf,24852.0,0.0,0.0,0.5849625006971113,0.3816575158315818,0.4160174212635357,0.4890232333475415,0.8505558707900396,12.971902746045483
Rin2,212401.0,0.0,0.0,0.4854268271619979,-0.3538285829001941,-0.0655956042350726,-0.1184443743197889,0.4225933718090917,15.627875822860544
Fign,126531.0,0.0,0.0,0.3219280948801484,0.1711211992886827,-0.141595049071858,-0.0856304840736407,0.7352862464865232,15.811625557730244
Pard3b,1003460.0,0.0,0.0,0.4150374992668215,0.0,-0.1204391351409863,9.711357292662565e-05,0.4392163195476337,18.727677867242228
Klhl29,298210.0,1.0,0.0,-0.1699250014403088,-0.3101991588607032,-0.002321345576622,-0.0449715138991077,0.8338585981093438,17.146260391631547
Gm16759,170090.0,0.0,0.0,0.0,0.0,0.2223328065668248,0.2314731170845985,0.6568077546369882,16.29956578529324
Tle1,83777.0,2.0,-0.1273930151153967,1.5849625006249766,0.0,0.1130386734535749,0.1636709386475403,0.46299370288914,15.345682448186784
Ppfibp2,153376.0,1.0,0.0238289822392193,0.8073549220421463,0.1273844083661023,0.0333552457714196,0.1266028025194392,0.5999896226737065,16.172154008250992
Kctd8,232394.0,0.0,0.0,0.0,0.6926353266564609,-0.0222504245077903,0.0655387836953699,1.2566790422020784,16.116750068218586
Stk33,159858.0,0.0,0.0440118347237278,0.1699250014403088,0.0,0.0898863894552781,0.0198085999613481,0.6988283870878353,15.121857245612658
Elavl2,150022.0,0.0,0.0,-0.5849625006971113,-0.5905478818205304,-0.5466700996442394,-0.5422587263651608,-0.1837140312775056,14.956194629090785
Skap2,155127.0,0.0,0.0,0.2630344058321907,0.6973794777695286,0.0854421821847164,0.3248254882939462,1.3281850070225554,16.21452782894448
Pld5,313006.0,0.0,0.0,-0.7369655941469699,-0.8219386357164166,-0.4628581422769425,-0.5436952819850701,0.3568543500305013,17.0805260950906
Pbx3,201685.0,0.0,0.0,0.4150374992668215,0.0,0.3410885084656635,0.356973663919964,1.86875338827112,16.52281137810442
Nova1,124412.0,0.0,0.0,0.8479969065421264,0.0,0.0031202427071613,-0.0486924842766854,0.5981057986160649,15.917045683157156
Dach2,538876.0,0.0,0.2186440495136218,0.9999999999639329,0.0,0.0,0.0,0.0,0.0
Sik2,116272.0,0.0,0.0355105908730672,0.2141248053520508,0.0,-0.0017121809070871,0.1404824496095587,1.0230815349093216,15.71446018845603
Arhgef28,306970.0,0.0,0.0,0.3219280948801484,0.1812994218315151,0.1233272186606848,0.1185527101441532,1.0386783898647418,17.22647804886918
Kansl1l,98314.0,0.0,0.0,0.7776075786549645,-0.6472732686224458,-0.3143859489811133,-0.3703023189960345,0.2313234679766511,15.6156296369681
Hcn1,385098.0,0.0,0.0,0.0,0.0,-0.1814850162710572,0.1167999897817138,0.3548625023803399,11.239001757765642
Nfib,415577.0,0.0,0.0,1.8073549220060792,-0.2360569178165419,0.0183841860899553,0.0523581659366426,1.55652669466284,17.67726542507244
Plscr4,35083.0,1.0,-0.0840317679682688,0.9999999999278651,0.0,-0.0470442793655386,0.2582502288778187,0.5957348941380218,13.500592945893846
Cdh19,89258.0,0.0,0.0,2.3219280948488903,0.6858188711572528,0.2726564481281843,0.5414017334810157,0.9421410446222692,12.171802288683017
Ndst3,164687.0,0.0,0.0,-0.5849625006971113,0.484560558547324,0.479067123148351,0.3777772873180218,1.1872009146486835,12.017156386383148
Gm21860,0.0,0.0,0.0,0.0,0.0,0.0,0.0,0.0,0.0
Itm2b,23063.0,0.0,-0.0664611047114319,1.378511623235974,0.0,-0.226655298632448,-0.197022547161369,-0.1341233721436907,13.342352510087808
Mcc,387122.0,0.0,0.0,0.0,0.1995249142939092,0.0521639861423996,0.0729405419492388,1.1711286858962202,17.572219109782907
Nr6a1,204318.0,2.0,0.0453947622026215,0.9434164716283058,0.1760214783786951,0.2077604204493942,0.1603052201111637,1.1533209559236757,16.66212592790625
Kdm6a,117361.0,0.0,0.0,0.0,0.0,0.0,0.0,0.0,0.0
Rcan2,238165.0,0.0,0.0,0.8744691179052118,0.3137449209754098,0.1010898142393089,0.1960081436401409,1.5585458624697706,16.713467068173593
Manf,53667.0,0.0,0.0,0.0,0.0,-0.0231413704536692,-0.0403263560895682,0.1133757573234897,13.594091290260424
Cd9,34525.0,1.0,-0.0125672045221883,0.9999999999959924,-0.2738615593083386,-0.0640846599406186,-0.0708584079957671,0.3128533534719807,14.00650140756944
Pabpn1,5669.0,12.0,-0.060280238623514,1.1926450779365991,0.0,-0.0165465355234188,-0.1060773792215656,-0.0617907646315343,11.89633240390998
Ralyl,710632.0,0.0,0.0,1.5849625006249766,0.0,-0.0785781876801969,0.0172824672942515,0.453715889272792,16.470134543674664
Cdk19,144254.0,0.0,0.0,0.222392421333013,0.6158101038016652,0.2056123918489873,0.1952319912323247,0.7855128241591447,16.072341990829756
Etv5,58410.0,0.0,0.0,0.9999999999959924,-0.2149372330113799,0.1741018509991253,0.177866236928191,0.6310204210930229,14.77025092739487
Abca8a,70344.0,0.0,0.0,0.0,0.0,0.0,0.0,0.0,0.0
Gria1,318857.0,0.0,0.0,0.0,-0.6005360461760822,-0.5925248767902282,-0.6435699785671644,0.0241788203555025,16.996870651857797
Etl4,900933.0,0.0,0.0,0.0,-0.4452008025882379,-0.239428574179518,-0.3051961960050087,0.314739476159669,18.49045136082641
Caln1,477957.0,0.0,0.0,0.0,-0.5971339030614531,-0.0039255768932777,0.0170325484115062,0.9598229692540116,17.80508886889132
Pak1,123840.0,0.0,0.0257963090404792,0.5849625006971113,0.0,0.030259406603331,0.075540051026566,0.2724184890772614,11.290018846932677
Rhoj,93134.0,1.0,-0.0232260202334084,0.9999999999971144,0.2625151417160661,0.1491989133342362,0.2015330170693655,0.948222148950196,15.49498055266148
Mpped1,79027.0,0.0,0.0,0.0,0.5118758208835901,0.3313146140909137,0.4000882620222535,1.1921528706174198,14.7986236770601
Scrg1,21662.0,0.0,-0.1327960664601754,0.4854268271661199,0.0,-0.1888885130828935,-0.0548661238941667,0.3177510059674651,13.41837971936497
Myo6,146698.0,0.0,0.0,0.3785116232504006,-0.6891608558672391,-0.2583971864632718,-0.1369388430521524,0.3594282937269892,15.714889434231551
Fmn1,389031.0,0.0,0.0,1.5849625006249766,-0.4740864613294808,0.0138544554649966,0.0365680088479909,0.591219412986736,17.48271343744594
Eya1,141281.0,0.0,0.0,0.0,-0.235529863555949,-0.119770056125507,-0.0478676610502536,0.5872990436256726,16.14316395488
Cobl,228352.0,0.0,0.0,0.5145731728235754,0.289084536634322,-0.0365193981806827,-0.009378529257404,0.4761832294356276,16.816108664140856
Rpl41,1191.0,5.0,-0.0956512268793323,0.628031222608413,0.0,0.02494747693685,0.0178841277382861,0.0446182355071025,11.18982455888008
Camk2a,62534.0,6.0,-0.2103375608341613,0.5849625007131416,0.0,0.2736063993219067,0.2097822691225835,0.6761083106091575,14.756087161877224
Adk,395995.0,2.0,-0.0046214130156761,1.9999999999458988,0.3866180267081092,0.1391691844638901,0.1166996515885204,0.886675296414299,17.598045228494883
Phldb2,207355.0,0.0,0.0,0.5849625006971113,0.2888614682066626,0.0075968771179915,0.0896770002009375,2.1541556063874534,16.617051287391433
Gm15398,125776.0,1.0,-0.0833034907018579,0.0,0.0,0.0,0.0,0.0,0.0
Crebrf,60985.0,0.0,0.0,0.4694852832981371,0.0,0.1866653625142565,0.3200312540093654,0.9262036605948034,14.816433710902286
Cspg4,34837.0,4.0,-0.0144420480454836,0.1926450779419664,-0.1566297756590539,-0.0249537500263696,-0.1586069896183501,0.2610708113807445,14.167182904636416
Kcnmb2,297673.0,0.0,0.0,-1.5849625006249766,-0.7357693962900598,-0.7118887303803091,-0.773629622700917,-0.1837140312593845,17.121361507144435
Rpsa,4680.0,3.0,-0.1043323025968888,0.0,0.0,0.1429464084362441,0.0399786303329321,0.1138976355440162,10.683871868622692
Col27a1,120987.0,1.0,-0.103517470003594,0.5305147166938475,0.6398406715191256,0.1773367742237717,0.1825342024742318,0.5125833315147856,15.89687633968959
Cst3,3970.0,4.0,-0.0526944379991395,-0.5849625007187518,0.0,0.0972836781233182,0.0160389515577683,0.0483935448833539,11.59385793885827
Sema3e,231413.0,0.0,0.0,0.7369655941597939,0.2331489556376001,-0.0393670013100189,0.013898791768515,0.6003083869119907,16.780629471772386
Hs3st4,416120.0,0.0,0.0,0.0,0.0,-0.0918138785072395,0.0095749417387975,0.5981057985161262,17.202889057519908
Rreb1,173605.0,0.0,0.0,0.5849625007091332,0.548957141058271,0.4089570660981633,0.4935673287070689,0.9849905191201072,16.392116139898647
St5,179694.0,0.0,0.0,1.2223924213272874,0.0,0.1681384852552411,0.0686788203048797,0.784921797692631,15.389496903716385
Scd2,13190.0,2.0,0.0,-0.2223924213353028,-0.2289423960321821,-0.0023347444764079,0.0115693840846523,0.3913500083551455,12.54689445988766
Unc13b,205918.0,0.0,0.0,0.6629650127179998,0.0,0.2110847752135101,0.2528942678126258,0.775643984052024,16.45421895599461
Lin52,94723.0,0.0,0.0,0.0,0.0,0.1907489630095106,-0.0359359425127809,0.3943373422303456,15.216707971798666
Pde8a,120937.0,1.0,0.0188498125841917,0.0,0.4846550871278241,0.2826387750554137,0.2634895342916928,0.9889253547137682,15.783228473165709
9330111N05Rik,165976.0,0.0,0.0,0.2223924213355896,0.0,-0.0624958364849033,-0.3195123726542866,-0.138199372015841,15.42347706407978
Rabac1,3002.0,0.0,0.0021528995349878,0.6780719051072275,0.0,0.2068706947206015,0.0881072870153629,0.1844370803618904,11.758639637024618
Klhl4,86496.0,0.0,0.0,0.9999999999278651,0.0,0.0,0.0,0.0,0.0
A230006K03Rik,183725.0,0.0,0.0,0.0,0.0,0.0,0.0,0.0,0.0
Grb14,112511.0,2.0,0.0,0.9999999999759548,-0.3618387215250753,-0.0174584058266856,0.04829119871634,0.7925178026435091,15.773139206719694
Gpr37l1,7447.0,0.0,0.0,-0.5145731728266663,0.0,-0.0378365684112503,-0.105214051291095,0.0817471119423443,12.104926303807808
Slit3,587283.0,1.0,0.2005829092345777,1.8073549220060792,-0.5457115668712729,-0.0387899606566944,-0.0092961465632848,0.7305560945614311,18.169235071413325
Utrn,487177.0,0.0,0.1065278860439956,0.4150374992758383,-0.4502647096688137,-0.0784599378288648,-0.0459104177987791,1.0610462029439045,17.84013863818088
Plp1,17062.0,0.0,-0.13557219071472,0.8073549220421463,0.5924176890091154,0.5924176890091154,1.0206444671688848,1.0206444671688848,10.834471049984302
Hs6st3,731474.0,0.0,0.0,1.5849625006249766,-0.6170232793486468,-0.4013045072134463,-0.4369060706612607,0.0269012222731454,18.277491735971516
Oxr1,413566.0,0.0,0.0,0.9999999999278651,-0.0212079631161848,-0.1003124527875203,0.0086855032377937,1.2231029607533055,17.656026759944652
Efemp1,73539.0,1.0,-0.0287168477439039,1.3219280948440812,0.1914982398875482,-0.0780157813122126,0.0395200123970756,0.3775665503951266,14.979782430703091
2610316D01Rik,97823.0,3.0,-0.1152698836957941,0.9999999999278651,0.0,-0.205319594106114,-0.1268721881972179,0.0780526283857216,15.60701237716778
C1ql3,8349.0,4.0,-0.1458897284693302,0.6520766965721987,-0.4615374629394759,-0.475489566498196,-0.4668059842370006,-0.2832497048337119,12.18239435340456
Sfmbt2,224743.0,0.0,0.0,0.9999999999278651,-0.7286238187629063,-0.7286238187629063,-0.8093531773542484,-0.5522272500271259,12.659772961881632
Tuba1a,3866.0,7.0,-0.2389134499226462,0.0,-0.3514217798694465,-0.1288171104607238,-0.1565749361700832,0.0956342748604779,11.409390936137754
Tmsb4x,2222.0,3.0,-0.3754919139276934,1.5849625006249766,0.0,0.0,0.0,0.0,0.0
Tnc,87230.0,0.0,0.0,0.7369655941469699,0.0,-0.1619050779925663,0.0920481897044841,0.6712219552703339,15.451822839394293
Gpc5,1432964.0,0.0,0.0,1.5849625006249766,-0.2976314543278096,-0.1738790637287413,-0.097506754398395,0.6947239887860613,19.448031588478667
Scel,99455.0,0.0,0.0,0.2630344058289848,0.4218351773028371,0.0802345773400929,0.1220689721728774,1.0386783900137293,15.532295040519966
Fgd4,183632.0,0.0,0.0,-0.5849625006971113,0.0,-0.1027635600663335,-0.0445632071454566,0.2269819208062453,16.35478312995999
Celf4,276525.0,0.0,0.0,0.3625700793801285,0.0,-0.0423996903413403,0.0301693222948293,0.7790345733366077,17.039486715894895
Megf10,164377.0,0.0,0.0,0.3625700793801285,0.0,0.1966243792718075,0.1328890044548034,0.921321439290068,16.32625391483492
Cpq,511423.0,0.0,0.0,0.9999999999278651,0.0,-0.2243407767970707,0.0355197581065283,0.2144616021132583,17.884528286014394
A830018L16Rik,561796.0,0.0,0.0,0.0,0.0,-0.339918255001724,-0.1560232324848788,0.0594369502089952,17.909277848252184
Btaf1,86673.0,0.0,0.0,0.7369655941469699,-0.1393568748478619,-0.0502392932355566,0.0521141667737663,0.3751592405503547,11.288289342181027
Plekhg1,226939.0,0.0,0.0,0.5849625006971113,0.6205687293246533,0.2811088162160985,0.3198880382180497,1.038678389860583,16.748245272148683
Rps8,2416.0,0.0,0.0,0.0,0.0,-0.0275659748774124,-0.0728733040381368,-0.0611222169381129,11.495355392236032
Dcaf6,131777.0,0.0,0.0,0.8744691179052118,-0.2309943249268329,-0.1685431635310054,-0.0593900841374108,0.5818207149989625,15.92191065325602
Tjp2,130525.0,0.0,0.0,0.7004397181341564,0.2367847212707441,0.1013572991535651,0.195062309055298,0.7943711922514152,16.036924820610494
Plce1,303921.0,0.0,0.0,0.2630344058289848,0.0,0.0463532522943348,0.1514318991555952,0.7576582386841701,17.168760247060824
Plxna4,443924.0,0.0,0.0,0.0,0.0,0.0245296529872306,0.1299321008336988,0.8445913378836948,17.704471068902304
Pcsk1n,4588.0,7.0,-0.0529369233072333,0.2313255461055261,0.0,0.0,0.0,0.0,0.0
Rps16,2503.0,2.0,0.005914193618717,-0.2895066171920701,0.0,0.032543911467117,-0.003161841266166,0.0741004442612371,11.149747119504744
Rbfox3,421835.0,0.0,0.0,0.0,-0.1745750615227623,0.2650198353257844,0.2451696367631771,1.007651494251883,17.621665576786913
Cpeb1,108439.0,0.0,0.0,0.4150374992758383,0.0,0.171773128561344,0.1332717387743285,0.448930826755572,14.731902355928709
Rorb,180591.0,0.0,0.0,0.0,0.0,-0.3026735882710722,-0.1207678188208695,0.2481317556602351,16.422639705422796
Arhgap5,68003.0,0.0,0.0,0.0,0.0,0.8414987124585119,0.1279457281187941,0.1279457281187941,13.018200178813244
Ryr2,553843.0,0.0,0.0,1.5849625006249766,-0.5538996341103303,-0.527842021644655,-0.5835120362129123,-0.1312466113649247,18.039989984724684
Cntnap5a,902567.0,0.0,0.0,0.0,-0.6128186281773589,-0.3732776749316488,-0.2290923581844744,0.3061587008872835,18.50957399757426
