cell_type,gene,DEG,pred,dmr,mcg_genebody,mch_genebody,atac,hic_loop,hic_abc_dmr,hic_abc_peak
L5_ET_CTX_Glut,Eme2,0,-1,0.09065974,0.16943546,0.085932314,0.082966186,0.19268729,0.0888709,0.28944814
L5_ET_CTX_Glut,Dck,0,0,0.15413348,0.08414357,0.22698398,0.13680544,0.1565746,0.17318088,0.06817809
L5_ET_CTX_Glut,2700049A03Rik,0,0,0.09404191,0.048636932,0.43764016,0.09539692,0.16675791,0.10232039,0.055205736
L5_ET_CTX_Glut,Grsf1,0,-1,0.17672673,0.1739029,0.14755765,0.16161783,0.017717917,0.21908991,0.10338704
L5_ET_CTX_Glut,Nup210l,0,-1,0.08366419,0.03646455,0.247672,0.08753467,0.29430223,0.09481629,0.15554613
L5_ET_CTX_Glut,Plcxd2,0,0,0.10638744,0.053905465,0.25582084,0.12224662,0.17169853,0.16064855,0.12929256
L5_ET_CTX_Glut,Zfp202,0,0,0.16064578,0.06910977,0.16931404,0.15111388,0.15308447,0.12454937,0.17218271
L5_ET_CTX_Glut,Eif2b3,0,0,0.10563632,0.04395803,0.21189316,0.10141076,0.30543235,0.16495949,0.06670988
L5_ET_CTX_Glut,Drd2,0,0,0.1108919,0.048587944,0.34729296,0.08893564,0.2051476,0.15995166,0.039192248
L5_ET_CTX_Glut,Lmf1,0,-1,0.087267816,0.04351919,0.13447885,0.10155343,0.28575447,0.17427376,0.17315243
L5_ET_CTX_Glut,Rps27a,0,0,0.158994,0.21036506,0.18305357,0.14628902,0.015940104,0.15741473,0.12794343
L5_ET_CTX_Glut,1700028K03Rik,0,0,0.13447912,0.12182382,0.19574378,0.14424238,0.2266229,0.10449441,0.07259355
L5_ET_CTX_Glut,Chrac1,0,0,0.16673438,0.076186106,0.20069128,0.15029618,0.016716124,0.19297054,0.19640535
L5_ET_CTX_Glut,Gm20033,0,0,0.0989037,0.054368008,0.35587984,0.07792697,0.27536222,0.08322386,0.054335482
L5_ET_CTX_Glut,Zfp334,0,0,0.14958483,0.10310606,0.11112539,0.14013375,0.25830415,0.15851721,0.07922861
L5_ET_CTX_Glut,Ndufs6,0,0,0.1690474,0.137407,0.17402868,0.14990081,0.17900981,0.11900288,0.07160349
L5_ET_CTX_Glut,Gm13912,0,1,0.14155994,0.074434824,0.14650908,0.13310611,0.1365509,0.24415377,0.1236854
L5_ET_CTX_Glut,Lamtor3,0,0,0.15206414,0.09244617,0.16016874,0.14782648,0.12192641,0.13156535,0.19400276
L5_ET_CTX_Glut,Bcorl1,0,-1,0.15877618,0.08990422,0.17026113,0.105193496,0.016067838,0.22094652,0.23885062
L5_ET_CTX_Glut,Spire2,0,-1,0.10733936,0.07720632,0.13299792,0.11484608,0.36437005,0.09276998,0.11047026
L5_ET_CTX_Glut,Grb2,0,-1,0.15528943,0.12207109,0.09734807,0.18291989,0.015568698,0.18009874,0.24670415
L5_ET_CTX_Glut,Dbndd1,0,-1,0.10583425,0.07790315,0.29732788,0.11513165,0.013169337,0.14634608,0.2442876
L5_ET_CTX_Glut,Zbtb38,0,-1,0.13053033,0.11503299,0.14858787,0.18205892,0.16285077,0.1709655,0.08997357
L5_ET_CTX_Glut,Elovl7,0,0,0.092709295,0.05142658,0.26481584,0.06581374,0.28519914,0.1388062,0.101229265
L5_ET_CTX_Glut,Nhsl2,0,0,0.22877887,0.076468594,0.37154526,0.100331,0.015325113,0.026290994,0.18126018
L5_ET_CTX_Glut,Haus3,0,-1,0.10381047,0.059561186,0.12719104,0.06813699,0.22866842,0.1342495,0.2783824
L5_ET_CTX_Glut,Tubb3,0,-1,0.10589461,0.25991696,0.09345959,0.1440492,0.16034713,0.13597475,0.10035777
L5_ET_CTX_Glut,Kars,0,0,0.14987661,0.15022449,0.16466728,0.16593227,0.0901544,0.11758896,0.16155598
L5_ET_CTX_Glut,Snd1,0,1,0.13892587,0.09166813,0.1223765,0.14281262,0.28011346,0.17533317,0.048770204
L5_ET_CTX_Glut,Ston2,0,0,0.061316542,0.041967817,0.32991543,0.09312177,0.36179787,0.074613556,0.03726699
L5_ET_CTX_Glut,Pithd1,0,-1,0.15182692,0.06914234,0.1420053,0.09965305,0.06383373,0.13598563,0.33755308
L5_ET_CTX_Glut,Pxylp1,0,1,0.1617071,0.09616706,0.23952544,0.14186364,0.016050853,0.269488,0.07519786
L5_ET_CTX_Glut,Cox6c,0,0,0.11974071,0.11751556,0.1520946,0.14677863,0.19527434,0.14017047,0.12842569
L5_ET_CTX_Glut,Lsm14a,0,0,0.14221407,0.07445202,0.107933566,0.15277636,0.353271,0.10304366,0.06630933
L5_ET_CTX_Glut,Fbxo30,0,0,0.1552787,0.08660845,0.36879689,0.15129402,0.015567628,0.13758071,0.08487357
L5_ET_CTX_Glut,Blzf1,0,0,0.13624549,0.09132269,0.17378655,0.17536446,0.18182419,0.11743583,0.12402083
L5_ET_CTX_Glut,Rsph3b,0,0,0.18711722,0.13597456,0.27042708,0.2736802,0.026874078,0.046103828,0.059823126
L5_ET_CTX_Glut,2900076A07Rik,0,0,0.13677658,0.16023347,0.1793302,0.08977465,0.19429371,0.14702998,0.09256146
L5_ET_CTX_Glut,Flad1,0,0,0.12740372,0.1220116,0.19266383,0.1135971,0.2227166,0.103808515,0.11779869
L5_ET_CTX_Glut,Tbca,0,0,0.14500041,0.101454146,0.24990797,0.12614441,0.17350557,0.13558136,0.06840605
L5_ET_CTX_Glut,Ptbp2,0,1,0.12283957,0.0747474,0.14496346,0.14569356,0.16593313,0.27061397,0.07520891
L5_ET_CTX_Glut,Acsf3,0,-1,0.104860224,0.07420506,0.15774462,0.06882603,0.3221266,0.10570433,0.16653316
L5_ET_CTX_Glut,Map2k3,0,-1,0.08723507,0.0629937,0.17279457,0.08545313,0.305777,0.09314747,0.19259904
L5_ET_CTX_Glut,Uchl1,0,-1,0.119523786,0.2287107,0.07625462,0.1218539,0.15254523,0.11070303,0.19040874
L5_ET_CTX_Glut,Peli2,0,0,0.086077124,0.0395772,0.390796,0.10288444,0.19136004,0.12116945,0.06813575
L5_ET_CTX_Glut,Sae1,0,-1,0.108980045,0.08488564,0.106026724,0.09191037,0.20984976,0.197897,0.20045048
L5_ET_CTX_Glut,Prrc2a,0,-1,0.098580405,0.09054002,0.09960768,0.11531937,0.2373936,0.12299135,0.23556755
L5_ET_CTX_Glut,Acaa2,0,0,0.12544349,0.05778572,0.3416015,0.123860575,0.012576467,0.12718125,0.21155101
L5_ET_CTX_Glut,Mybbp1a,0,-1,0.122741796,0.066216126,0.10717447,0.08056277,0.29177216,0.11161036,0.21992238
L5_ET_CTX_Glut,Skap2,0,0,0.08731913,0.062465936,0.41101286,0.10763409,0.26694816,0.01785309,0.046766713
L5_ET_CTX_Glut,Ptprd,0,1,0.21562476,0.1396007,0.083631374,0.23535031,0.22797509,0.024847435,0.07297045
L5_ET_CTX_Glut,Cog5,0,-1,0.10456246,0.113425,0.0854926,0.15430607,0.34733555,0.019090787,0.17578751
L5_ET_CTX_Glut,Cdc26,0,0,0.1777783,0.1561235,0.22356081,0.1593796,0.01782335,0.1558299,0.10950459
L5_ET_CTX_Glut,Nav2,-1,-1,0.12023924,0.04226664,0.22869095,0.1140598,0.30550876,0.11838593,0.07084871
L5_ET_CTX_Glut,Supt5,-1,-1,0.13367175,0.07765613,0.084849864,0.11680231,0.28232005,0.12397101,0.18072888
L5_ET_CTX_Glut,Ankrd13d,-1,-1,0.11168769,0.10530056,0.102689974,0.1337882,0.058092766,0.12335671,0.36508408
L5_ET_CTX_Glut,Faim2,-1,-1,0.19103248,0.15556875,0.14412183,0.19319217,0.01677472,0.16613415,0.13317588
L5_ET_CTX_Glut,Sars,-1,0,0.14090194,0.1214278,0.13778259,0.14517754,0.18621911,0.13595071,0.13254017
L5_ET_CTX_Glut,Celf5,-1,-1,0.082634345,0.13890184,0.06638573,0.08692024,0.25544018,0.07339875,0.29631892
L5_ET_CTX_Glut,Srrm3,-1,-1,0.11592511,0.060539115,0.09121361,0.13697214,0.37858716,0.10006962,0.11669313
L5_ET_CTX_Glut,Tcf12,1,0,0.06513189,0.034427285,0.36672983,0.0936378,0.18183547,0.10525846,0.15297931
L5_ET_CTX_Glut,Nisch,-1,-1,0.1145521,0.05274298,0.117123745,0.13137752,0.2952677,0.121642426,0.16729349
L5_ET_CTX_Glut,Srcap,-1,-1,0.13594896,0.061543148,0.07518367,0.13016605,0.38419953,0.13581285,0.07714579
L5_ET_CTX_Glut,Leng9,1,0,0.10993145,0.23021904,0.2044752,0.14338695,0.14756581,0.10993832,0.05448327
L5_ET_CTX_Glut,Cacng8,-1,-1,0.13752297,0.11719042,0.1244417,0.14172432,0.04946674,0.1752023,0.25445154
L5_ET_CTX_Glut,Cap2,-1,-1,0.088012524,0.048367493,0.08935545,0.12645428,0.3028552,0.16042805,0.18452701
L5_ET_CTX_Glut,Ckb,-1,-1,0.08541468,0.2439776,0.14842217,0.07429102,0.09884468,0.11404476,0.235005
L5_ET_CTX_Glut,Mical3,-1,0,0.10516855,0.112559676,0.12318078,0.13899197,0.32765564,0.12575561,0.0666878
L5_ET_CTX_Glut,Mafg,-1,-1,0.20809473,0.29117784,0.16689545,0.23073655,0.020862754,0.035791103,0.0464416
L5_ET_CTX_Glut,Pigk,1,-1,0.1343314,0.091046505,0.07851045,0.10838741,0.25755438,0.19773588,0.13243397
L5_ET_CTX_Glut,Fryl,-1,-1,0.1160951,0.086589634,0.13122836,0.1161865,0.407808,0.066844895,0.075247444
L5_ET_CTX_Glut,Ptpn9,-1,-1,0.1763997,0.14905182,0.12654752,0.11578167,0.017685136,0.13500749,0.2795267
L5_ET_CTX_Glut,Rab11fip3,-1,-1,0.0828343,0.07146565,0.067867845,0.12618282,0.3205169,0.14000966,0.19112273
L5_ET_CTX_Glut,Coro1a,-1,-1,0.08970779,0.055594523,0.124386996,0.08923124,0.29430223,0.12379439,0.22298291
L5_ET_CTX_Glut,Klhl29,-1,-1,0.09915174,0.07890545,0.09176892,0.14596954,0.37659422,0.06018798,0.1474223
L5_ET_CTX_Glut,Ppip5k1,-1,0,0.12524469,0.1847702,0.12486421,0.16110961,0.1383187,0.16560344,0.10008918
L5_ET_CTX_Glut,Thra,-1,-1,0.12116918,0.1385237,0.07277484,0.109856844,0.047832366,0.23122142,0.2786216
L5_ET_CTX_Glut,Ddx5,-1,-1,0.11637084,0.28676608,0.09480272,0.113971695,0.10074451,0.12572347,0.16162074
L5_ET_CTX_Glut,Fus,-1,-1,0.15412521,0.115404494,0.14430803,0.15299825,0.015451984,0.15229093,0.2654211
L5_ET_CTX_Glut,Armc9,-1,-1,0.08137399,0.050384764,0.15229824,0.10162491,0.34895852,0.14787926,0.11748037
L5_ET_CTX_Glut,Tecpr1,-1,-1,0.13853346,0.06541032,0.13389705,0.0909278,0.24548249,0.12062358,0.20512532
L5_ET_CTX_Glut,Sod2,1,0,0.19067411,0.10795794,0.20761965,0.18435675,0.019116232,0.19326957,0.09700572
L5_ET_CTX_Glut,Cyfip2,-1,-1,0.15461966,0.07375293,0.064521976,0.16368476,0.22385053,0.18071966,0.13885047
L5_ET_CTX_Glut,Kcna2,-1,-1,0.105629556,0.15907052,0.08835615,0.110202916,0.19100964,0.13500957,0.21072167
L5_ET_CTX_Glut,Wwc1,-1,-1,0.10976628,0.079444446,0.06472236,0.10936862,0.36645123,0.15223591,0.118011065
L5_ET_CTX_Glut,Slc24a5,1,0,0.14057724,0.09231421,0.28297344,0.09226926,0.1446084,0.16739492,0.079862624
L5_ET_CTX_Glut,Gabbr2,-1,-1,0.16222875,0.0651075,0.06009972,0.13854451,0.4528333,0.07663898,0.044547167
L5_ET_CTX_Glut,9630028H03Rik,1,0,0.120553285,0.079109974,0.25255528,0.13524827,0.27913103,0.08233056,0.05107154
L5_ET_CTX_Glut,Pdzd2,-1,-1,0.110428534,0.064403675,0.07795533,0.13708775,0.286935,0.14066663,0.1825231
L5_ET_CTX_Glut,Gm15594,1,0,0.20237735,0.22265583,0.2650097,0.17108963,0.058894098,0.034807745,0.045165613
L5_ET_CTX_Glut,Syt11,-1,-1,0.29990694,0.18241726,0.17224741,0.19684686,0.030067487,0.05158227,0.06693181
L5_ET_CTX_Glut,Pacsin1,-1,-1,0.09878254,0.104957595,0.08498457,0.08768567,0.34213212,0.11531252,0.16614497
L5_ET_CTX_Glut,Klc2,-1,-1,0.117671415,0.10639158,0.104319036,0.13285694,0.18983325,0.111272715,0.23765504
L5_ET_CTX_Glut,Zcchc18,-1,0,0.16771187,0.19464447,0.22497414,0.1367412,0.016814128,0.18866023,0.07045393
L5_ET_CTX_Glut,Agap3,-1,-1,0.11595652,0.09483798,0.10993594,0.09780468,0.34302858,0.11807379,0.12036249
L5_ET_CTX_Glut,Fgfr2,1,-1,0.18727602,0.067792386,0.13370974,0.17586528,0.36808646,0.014849156,0.052421093
L5_ET_CTX_Glut,Kdm2a,-1,-1,0.101324886,0.09139417,0.085582145,0.15692113,0.39859524,0.09222382,0.07395871
L5_ET_CTX_Glut,Gm20721,1,0,0.14044696,0.132268,0.14714213,0.11984629,0.2658073,0.13695404,0.057535373
L5_ET_CTX_Glut,Cacna1b,-1,-1,0.12628731,0.055797525,0.06497617,0.12591915,0.36858624,0.11308748,0.1453461
L5_ET_CTX_Glut,Tmem259,-1,-1,0.114384905,0.083413936,0.092426784,0.12330959,0.21042061,0.13721025,0.23883398
L5_ET_CTX_Glut,Dexi,-1,0,0.0922416,0.060299393,0.23119603,0.07635457,0.33384195,0.1524824,0.05358406
L5_ET_CTX_Glut,Tek,1,1,0.15694639,0.089963235,0.17123057,0.103013255,0.1817746,0.2238622,0.07320979
L5_ET_CTX_Glut,Syt7,-1,-1,0.15881203,0.11338613,0.09761568,0.17116678,0.1828758,0.19525762,0.08088595
L5_ET_CTX_Glut,Trrap,-1,-1,0.120573804,0.051980887,0.06310019,0.12956281,0.42096964,0.1557,0.058112722
L5_ET_CTX_Glut,Rap1gap,-1,-1,0.13160646,0.13948874,0.09218831,0.14300162,0.4030375,0.019916717,0.0707606
L5_ET_CTX_Glut,Dvl1,-1,-1,0.100991525,0.07637267,0.115273066,0.09746324,0.15364471,0.13628569,0.31996912
L5_ET_CTX_Glut,Etl4,1,0,0.15299541,0.09375799,0.26192462,0.14450347,0.20818195,0.089667246,0.048969306
L5_ET_CTX_Glut,4930402H24Rik,-1,-1,0.12880877,0.1342558,0.08102598,0.18130347,0.30024207,0.11230051,0.06206351
L5_ET_CTX_Glut,Exoc4,1,1,0.14616707,0.09337545,0.23294164,0.1468355,0.21128657,0.12005778,0.04933595
L5_ET_CTX_Glut,Ptk2b,-1,-1,0.09148921,0.05027398,0.055242535,0.12284561,0.4033102,0.09180316,0.18503527
L5_ET_CTX_Glut,Cacna1h,-1,-1,0.1025702,0.08418316,0.069642834,0.09258421,0.43899077,0.14997622,0.062052466
L5_ET_CTX_Glut,Eif4g1,-1,-1,0.0920522,0.101447254,0.06108322,0.097836226,0.29540998,0.14761016,0.20456086
L5_ET_CTX_Glut,Ptpro,-1,0,0.09743211,0.06343417,0.30563107,0.11303938,0.22805628,0.12709655,0.06531035
L5_ET_CTX_Glut,Kcnn2,1,0,0.15758106,0.09701559,0.13887312,0.19784364,0.29025167,0.029043302,0.08939168
L5_ET_CTX_Glut,Tmem132a,-1,-1,0.11970056,0.07550256,0.12417183,0.12466695,0.25284076,0.14605993,0.15705733
L5_ET_CTX_Glut,Flnb,-1,-1,0.1861506,0.08597028,0.122709945,0.16888426,0.013266365,0.19723955,0.22577907
L5_ET_CTX_Glut,Dnmt3a,-1,-1,0.13487117,0.08509149,0.09177529,0.15154025,0.35335505,0.1137331,0.069633625
L5_ET_CTX_Glut,Flna,-1,-1,0.20528834,0.1457463,0.16644527,0.12144663,0.017172184,0.18926392,0.15463741
L5_ET_CTX_Glut,Arhgap20os,1,0,0.15101467,0.14681746,0.1424135,0.12651412,0.15340586,0.21189094,0.06794341
L5_ET_CTX_Glut,Prkag1,-1,-1,0.10178826,0.08578253,0.098409794,0.117426574,0.24626614,0.15558958,0.19473718
L5_ET_CTX_Glut,Pi4ka,-1,-1,0.13044918,0.062481772,0.076280355,0.14311056,0.19599482,0.22501145,0.16667184
L5_ET_CTX_Glut,Slmap,1,-1,0.115051694,0.073677175,0.12117209,0.10695012,0.37794077,0.07312516,0.132083
L5_ET_CTX_Glut,Acin1,-1,-1,0.13661805,0.10074513,0.07558086,0.14860645,0.33219767,0.103649415,0.10260241
L5_ET_CTX_Glut,Atp1a1,-1,-1,0.13419735,0.09666194,0.09895872,0.15688899,0.2563861,0.1459329,0.110974014
L5_ET_CTX_Glut,Ablim2,-1,-1,0.08910908,0.061435502,0.051362198,0.12530641,0.34817705,0.16168375,0.162926
L5_ET_CTX_Glut,Gpatch8,-1,-1,0.12853444,0.09284769,0.081458196,0.10923289,0.32983202,0.20324515,0.0548496
L5_ET_CTX_Glut,Stx1a,-1,-1,0.12903598,0.07441122,0.08037969,0.14099178,0.09354739,0.177307,0.30432695
L5_ET_CTX_Glut,Lsm7,-1,0,0.18865871,0.20852655,0.32811764,0.18123075,0.01891417,0.03244821,0.042103946
L5_ET_CTX_Glut,Farp1,-1,-1,0.09757056,0.048977595,0.06248805,0.11598429,0.35652712,0.14909187,0.16936056
L5_ET_CTX_Glut,Col6a1,-1,-1,0.07870883,0.0856812,0.14923197,0.06711549,0.32685772,0.0991421,0.19326271
L5_ET_CTX_Glut,Svop,-1,0,0.19241107,0.11397033,0.13424496,0.20648567,0.2258007,0.035242222,0.09184502
L5_ET_CTX_Glut,Rit2,1,0,0.13199645,0.11976871,0.19022481,0.13230214,0.23538908,0.12464757,0.06567121
L5_ET_CTX_Glut,Mbtd1,-1,-1,0.14192204,0.0866742,0.0835853,0.14663394,0.0142285405,0.23835954,0.28859642
L5_ET_CTX_Glut,Atp1a3,-1,-1,0.107933044,0.10458997,0.06408612,0.09770238,0.21867655,0.1405673,0.26644465
L5_ET_CTX_Glut,Bsdc1,-1,0,0.104543775,0.07518196,0.11661105,0.13120575,0.34960523,0.12394247,0.0989097
L5_ET_CTX_Glut,Socs7,-1,-1,0.0892515,0.07430502,0.076360896,0.1286051,0.29124406,0.121333785,0.21889967
L5_ET_CTX_Glut,5330438D12Rik,1,0,0.19067882,0.17255445,0.20552516,0.1872679,0.0191167,0.12586679,0.09899024
L5_ET_CTX_Glut,Ap3b2,-1,-1,0.10860666,0.08135908,0.109230295,0.14665377,0.33853686,0.14688511,0.068728276
L5_ET_CTX_Glut,Jph4,-1,-1,0.0853955,0.21151598,0.081703976,0.10288691,0.26839495,0.09189857,0.15820412
L5_ET_CTX_Glut,Mat2a,-1,-1,0.092430666,0.23797831,0.08054114,0.09536515,0.19461574,0.107901394,0.19116758
L5_ET_CTX_Glut,Radil,-1,-1,0.10389993,0.053777482,0.1244669,0.109636106,0.4387916,0.09716923,0.0722588
L5_ET_CTX_Glut,Grm8,1,1,0.11680471,0.09752168,0.13454692,0.15666026,0.22594097,0.20673284,0.06179264
L5_ET_CTX_Glut,Ppp1r12c,-1,0,0.1591274,0.0719125,0.13441528,0.19052164,0.12573312,0.24382268,0.07446739
L5_ET_CTX_Glut,Ptprs,-1,-1,0.10119841,0.060180984,0.051132564,0.11643193,0.36784804,0.11596743,0.18724072
L5_ET_CTX_Glut,Arhgef10l,-1,-1,0.083948635,0.058968697,0.08726084,0.11097804,0.42542416,0.17715481,0.05626482
L5_ET_CTX_Glut,Slc44a2,-1,-1,0.12244584,0.08572724,0.12080044,0.08036851,0.20438688,0.1377879,0.24848317
L5_ET_CTX_Glut,Echdc2,-1,0,0.09516615,0.06656074,0.40175003,0.0896927,0.10508807,0.084963374,0.15677887
L5_ET_CTX_Glut,Zfp523,-1,-1,0.086767465,0.07713578,0.11273158,0.119392045,0.2858256,0.14244525,0.17570229
L5_ET_CTX_Glut,Rfx5,0,0,0.07653704,0.12836687,0.24062356,0.13712548,0.10319848,0.12250416,0.19164436
L5_ET_CTX_Glut,Lancl1,0,0,0.09824321,0.1695618,0.344039,0.06101254,0.17801653,0.005619041,0.14350785
L5_ET_CTX_Glut,Cpne9,0,0,0.044129245,0.08774382,0.33960718,0.09062017,0.10590491,0.25194684,0.08004778
L5_ET_CTX_Glut,Rif1,0,0,0.060162947,0.10988886,0.49769345,0.037363335,0.186088,0.026049053,0.082754366
L5_ET_CTX_Glut,Rabif,0,0,0.0867339,0.16813983,0.23644894,0.15294388,0.17522192,0.057829767,0.12268183
L5_ET_CTX_Glut,Gm14966,0,-1,0.042112462,0.101669915,0.063885346,0.10144603,0.21082418,0.40959185,0.07047024
L5_ET_CTX_Glut,Ahdc1,0,-1,0.39234975,0.07065205,0.058095586,0.11366611,0.1731913,0.13721746,0.05482777
L5_ET_CTX_Glut,Gm15398,0,0,0.067365535,0.09340718,0.4138534,0.09303639,0.18975943,0.042013466,0.10056463
L5_ET_CTX_Glut,Fn3k,0,0,0.069791675,0.12574744,0.267393,0.13474351,0.011471681,0.2898637,0.10098894
L5_ET_CTX_Glut,Fam155a,0,-1,0.5861943,0.039444163,0.030518673,0.08362365,0.19351225,0.021397464,0.04530954
L5_ET_CTX_Glut,Zfp236,0,-1,0.26043022,0.1559407,0.09570159,0.1692439,0.19316843,0.0036035962,0.12191159
L5_ET_CTX_Glut,Appl1,0,-1,0.12677217,0.21620283,0.176757,0.22178249,0.020837586,0.06849522,0.16915269
L5_ET_CTX_Glut,Prr14l,0,0,0.09162802,0.16718602,0.12628397,0.1653202,0.13485304,0.17486721,0.1398615
L5_ET_CTX_Glut,Dnajc5,0,-1,0.21042958,0.10671925,0.064101525,0.108432636,0.14282963,0.2719715,0.09551593
L5_ET_CTX_Glut,Cops5,0,0,0.095489696,0.1808024,0.090204604,0.18488851,0.18705168,0.119104475,0.14245865
L5_ET_CTX_Glut,Tprkb,0,-1,0.06874092,0.1117118,0.13876131,0.11404115,0.2262072,0.17528743,0.16525021
L5_ET_CTX_Glut,Apc,0,0,0.067319594,0.15436296,0.08990407,0.15920772,0.2922854,0.11254265,0.12437763
L5_ET_CTX_Glut,Ap3m2,0,0,0.050903887,0.098872155,0.15850966,0.08541928,0.11094908,0.4126061,0.082739815
L5_ET_CTX_Glut,Msl3l2,0,0,0.07075266,0.12508646,0.37453568,0.116221435,0.1429822,0.0702387,0.100182965
L5_ET_CTX_Glut,Pfdn6,0,0,0.09347351,0.18202794,0.10801282,0.13133432,0.099456795,0.17696965,0.20872499
L5_ET_CTX_Glut,Vmn2r84,0,0,0.09960139,0.18527882,0.39170837,0.061856024,0.016371517,0.14604144,0.09914235
L5_ET_CTX_Glut,Chpf,0,-1,0.08150032,0.16039345,0.07954491,0.17805472,0.19749583,0.14621985,0.15679093
L5_ET_CTX_Glut,Det1,0,-1,0.04017971,0.0694396,0.15362962,0.06423563,0.041816585,0.5661735,0.06452542
L5_ET_CTX_Glut,Scn1b,0,-1,0.1302856,0.111814015,0.08322144,0.119804636,0.0113077555,0.38124308,0.16232355
L5_ET_CTX_Glut,Cntnap5a,0,1,0.08038067,0.06999298,0.17844306,0.11720463,0.330804,0.14807107,0.075103536
L5_ET_CTX_Glut,Neto2,0,1,0.08317529,0.16735691,0.14692771,0.051654827,0.37168077,0.06290973,0.11629487
L5_ET_CTX_Glut,Grid2,0,1,0.14402951,0.073258944,0.069401786,0.15901072,0.4790211,0.0021642162,0.07311373
L5_ET_CTX_Glut,Ccdc59,0,0,0.098127134,0.17545103,0.12890725,0.1931541,0.1757015,0.09113581,0.13752325
L5_ET_CTX_Glut,Lrsam1,0,-1,0.06469105,0.094323575,0.10870931,0.09175561,0.16483465,0.3884669,0.08721884
L5_ET_CTX_Glut,Xpo4,0,0,0.06295084,0.10943837,0.34986532,0.069196574,0.23897591,0.08097206,0.088601045
L5_ET_CTX_Glut,Dnajc17,0,-1,0.24080098,0.09491961,0.14457054,0.0942673,0.096999936,0.24371696,0.08472463
L5_ET_CTX_Glut,Mrpl47,0,-1,0.039104216,0.07655253,0.06546246,0.07818813,0.006427574,0.64883953,0.08542559
L5_ET_CTX_Glut,Baz2a,0,-1,0.042973004,0.077029034,0.04058031,0.068858646,0.17191494,0.52952677,0.06911735
L5_ET_CTX_Glut,Tmod3,0,0,0.06408762,0.098840654,0.5187799,0.104832605,0.101191275,0.02138378,0.090884216
L5_ET_CTX_Glut,Mlh3,0,0,0.047965422,0.082219064,0.3364776,0.07047292,0.10633922,0.26679572,0.08973009
L5_ET_CTX_Glut,Cbln2,0,0,0.043130178,0.084905244,0.5787063,0.07418309,0.11364114,0.03923713,0.066196926
L5_ET_CTX_Glut,Atad1,0,-1,0.25629717,0.1056744,0.107281156,0.12781875,0.21903296,0.08246502,0.101430625
L5_ET_CTX_Glut,Sprn,0,0,0.08607898,0.17001893,0.10768811,0.053458113,0.14880805,0.25786778,0.17608003
L5_ET_CTX_Glut,Trmt61b,0,0,0.06528125,0.11293896,0.3667274,0.10174683,0.20919159,0.019199489,0.12491443
L5_ET_CTX_Glut,Bbs2,0,-1,0.05181131,0.07858229,0.22300102,0.1083844,0.08381312,0.357458,0.09694996
L5_ET_CTX_Glut,Mief1,0,0,0.15416977,0.29240415,0.16443239,0.34794885,0.025340935,0.0062929066,0.009411029
L5_ET_CTX_Glut,Gm15261,0,0,0.09365785,0.17531572,0.36239958,0.17759629,0.015394572,0.04078512,0.13485083
L5_ET_CTX_Glut,Syt9,0,0,0.073405415,0.116796486,0.20513935,0.13408718,0.26327538,0.09978584,0.10751035
L5_ET_CTX_Glut,Smad9,0,0,0.19230257,0.10253418,0.42858967,0.062411103,0.11709677,0.0024168952,0.09464879
L5_ET_CTX_Glut,Dym,0,0,0.07409345,0.07096048,0.26022872,0.120587446,0.26304972,0.1376194,0.073460795
L5_ET_CTX_Glut,Zswim8,-1,-1,0.06166187,0.11983513,0.101377815,0.10951354,0.124265544,0.33299267,0.15035348
L5_ET_CTX_Glut,Tmem63b,-1,-1,0.06430345,0.11147243,0.07501246,0.13962929,0.20526096,0.30853638,0.09578503
L5_ET_CTX_Glut,Abca3,-1,-1,0.18681642,0.13303019,0.086044826,0.11025111,0.23030376,0.14323246,0.11032125
L5_ET_CTX_Glut,Rbfox3,-1,-1,0.50501573,0.03703732,0.041838683,0.07895214,0.27876815,0.03063433,0.027753634
L5_ET_CTX_Glut,Kifc2,-1,-1,0.036519945,0.06637834,0.037398353,0.074585475,0.050101224,0.6484857,0.08653081
L5_ET_CTX_Glut,Rps16,-1,0,0.07800573,0.14780729,0.13294758,0.1158136,0.117530875,0.28194058,0.12595437
L5_ET_CTX_Glut,Gm26549,-1,-1,0.059658933,0.11597906,0.08289843,0.107820764,0.009806159,0.5240401,0.099796556
L5_ET_CTX_Glut,Pcsk1n,-1,0,0.37990835,0.11306855,0.25039318,0.041783284,0.011058837,0.12161873,0.08216909
L5_ET_CTX_Glut,Wnk2,-1,-1,0.09834565,0.12809806,0.0778329,0.13732071,0.44125086,0.0074207154,0.10973104
L5_ET_CTX_Glut,Fezf2,-1,-1,0.05662412,0.11256345,0.056118015,0.035165597,0.07166541,0.578902,0.08896136
L5_ET_CTX_Glut,Arhgap23,-1,-1,0.32110333,0.097383894,0.088870354,0.09560185,0.27736375,0.018435631,0.10124128
L5_ET_CTX_Glut,Csnk1a1,-1,-1,0.08187898,0.13104258,0.07457501,0.16077588,0.23423502,0.20060074,0.116891816
L5_ET_CTX_Glut,Smarcd2,-1,-1,0.1735626,0.30003637,0.17647544,0.30371764,0.028528538,0.007084484,0.010594829
L5_ET_CTX_Glut,Gm26749,1,-1,0.27634978,0.117934816,0.10263829,0.05457983,0.17502496,0.1379868,0.13548551
L5_ET_CTX_Glut,Cnot3,-1,-1,0.048008345,0.093683876,0.053382237,0.09640232,0.09906699,0.4914512,0.118005045
L5_ET_CTX_Glut,1600010M07Rik,1,0,0.08545142,0.15971683,0.20795779,0.18133943,0.22089124,0.004429429,0.14021398
L5_ET_CTX_Glut,Mast1,-1,-1,0.047138415,0.10185291,0.06308185,0.08390515,0.1320826,0.40926585,0.16267334
L5_ET_CTX_Glut,Stxbp1,-1,-1,0.19493102,0.118532725,0.07848609,0.14386971,0.28965148,0.0689617,0.10556721
L5_ET_CTX_Glut,Irf2bp2,-1,-1,0.067985676,0.13510334,0.07671157,0.16214557,0.12978563,0.3043829,0.12388538
L5_ET_CTX_Glut,Fam171a2,-1,-1,0.0748174,0.120455,0.08766539,0.15067658,0.16846827,0.24522394,0.15269342
L5_ET_CTX_Glut,9330159F19Rik,-1,0,0.1444391,0.26086456,0.1564376,0.089701824,0.023741497,0.11575648,0.20905897
L5_ET_CTX_Glut,Slc6a7,-1,-1,0.13049273,0.07203544,0.039228383,0.060593627,0.13498391,0.5013498,0.061316054
L5_ET_CTX_Glut,Gdi1,-1,0,0.17366233,0.19267108,0.14166312,0.07110847,0.018820371,0.21688817,0.18518648
L5_ET_CTX_Glut,Klc1,-1,-1,0.039997954,0.078113824,0.040686335,0.089894675,0.17266941,0.47061568,0.108022146
L5_ET_CTX_Glut,Rbm25,-1,0,0.13587877,0.19860968,0.15939704,0.27065802,0.022334436,0.048648622,0.16447347
L5_ET_CTX_Glut,Slc8a2,-1,-1,0.121222235,0.06425656,0.06828965,0.11979309,0.12313152,0.37568316,0.12762377
L5_ET_CTX_Glut,Stmn3,-1,-1,0.06106257,0.11551993,0.06614736,0.10367435,0.010036875,0.51184034,0.13171862
L5_ET_CTX_Glut,Pde2a,-1,-1,0.18412635,0.026378015,0.029789794,0.058945417,0.12678576,0.52275467,0.051219948
L5_ET_CTX_Glut,Celf4,-1,-1,0.4955397,0.045242764,0.037144165,0.10417502,0.23548785,0.026633449,0.055777118
L5_ET_CTX_Glut,Shank2,-1,-1,0.2922381,0.05185672,0.07427385,0.090572394,0.3417462,0.08103447,0.06827831
L5_ET_CTX_Glut,Inpp5k,-1,0,0.10635002,0.19400214,0.1233864,0.20087068,0.017480789,0.16274506,0.19516489
L5_ET_CTX_Glut,Palm,-1,-1,0.13151006,0.10641463,0.06306853,0.13198549,0.23503043,0.19439583,0.13759507
L5_ET_CTX_Glut,Thy1,-1,-1,0.08251957,0.12180605,0.085268795,0.09078849,0.20049903,0.3135747,0.105543435
L5_ET_CTX_Glut,Dhx30,-1,-1,0.08827751,0.16327477,0.10837167,0.14113201,0.18894677,0.15701573,0.15298155
L5_ET_CTX_Glut,Slc20a1,-1,-1,0.095857345,0.16301975,0.10079659,0.18689896,0.13041458,0.13613865,0.18687406
L5_ET_CTX_Glut,Mical2,-1,-1,0.38780013,0.064716116,0.088098004,0.11194988,0.26792458,0.0024339797,0.07707724
L5_ET_CTX_Glut,Rexo1,-1,-1,0.034177896,0.077972546,0.05113988,0.075069994,0.2048158,0.4529361,0.10388771
L5_ET_CTX_Glut,Calm2,-1,-1,0.16988637,0.107177064,0.05384112,0.09778199,0.1518155,0.29912668,0.12037128
L5_ET_CTX_Glut,Akt3,1,-1,0.3195212,0.09619408,0.063556395,0.12655124,0.30056882,0.0024343985,0.09117397
L5_ET_CTX_Glut,Garnl3,-1,-1,0.036804777,0.06593707,0.03637531,0.078191556,0.12553112,0.6191533,0.038006835
L5_ET_CTX_Glut,Gm21954,1,-1,0.08559947,0.14930078,0.08310795,0.1745217,0.17304032,0.18107547,0.15335439
L5_ET_CTX_Glut,Mas1,-1,-1,0.11817273,0.14730269,0.118997805,0.16393623,0.23480655,0.08136077,0.1354232
L5_ET_CTX_Glut,Rrp1,-1,-1,0.07663602,0.09921866,0.071467035,0.11263924,0.21027829,0.28508276,0.14467803
L5_ET_CTX_Glut,Snx13,1,-1,0.0956886,0.1677597,0.12095091,0.1876499,0.28202105,0.005112598,0.1408173
L5_ET_CTX_Glut,Csnk1g2,-1,-1,0.028910672,0.05414163,0.031068677,0.05966025,0.16709979,0.5775494,0.08156956
L5_ET_CTX_Glut,Atp6ap1,-1,-1,0.14967325,0.17766736,0.10062445,0.16524734,0.015079646,0.1945769,0.19713108
L5_ET_CTX_Glut,Tial1,1,0,0.06585505,0.12855826,0.2186837,0.12990113,0.15336363,0.20230009,0.10133815
L5_ET_CTX_Glut,Prkcg,-1,-1,0.10234353,0.1539832,0.0877068,0.21212499,0.18726735,0.10495789,0.15161629
L5_ET_CTX_Glut,Cpne6,-1,-1,0.04657685,0.09177256,0.07540783,0.05483077,0.11411498,0.48811933,0.12917772
L5_ET_CTX_Glut,Dmwd,-1,-1,0.06041656,0.121524975,0.059258014,0.10245716,0.00993069,0.5003239,0.14608876
L5_ET_CTX_Glut,Sdk2,-1,-1,0.53703904,0.051166706,0.05491357,0.064837866,0.25966904,0.0012341894,0.031139616
L5_ET_CTX_Glut,Slc17a7,-1,-1,0.012245504,0.020573242,0.011560307,0.020923028,0.027553074,0.8675318,0.039613023
L5_ET_CTX_Glut,Lrp1,-1,-1,0.14936477,0.06842714,0.05385415,0.08093817,0.2670868,0.30628905,0.07403992
L5_ET_CTX_Glut,Cacna2d1,1,1,0.2308492,0.07474988,0.1269334,0.12391509,0.3254672,0.038715832,0.07936936
L5_ET_CTX_Glut,Chd3,-1,-1,0.078039795,0.1494121,0.08052098,0.13248636,0.19068012,0.22558355,0.14327702
L5_ET_CTX_Glut,Camkk2,-1,-1,0.44702023,0.08892137,0.0680893,0.08892764,0.2264734,0.022641003,0.057927176
L5_ET_CTX_Glut,Nek9,-1,-1,0.10064132,0.16133817,0.20249167,0.13414383,0.2143952,0.02812245,0.1588675
L5_ET_CTX_Glut,Lmo4,-1,0,0.12824988,0.13043869,0.1344688,0.1645586,0.23970619,0.089975916,0.11260198
L5_ET_CTX_Glut,Faf1,1,-1,0.028725566,0.047259223,0.05999078,0.048025962,0.08482648,0.6987147,0.03245719
L5_ET_CTX_Glut,Sgms1,-1,-1,0.10846513,0.1524454,0.196242,0.28032812,0.01782845,0.093575716,0.1511153
L5_ET_CTX_Glut,Snrnp70,-1,-1,0.0452359,0.09760212,0.04859496,0.09587954,0.120039195,0.49222744,0.10042086
L5_ET_CTX_Glut,Cpt1c,-1,-1,0.044052117,0.081599124,0.0629272,0.09134114,0.15421946,0.47461906,0.091241926
L5_ET_CTX_Glut,Ube3a,1,0,0.098081745,0.17817236,0.08294844,0.16805528,0.21385758,0.11092165,0.14796294
L5_ET_CTX_Glut,Eno2,-1,-1,0.029279357,0.08636453,0.040555466,0.07361733,0.09949844,0.56840324,0.1022816
L5_ET_CTX_Glut,Hax1,-1,-1,0.07214748,0.1377298,0.07940833,0.11598371,0.18448468,0.29368445,0.11656158
L5_ET_CTX_Glut,Kif1a,-1,-1,0.3109952,0.06946157,0.046775762,0.112778895,0.2664798,0.0873181,0.106190756
L5_ET_CTX_Glut,Igsf21,-1,-1,0.5206345,0.060231846,0.038114414,0.0891596,0.24958758,0.001747512,0.040524628
L5_ET_CTX_Glut,Rasal1,-1,-1,0.052295953,0.09194703,0.07576172,0.08831114,0.1502496,0.46878865,0.07264588
L5_ET_CTX_Glut,Ptpn5,-1,-1,0.30667496,0.06483147,0.072765715,0.12616797,0.0084271785,0.33090115,0.09023155
L5_ET_CTX_Glut,Calm1,-1,-1,0.07289795,0.1444477,0.07966115,0.14944747,0.19552349,0.18601418,0.17200807
L5_ET_CTX_Glut,Rhbdl3,-1,-1,0.15019464,0.12408641,0.21604875,0.13933122,0.22267194,0.03208952,0.11557751
L5_ET_CTX_Glut,Nwd2,-1,1,0.08069696,0.11598504,0.07441717,0.19485676,0.43141636,0.0045165243,0.09811126
L5_ET_CTX_Glut,Edc4,-1,-1,0.07974696,0.1200014,0.10963211,0.114002764,0.10729604,0.3009652,0.16835554
L5_ET_CTX_Glut,Lrrc4b,-1,-1,0.07479535,0.13219881,0.067359485,0.13649766,0.15958329,0.2583517,0.17121367
L5_ET_CTX_Glut,Mirg,-1,0,0.26401737,0.12666821,0.104228176,0.115828685,0.22608148,0.055227272,0.1079488
L5_ET_CTX_Glut,Sez6l,-1,-1,0.37158203,0.050872516,0.056654274,0.090766616,0.30377597,0.07041806,0.05593056
L5_ET_CTX_Glut,Camk2b,-1,-1,0.23750721,0.041404307,0.035363436,0.08313422,0.20790955,0.3278015,0.06687976
L5_ET_CTX_Glut,Clstn1,-1,-1,0.14575583,0.124344245,0.105827935,0.13698374,0.32546154,0.05724545,0.104381286
L5_ET_CTX_Glut,Comt,-1,-1,0.04614565,0.0745649,0.091307215,0.073386006,0.113710135,0.5338526,0.0670335
L5_ET_CTX_Glut,Nfix,-1,-1,0.6803206,0.023906764,0.030664569,0.06047797,0.12300321,0.032950874,0.04867588
L5_ET_CTX_Glut,Dlgap3,-1,-1,0.26705503,0.08206039,0.10770123,0.08889577,0.2522646,0.08976914,0.11225389
L5_ET_CTX_Glut,Pfkm,-1,-1,0.3984,0.09042689,0.087546244,0.079495445,0.1833007,0.08156753,0.0792632
L5_ET_CTX_Glut,Pcdh1,-1,-1,0.053674955,0.12532805,0.06322338,0.14008756,0.2965043,0.1965311,0.12465066
L5_ET_CTX_Glut,Cdipt,-1,-1,0.050985616,0.10029138,0.05104675,0.08937656,0.08822159,0.50861365,0.11146448
L5_ET_CTX_Glut,Rbm5,-1,-1,0.07865782,0.13923146,0.08767312,0.04884932,0.33103493,0.22023857,0.09431476
L5_ET_CTX_Glut,Mark3,-1,-1,0.0378433,0.068370014,0.032724533,0.08905502,0.14037684,0.56637317,0.065257095
L5_ET_CTX_Glut,Pitpnm1,-1,-1,0.04900924,0.11390001,0.06555185,0.07536069,0.010146321,0.5462386,0.13979326
L5_ET_CTX_Glut,Ncor2,-1,-1,0.5497866,0.04915024,0.03703062,0.088376656,0.2241289,0.0019038623,0.049623072
L5_ET_CTX_Glut,Gm3764,-1,-1,0.026691148,0.040397584,0.02274626,0.05369815,0.08525955,0.71567875,0.055528525
L5_ET_CTX_Glut,Shank1,-1,-1,0.15575464,0.10645201,0.077414274,0.1424359,0.13353261,0.21474855,0.16966206
L5_ET_CTX_Glut,Sv2a,-1,0,0.10372823,0.18988697,0.1267549,0.18838526,0.017049845,0.17950012,0.19469468
L5_ET_CTX_Glut,Asxl2,-1,0,0.10142752,0.16515517,0.11583896,0.19715557,0.016671676,0.23555735,0.1681937
L5_ET_CTX_Glut,Clip1,-1,-1,0.46212018,0.0672764,0.061003134,0.10820455,0.19324024,0.05844404,0.049711317
L5_ET_CTX_Glut,4930555F03Rik,1,0,0.055448707,0.09423355,0.41242397,0.06570775,0.2618613,0.027232938,0.083091825
L5_ET_CTX_Glut,Far1os,1,0,0.12590943,0.20696805,0.12467732,0.07819425,0.19389176,0.07602013,0.19433908
L5_ET_CTX_Glut,Miat,-1,-1,0.025447644,0.043338325,0.027459554,0.046604242,0.080124125,0.73831,0.03871611
L5_ET_CTX_Glut,Nrbp2,-1,0,0.07608308,0.14391837,0.15870667,0.13300483,0.012505801,0.31110364,0.16467759
L5_ET_CTX_Glut,Tmsb10,-1,0,0.06754014,0.14205928,0.22956376,0.13511415,0.07017313,0.23455016,0.12099933
L5_ET_CTX_Glut,Ppfia3,-1,-1,0.11626828,0.12202211,0.072514266,0.17902988,0.21691889,0.14045033,0.15279627
L5_ET_CTX_Glut,Dnajc7,-1,-1,0.084461614,0.14017232,0.08404493,0.16340096,0.013882985,0.38382488,0.13021223
L5_ET_CTX_Glut,Kcnq2,-1,-1,0.029586865,0.030230422,0.030637866,0.045681912,0.081759505,0.73301333,0.04909009
L5_ET_CTX_Glut,Dnm1,-1,-1,0.26065072,0.09627154,0.05809373,0.116454214,0.009164427,0.33548692,0.12387849
L5_ET_CTX_Glut,Nfe2l1,0,-1,0.08372961,0.2950286,0.04959369,0.17731845,0.0935222,0.1720803,0.12872711
L5_ET_CTX_Glut,Polr1a,0,-1,0.18563107,0.04795764,0.20187598,0.08541215,0.16889936,0.21304518,0.09717865
L5_ET_CTX_Glut,Mrps14,0,0,0.08889478,0.1627675,0.064266205,0.22283587,0.17855863,0.1780268,0.104650296
L5_ET_CTX_Glut,Hexb,0,0,0.088072956,0.14744495,0.30279967,0.11326103,0.04704546,0.07949083,0.22188503
L5_ET_CTX_Glut,Nop9,0,-1,0.09225283,0.16267313,0.11654109,0.11652986,0.21050382,0.17793027,0.12356904
L5_ET_CTX_Glut,Guf1,0,0,0.07898079,0.13460259,0.053983007,0.13135166,0.14313568,0.24948613,0.2084601
L5_ET_CTX_Glut,Mterf3,0,-1,0.0930413,0.22021927,0.08934731,0.14123203,0.10387434,0.18199681,0.170289
L5_ET_CTX_Glut,Cuta,0,-1,0.06386888,0.18452789,0.08857008,0.14210148,0.1349632,0.3003225,0.08564601
L5_ET_CTX_Glut,Cox7a2,0,0,0.0857267,0.1637514,0.121048205,0.1705029,0.045792177,0.17069072,0.24248792
L5_ET_CTX_Glut,Cadm2,0,-1,0.4725928,0.07213607,0.07990805,0.13340908,0.08646136,0.051688697,0.10380396
L5_ET_CTX_Glut,Id2,0,-1,0.059548143,0.4527209,0.046337314,0.1144485,0.12505402,0.17081778,0.031073358
L5_ET_CTX_Glut,Stag1,0,1,0.07899657,0.07887374,0.48981848,0.10977498,0.090740845,0.055682175,0.096113205
L5_ET_CTX_Glut,Lmo7,0,1,0.21327686,0.08680982,0.3513725,0.09193765,0.13884464,0.03163552,0.08612292
L5_ET_CTX_Glut,Rps26,0,-1,0.09941044,0.20818323,0.08539387,0.17211552,0.09785727,0.2851654,0.05187426
L5_ET_CTX_Glut,Gm5148,0,0,0.054042183,0.086494416,0.4431616,0.06867394,0.102488704,0.098896675,0.14624245
L5_ET_CTX_Glut,Kcnh4,0,0,0.24852262,0.08913971,0.3464399,0.07471361,0.1038809,0.06697514,0.070328094
L5_ET_CTX_Glut,Rhobtb3,0,0,0.06121737,0.088640496,0.4345636,0.09142084,0.12257868,0.06390168,0.13767745
L5_ET_CTX_Glut,Malsu1,0,0,0.092904285,0.16378708,0.16899812,0.15149768,0.049626186,0.18223396,0.19095272
L5_ET_CTX_Glut,Egln1,0,0,0.08108523,0.13304095,0.14758337,0.15340778,0.16985682,0.19063713,0.124388665
L5_ET_CTX_Glut,Ppp1cc,0,-1,0.10905653,0.18230097,0.16742164,0.113771625,0.17794882,0.1214994,0.12800097
L5_ET_CTX_Glut,Wdr35,0,0,0.055828575,0.11099087,0.4479739,0.078237526,0.13348326,0.056673817,0.116812095
L5_ET_CTX_Glut,Rnf103,0,-1,0.08607041,0.23160687,0.09984406,0.13845837,0.15526372,0.16305178,0.12570481
L5_ET_CTX_Glut,Ywhaq,0,-1,0.120183066,0.2662767,0.070035554,0.16257332,0.04923046,0.13017659,0.20152427
L5_ET_CTX_Glut,Runx2,0,0,0.24210648,0.056045543,0.3859508,0.07663587,0.1220625,0.05285673,0.06434218
L5_ET_CTX_Glut,Trim24,0,0,0.09444315,0.14264406,0.2514341,0.13874303,0.18497734,0.057916623,0.12984173
L5_ET_CTX_Glut,Ndufc2,0,0,0.08780437,0.16582629,0.10606491,0.12481621,0.15799643,0.18442777,0.17306402
L5_ET_CTX_Glut,Ilf2,0,-1,0.108991235,0.19883944,0.104002364,0.13722046,0.17276353,0.13217025,0.14601263
L5_ET_CTX_Glut,Ankrd12,0,-1,0.12128341,0.17661165,0.22095649,0.18275027,0.064785324,0.0745934,0.15901937
L5_ET_CTX_Glut,Dok5,0,0,0.12021108,0.10410134,0.12469195,0.13286075,0.2717883,0.04731935,0.19902717
L5_ET_CTX_Glut,Hspd1,0,-1,0.09315407,0.27353057,0.0730556,0.16295543,0.10002463,0.13720416,0.16007556
L5_ET_CTX_Glut,Ulk1,0,0,0.09028579,0.12780248,0.31949562,0.12517263,0.15196028,0.06810608,0.11717715
L5_ET_CTX_Glut,Iqce,0,-1,0.18570377,0.1306308,0.08970836,0.13400811,0.19917046,0.12750594,0.13327253
L5_ET_CTX_Glut,Plekha8,0,0,0.0591628,0.06270443,0.40968084,0.1269909,0.124115504,0.11137942,0.105966136
L5_ET_CTX_Glut,Taf7,0,0,0.10120004,0.17101619,0.07230113,0.21380296,0.054057486,0.120802656,0.26681963
L5_ET_CTX_Glut,Pacs1,0,-1,0.066472694,0.096983805,0.19329217,0.103874624,0.2136946,0.2469327,0.078749366
L5_ET_CTX_Glut,Uap1,0,0,0.08012452,0.062403236,0.2518538,0.120786,0.17760964,0.1727989,0.13442397
L5_ET_CTX_Glut,Eri1,0,0,0.04851311,0.08098792,0.45505363,0.06744885,0.10951757,0.13916306,0.09931591
L5_ET_CTX_Glut,Clp1,0,-1,0.09715164,0.20478182,0.089427255,0.16439517,0.11486264,0.2786859,0.05069558
L5_ET_CTX_Glut,Pdcl,0,0,0.099220626,0.15003097,0.13260297,0.15913107,0.05300016,0.14850509,0.25750905
L5_ET_CTX_Glut,Ar,0,0,0.056762915,0.05902764,0.44597763,0.10739161,0.030320749,0.16282819,0.13769127
L5_ET_CTX_Glut,Gm3294,0,-1,0.118860275,0.17986381,0.08150064,0.15403983,0.183351,0.09403445,0.18835002
L5_ET_CTX_Glut,Bin1,0,-1,0.0902753,0.19463599,0.086282484,0.10543486,0.270903,0.097426146,0.15504216
L5_ET_CTX_Glut,Plxnb2,0,0,0.057993397,0.13704853,0.34250477,0.109719604,0.1307749,0.14010979,0.081849046
L5_ET_CTX_Glut,Fam89b,0,-1,0.05880987,0.21797855,0.069588244,0.08904369,0.15425396,0.31315187,0.09717384
L5_ET_CTX_Glut,D430042O09Rik,0,0,0.06884954,0.0521405,0.5117321,0.06167245,0.14373289,0.086178236,0.07569441
L5_ET_CTX_Glut,BC017158,0,0,0.059118997,0.05852187,0.45804498,0.07120311,0.13919458,0.1045454,0.10937109
L5_ET_CTX_Glut,Ube4b,-1,-1,0.46139172,0.06407998,0.06054487,0.087934054,0.15726893,0.08207617,0.086704254
L5_ET_CTX_Glut,Vps13b,1,1,0.21469265,0.071668856,0.3902283,0.09340185,0.10525057,0.039260685,0.08549714
L5_ET_CTX_Glut,Gramd1b,-1,1,0.2793964,0.05241448,0.30330533,0.104754485,0.15353124,0.03927676,0.06732133
L5_ET_CTX_Glut,Rtn1,-1,-1,0.22216673,0.07125999,0.29845002,0.10650133,0.17181253,0.05438982,0.07541959
L5_ET_CTX_Glut,Rimbp2,-1,-1,0.28229874,0.08177562,0.06274026,0.1510948,0.27921772,0.0383807,0.10449218
L5_ET_CTX_Glut,Arf3,-1,-1,0.08111432,0.17672557,0.046784114,0.12908658,0.16183466,0.274885,0.12956972
L5_ET_CTX_Glut,Galnt16,-1,0,0.101551756,0.062736794,0.40783095,0.11330054,0.14988765,0.06694044,0.097752
L5_ET_CTX_Glut,Syt17,-1,-1,0.07844086,0.10223,0.16506012,0.11478649,0.23502979,0.17620173,0.1282509
L5_ET_CTX_Glut,Camk2a,-1,-1,0.06931599,0.12524997,0.06671191,0.09757677,0.22232974,0.32711065,0.09170498
L5_ET_CTX_Glut,Matk,-1,-1,0.2704429,0.1557519,0.035086166,0.14613909,0.028425707,0.2782228,0.08593145
L5_ET_CTX_Glut,Ppp6r2,-1,-1,0.078893445,0.12730555,0.051687114,0.09866259,0.20578794,0.31428772,0.12337571
L5_ET_CTX_Glut,Ksr2,-1,-1,0.34091344,0.06047226,0.118560754,0.11231207,0.19745462,0.10567805,0.06460885
L5_ET_CTX_Glut,Sfswap,-1,-1,0.19838673,0.09191439,0.13273147,0.11097335,0.24226458,0.100457005,0.123272456
L5_ET_CTX_Glut,Gm15283,1,0,0.060678925,0.11378344,0.45338666,0.07351001,0.12736358,0.066543154,0.10473425
L5_ET_CTX_Glut,Ctxn1,-1,-1,0.08079792,0.23706953,0.10983005,0.16044727,0.043159395,0.25388414,0.114811644
L5_ET_CTX_Glut,Ddx17,-1,-1,0.16986778,0.18742843,0.051386192,0.12223949,0.15774016,0.18220343,0.12913452
L5_ET_CTX_Glut,Ogt,-1,-1,0.37990665,0.15338948,0.05414185,0.113465235,0.03203556,0.111032106,0.1560292
L5_ET_CTX_Glut,Rasgef1a,-1,-1,0.23055948,0.08666668,0.083655484,0.15309437,0.21064842,0.11624317,0.11913237
L5_ET_CTX_Glut,Ubn2,-1,0,0.055423528,0.07502295,0.3930381,0.088719726,0.15467767,0.15898603,0.07413194
L5_ET_CTX_Glut,Syp,-1,-1,0.4041713,0.16308762,0.0854504,0.098563224,0.028950121,0.10737887,0.112398475
L5_ET_CTX_Glut,Tmem108,-1,-1,0.41574997,0.07761562,0.062361605,0.11315189,0.18809792,0.07640148,0.06662151
L5_ET_CTX_Glut,Tnk2,-1,-1,0.11117325,0.25450495,0.07221514,0.099865824,0.15055853,0.17824826,0.1334341
L5_ET_CTX_Glut,Nrxn2,-1,-1,0.47380915,0.11666062,0.037549328,0.09023749,0.16296653,0.04821602,0.070560925
L5_ET_CTX_Glut,Ndrg4,-1,-1,0.06993042,0.18922302,0.08658512,0.1331639,0.20177741,0.16648112,0.15283902
L5_ET_CTX_Glut,AY036118,1,-1,0.06110548,0.5571234,0.023576055,0.11560742,0.032640386,0.081308976,0.12863831
L5_ET_CTX_Glut,Sec14l1,-1,-1,0.31973657,0.1549993,0.03146071,0.07750639,0.15027882,0.18771318,0.07830508
L5_ET_CTX_Glut,Atf2,1,-1,0.42556232,0.13942434,0.050400227,0.118445225,0.041060116,0.089571126,0.13553654
L5_ET_CTX_Glut,Nin,-1,-1,0.3180723,0.13052347,0.06872302,0.105174735,0.18821418,0.10167846,0.08761382
L5_ET_CTX_Glut,Trim46,-1,-1,0.105454974,0.17574075,0.053979553,0.10527391,0.18240006,0.26513574,0.11201493
L5_ET_CTX_Glut,Ttc13,-1,-1,0.2323363,0.08648591,0.18873842,0.10537165,0.21044454,0.06957645,0.10704676
L5_ET_CTX_Glut,Sntg1,1,1,0.065670736,0.08302982,0.4306532,0.1095808,0.12377315,0.075178705,0.11211363
L5_ET_CTX_Glut,Dgkz,-1,-1,0.07040342,0.19437031,0.12296024,0.10270895,0.15282784,0.25084853,0.10588067
L5_ET_CTX_Glut,Elmod1,-1,-1,0.07663982,0.31173876,0.043712568,0.107596256,0.20085503,0.10124952,0.1582081
L5_ET_CTX_Glut,Grid1,1,1,0.31211278,0.037049774,0.3238878,0.088820614,0.12124412,0.061978742,0.054906268
L5_ET_CTX_Glut,Gse1,-1,1,0.36528566,0.03533887,0.35785267,0.07235043,0.10284223,0.032740895,0.033589307
L5_ET_CTX_Glut,Abcc5,-1,-1,0.12770592,0.17057884,0.12278928,0.15189497,0.14448325,0.12806576,0.154482
L5_ET_CTX_Glut,Zbtb16,-1,1,0.34625477,0.038414657,0.3072891,0.08562789,0.13740806,0.019786319,0.06521929
L5_ET_CTX_Glut,C1ql3,-1,-1,0.123044804,0.3425507,0.06456374,0.08754812,0.15278801,0.09542366,0.13408096
L5_ET_CTX_Glut,Pcsk2os2,1,0,0.13866016,0.081906185,0.3172408,0.17615134,0.04973424,0.059073772,0.17723346
L5_ET_CTX_Glut,Scn8a,-1,-1,0.4436784,0.119304515,0.048557755,0.0872863,0.16270703,0.06615647,0.072309524
L5_ET_CTX_Glut,Sirpa,-1,-1,0.08218499,0.29404694,0.06010553,0.13613985,0.043900322,0.2598302,0.12379213
L5_ET_CTX_Glut,Hdac7,-1,0,0.08088599,0.07871491,0.47051454,0.07616404,0.13762915,0.06721455,0.088876836
L5_ET_CTX_Glut,Ptms,-1,-1,0.06243651,0.30156693,0.09033171,0.18371242,0.13702033,0.13255382,0.09237825
L5_ET_CTX_Glut,Vwa8,1,0,0.10661137,0.050030928,0.48008353,0.097933576,0.13647968,0.0598264,0.069034524
L5_ET_CTX_Glut,Nop56,-1,-1,0.07734247,0.26836637,0.051526375,0.11949543,0.19645189,0.15716536,0.12965213
L5_ET_CTX_Glut,Ankhd1,-1,0,0.09923171,0.1880536,0.11401313,0.210606,0.15083359,0.07764401,0.15961795
L5_ET_CTX_Glut,Srcin1,-1,-1,0.21241151,0.094062224,0.12112277,0.122957386,0.21318173,0.13214101,0.104123384
L5_ET_CTX_Glut,Abi1,1,-1,0.10114173,0.21332227,0.16987242,0.1529998,0.05402634,0.1681241,0.14051335
L5_ET_CTX_Glut,Chka,-1,-1,0.4145396,0.095974125,0.10220304,0.10475469,0.03818031,0.14779247,0.096555695
L5_ET_CTX_Glut,Son,-1,-1,0.09023701,0.21084605,0.06649295,0.17340536,0.14955552,0.169259,0.14020412
L5_ET_CTX_Glut,Gramd1a,-1,0,0.09775263,0.109077096,0.10868976,0.25761023,0.05221601,0.14916153,0.22549269
L5_ET_CTX_Glut,Cpne7,-1,0,0.048926808,0.107265465,0.3781908,0.10104293,0.12945639,0.15578575,0.07933192
L5_ET_CTX_Glut,Ndrg3,-1,-1,0.23347273,0.12223879,0.07299186,0.10083375,0.18313539,0.17361537,0.113712095
L5_ET_CTX_Glut,Izumo4,-1,-1,0.08063523,0.23074573,0.064469144,0.16603562,0.18472977,0.23130748,0.042077
L5_ET_CTX_Glut,Csnk1g1,-1,-1,0.15338323,0.1762541,0.18087634,0.14219688,0.051666446,0.13491696,0.16070595
L5_ET_CTX_Glut,Cacna1g,-1,-1,0.084004015,0.15991239,0.073184155,0.12697846,0.25005078,0.19729479,0.108575456
L5_ET_CTX_Glut,Mgat5b,-1,-1,0.07728102,0.098311365,0.22747442,0.11327227,0.20046498,0.16887629,0.11431971
L5_ET_CTX_Glut,Unc5a,-1,-1,0.1980211,0.08439889,0.33412918,0.08831269,0.16183704,0.05949793,0.073803134
L5_ET_CTX_Glut,Rims2,1,-1,0.4104654,0.100291595,0.1414557,0.12865102,0.071515605,0.05270759,0.09491311
L5_ET_CTX_Glut,Abcf1,-1,-1,0.095134676,0.20197989,0.061167922,0.24823335,0.050817583,0.16470757,0.17795901
L5_ET_CTX_Glut,Iqsec2,-1,-1,0.40135732,0.13874151,0.04949682,0.13064969,0.03688739,0.12704042,0.11582693
L5_ET_CTX_Glut,Cacna1a,-1,-1,0.30327547,0.10621951,0.1584741,0.10112884,0.15982467,0.09967824,0.07139923
L5_ET_CTX_Glut,Akap8l,-1,-1,0.11061692,0.22729893,0.060069334,0.18388647,0.124941215,0.12727308,0.16591403
L5_ET_CTX_Glut,Fth1,-1,-1,0.07544257,0.19667722,0.091210306,0.16042803,0.08112833,0.2443315,0.15078199
L5_ET_CTX_Glut,Crocc,-1,-1,0.089716226,0.11385798,0.12042373,0.1423409,0.23040363,0.15163337,0.1516242
L5_ET_CTX_Glut,Mbd5,1,-1,0.086941,0.15730359,0.13077012,0.15650481,0.22791657,0.09357449,0.1469894
L5_ET_CTX_Glut,Chm,1,0,0.1044525,0.1348624,0.14489639,0.19761707,0.05579484,0.11739597,0.24498077
L5_ET_CTX_Glut,Slc25a23,-1,-1,0.09984627,0.1970254,0.09293686,0.15633136,0.05333436,0.2475065,0.15301931
L5_ET_CTX_Glut,Rps6kl1,-1,-1,0.28786948,0.13099808,0.056447826,0.12738337,0.1662794,0.085798904,0.14522286
L5_ET_CTX_Glut,Sptbn2,-1,-1,0.10929833,0.27369595,0.044786233,0.12107569,0.25562862,0.08418239,0.111332834
L5_ET_CTX_Glut,Tcf25,-1,-1,0.07473129,0.1480478,0.06050339,0.12201746,0.19607638,0.29952985,0.09909374
L5_ET_CTX_Glut,Psmd13,-1,0,0.0998682,0.1431382,0.07975699,0.13715033,0.23394236,0.13890652,0.16723745
L5_ET_CTX_Glut,Atp1b1,-1,-1,0.18732141,0.41248754,0.03956927,0.07445455,0.1344517,0.056507282,0.095208146
L5_ET_CTX_Glut,Gripap1,-1,-1,0.43784282,0.117522486,0.075717665,0.11765388,0.033218175,0.078119084,0.13992591
L5_ET_CTX_Glut,Tnrc6c,-1,-1,0.2679979,0.18909015,0.08114046,0.11239614,0.19523223,0.05644358,0.09769955
L5_ET_CTX_Glut,Fbxl17,1,1,0.1976619,0.0797605,0.32018542,0.103745095,0.15534487,0.0717271,0.07157522
L5_ET_CTX_Glut,Ints10,-1,0,0.086582124,0.15466826,0.11512776,0.1629041,0.20983772,0.081918344,0.18896174
L5_ET_CTX_Glut,Abr,-1,-1,0.3775023,0.062469423,0.13958402,0.09845399,0.16333155,0.09715546,0.06150338
L5_ET_CTX_Glut,Arglu1,1,0,0.08087405,0.2112729,0.13046949,0.15531717,0.18776934,0.044123337,0.19017372
L5_ET_CTX_Glut,Filip1l,1,0,0.18573444,0.038202543,0.51092386,0.0569924,0.10067971,0.035555743,0.07191136
L5_ET_CTX_Glut,Ckmt1,-1,-1,0.08112041,0.19638322,0.057593584,0.15347435,0.0896845,0.29167393,0.13007
L5_ET_CTX_Glut,R3hdm2,-1,-1,0.07747873,0.14022021,0.0839663,0.12031233,0.2528927,0.20366478,0.12146496
L5_ET_CTX_Glut,Sez6,-1,-1,0.26189032,0.1853894,0.04208491,0.08018188,0.22071934,0.09629614,0.11343804
L5_ET_CTX_Glut,Csnk1e,-1,-1,0.2847651,0.14822648,0.16601217,0.09962089,0.08628743,0.1096526,0.105435275
L5_ET_CTX_Glut,Sulf2,-1,-1,0.19290769,0.17137204,0.06369232,0.1083812,0.2603653,0.060524404,0.14275706
L5_ET_CTX_Glut,Flrt1,-1,-1,0.115186006,0.0773241,0.12908815,0.10236823,0.123157695,0.3454348,0.107441045
L5_ET_CTX_Glut,Kcng1,-1,-1,0.13450326,0.24264704,0.041400213,0.13236044,0.19454025,0.1533907,0.10115815
L5_ET_CTX_Glut,Scube1,-1,0,0.12030134,0.05622136,0.41496167,0.08569424,0.18051507,0.06774321,0.074563116
L5_ET_CTX_Glut,Usp7,-1,-1,0.21103749,0.08041193,0.23560631,0.08602586,0.19110732,0.101232044,0.09457918
L5_ET_CTX_Glut,Kcnb1,-1,-1,0.24707948,0.094634265,0.05300246,0.13200895,0.23490863,0.12699884,0.11136734
L5_ET_CTX_Glut,Soga3,-1,-1,0.1006766,0.32000276,0.059791796,0.17548245,0.05377789,0.124160275,0.16610825
L5_ET_CTX_Glut,Ube2o,-1,-1,0.09951277,0.17501865,0.13487647,0.14609723,0.1977362,0.10167781,0.14508078
L5_ET_CTX_Glut,Pabpc4,-1,-1,0.10248012,0.13454142,0.26015192,0.10495675,0.21521783,0.062119465,0.120532565
L5_ET_CTX_Glut,Sbno1,-1,-1,0.08927836,0.13053896,0.108365506,0.16890864,0.22708626,0.1425322,0.1332901
L5_ET_CTX_Glut,Myrip,-1,-1,0.21932934,0.07150329,0.113348156,0.11240254,0.18613897,0.20630017,0.090977415
L5_ET_CTX_Glut,Rictor,1,0,0.06598093,0.10789836,0.49009144,0.086357795,0.035244692,0.05586453,0.15856226
L5_ET_CTX_Glut,Fscn1,-1,-1,0.22465956,0.24893619,0.035786077,0.09655385,0.13438459,0.14000523,0.11967444
L5_ET_CTX_Glut,Add1,-1,-1,0.08632988,0.150489,0.08343663,0.1361324,0.24220502,0.17555167,0.12585549
L5_ET_CTX_Glut,Rbfox2,-1,-1,0.2961342,0.117094286,0.12141967,0.12881392,0.1833814,0.06681554,0.086341
L5_ET_CTX_Glut,Gatad2b,-1,-1,0.080413826,0.18201934,0.08364724,0.15213753,0.19868279,0.16721638,0.13588287
L5_ET_CTX_Glut,Atp2b3,-1,0,0.20754656,0.15675312,0.1681101,0.14574963,0.041150674,0.087712616,0.19297726
L5_ET_CTX_Glut,Atg16l1,0,-1,0.07646408,0.11282736,0.20856285,0.19751798,0.107149035,0.12769547,0.16978322
L5_ET_CTX_Glut,9330151L19Rik,0,-1,0.12473123,0.31572473,0.106919125,0.14931382,0.025981694,0.14756191,0.12976745
L5_ET_CTX_Glut,Clptm1,0,-1,0.20171304,0.08905796,0.22052324,0.10984144,0.23603627,0.076487236,0.06634084
L5_ET_CTX_Glut,4933439C10Rik,0,0,0.17473762,0.12434615,0.07241766,0.16410613,0.13654603,0.17161183,0.1562346
L5_ET_CTX_Glut,Lrrtm3,0,1,0.054053526,0.09934654,0.056927696,0.1304549,0.49291077,0.07163661,0.09466995
L5_ET_CTX_Glut,Dcaf12,0,-1,0.14161582,0.11133627,0.21540469,0.17397395,0.11182675,0.12113761,0.12470506
L5_ET_CTX_Glut,Bnip1,0,0,0.19628516,0.14490227,0.08082003,0.10191703,0.16864242,0.1605137,0.1469194
L5_ET_CTX_Glut,Ak3,0,0,0.14384101,0.07837694,0.09219242,0.11152913,0.35844982,0.11059564,0.10501508
L5_ET_CTX_Glut,Mrps33,0,0,0.15134482,0.1389738,0.07384045,0.2087484,0.199685,0.12775236,0.09965527
L5_ET_CTX_Glut,Atp13a1,0,-1,0.20756172,0.12674592,0.27853137,0.07397685,0.029677607,0.20203722,0.0814693
L5_ET_CTX_Glut,Mob4,0,0,0.09372658,0.1298632,0.14286311,0.14063089,0.354238,0.0806035,0.058074754
L5_ET_CTX_Glut,Syvn1,0,-1,0.102376916,0.110353634,0.16418166,0.1430885,0.1182425,0.16741107,0.1943457
L5_ET_CTX_Glut,Zwint,0,-1,0.1639481,0.0921734,0.2624708,0.23094167,0.03415063,0.11945151,0.09686385
L5_ET_CTX_Glut,Rock2,0,-1,0.12666604,0.09014979,0.23474513,0.1658997,0.19027323,0.11146373,0.08080236
L5_ET_CTX_Glut,Prss36,0,-1,0.16163307,0.17578271,0.062145766,0.17521153,0.03366841,0.1684489,0.22310954
L5_ET_CTX_Glut,Pkd2l2,0,-1,0.30165067,0.10520344,0.07692893,0.19796124,0.04125966,0.16017038,0.116825774
L5_ET_CTX_Glut,Slbp,0,0,0.15177609,0.09948663,0.13366947,0.16012515,0.18369383,0.14089528,0.13035351
L5_ET_CTX_Glut,Dysf,0,0,0.12699844,0.09785996,0.067836836,0.12785268,0.31664023,0.14558068,0.117231205
L5_ET_CTX_Glut,Ccdc177,0,0,0.08876182,0.11032381,0.073671795,0.11400365,0.36449477,0.14110161,0.10764263
L5_ET_CTX_Glut,Relb,0,0,0.15176773,0.09443687,0.08219385,0.1937945,0.19240992,0.12796055,0.15743658
L5_ET_CTX_Glut,Sbf2,0,-1,0.18652292,0.077406496,0.12998344,0.11166291,0.21035227,0.16426037,0.11981161
L5_ET_CTX_Glut,Acta1,0,-1,0.13715254,0.11968134,0.06683391,0.1195604,0.17318577,0.16797711,0.21560894
L5_ET_CTX_Glut,Robo2,0,1,0.17812587,0.0835928,0.044212427,0.073640466,0.5369559,0.011623865,0.0718487
L5_ET_CTX_Glut,Abhd10,0,0,0.15578479,0.080750905,0.07135075,0.22750744,0.22354388,0.14641324,0.094649054
L5_ET_CTX_Glut,Ap4s1,0,-1,0.13103065,0.115828164,0.23507436,0.300847,0.05174836,0.023012681,0.1424588
L5_ET_CTX_Glut,E130308A19Rik,0,0,0.07428,0.10966419,0.06557433,0.20019768,0.30791363,0.12661293,0.11575721
L5_ET_CTX_Glut,Ubiad1,0,0,0.15054727,0.15259369,0.049389377,0.21369007,0.12626663,0.1812381,0.12627488
L5_ET_CTX_Glut,Anapc5,0,-1,0.10886684,0.09915779,0.21084626,0.21688727,0.13214546,0.124587595,0.10750873
L5_ET_CTX_Glut,Gm13889,0,-1,0.13884783,0.5310794,0.10493501,0.072093874,0.028922211,0.012861812,0.111259826
L5_ET_CTX_Glut,Prkcz,0,-1,0.09811771,0.09584096,0.25366572,0.111530766,0.19592068,0.12091998,0.12400406
L5_ET_CTX_Glut,Gyg,0,0,0.1503784,0.126974,0.08733109,0.122192696,0.31467742,0.116183154,0.082263164
L5_ET_CTX_Glut,Hexim1,0,-1,0.10407494,0.399332,0.09407398,0.10418995,0.021678964,0.13035081,0.14629932
L5_ET_CTX_Glut,Bcl2l2,0,-1,0.1460272,0.14142348,0.12929042,0.075821616,0.15514995,0.17506489,0.17722249
L5_ET_CTX_Glut,Synj2,0,0,0.055412717,0.08097861,0.06623604,0.11367399,0.44031757,0.14884888,0.094532184
L5_ET_CTX_Glut,Anapc13,0,0,0.15272047,0.26550382,0.07082562,0.2055813,0.031811893,0.15878324,0.11477357
L5_ET_CTX_Glut,Cx3cl1,0,-1,0.08987919,0.19798684,0.14257114,0.13875853,0.10352497,0.17820108,0.14907831
L5_ET_CTX_Glut,9430038I01Rik,0,0,0.11873376,0.11433917,0.044423614,0.14356801,0.44659504,0.06633263,0.066007815
L5_ET_CTX_Glut,Fam53c,0,-1,0.112971514,0.06917653,0.2694082,0.18898815,0.10247474,0.12493055,0.13205028
L5_ET_CTX_Glut,Ormdl2,0,0,0.05308224,0.29305327,0.13206716,0.24655393,0.029796455,0.14590146,0.09954537
L5_ET_CTX_Glut,Sgpp2,0,1,0.097809,0.15510969,0.06328381,0.1123187,0.34049514,0.11820598,0.11277764
L5_ET_CTX_Glut,Zfp651,0,-1,0.13225822,0.17730491,0.17027949,0.12100222,0.15402533,0.14172074,0.10340914
L5_ET_CTX_Glut,Prkca,0,0,0.23061442,0.12176831,0.068916574,0.12583378,0.2953255,0.019745795,0.13779563
L5_ET_CTX_Glut,Fstl1,0,-1,0.2411535,0.09268124,0.059961796,0.117783934,0.17841499,0.18831205,0.12169253
L5_ET_CTX_Glut,Src,0,-1,0.07866932,0.109237865,0.09524572,0.15327741,0.22531803,0.18071838,0.15753329
L5_ET_CTX_Glut,Chrna4,0,-1,0.15601681,0.067949705,0.05596171,0.102164164,0.21940294,0.28054005,0.11796463
L5_ET_CTX_Glut,Rnf41,0,-1,0.11487787,0.13135377,0.18155186,0.14891045,0.19134258,0.11063498,0.12132849
L5_ET_CTX_Glut,Slc6a8,0,-1,0.20928198,0.18510735,0.1285452,0.08924812,0.03580405,0.24196576,0.110047564
L5_ET_CTX_Glut,Sp3os,0,0,0.1114334,0.32437646,0.067164466,0.19280457,0.15237348,0.08189746,0.06995021
L5_ET_CTX_Glut,Prepl,0,-1,0.10841958,0.1501164,0.27745333,0.119084604,0.17363022,0.08821499,0.08308096
L5_ET_CTX_Glut,Csmd2os,0,-1,0.12500632,0.19915947,0.2648022,0.0835279,0.12244765,0.11514544,0.08991099
L5_ET_CTX_Glut,Nup210,0,0,0.16654268,0.08092599,0.05936093,0.17712347,0.15843864,0.20037296,0.15723534
L5_ET_CTX_Glut,Fbxo41,-1,-1,0.11490183,0.1942306,0.22034535,0.07659305,0.090724446,0.13592362,0.16728114
L5_ET_CTX_Glut,Celf3,-1,-1,0.10340859,0.20235391,0.14494164,0.116062015,0.2430405,0.102993324,0.08720003
L5_ET_CTX_Glut,Xylt1,-1,1,0.19971299,0.08434425,0.20111038,0.075686775,0.33729026,0.0110856835,0.09076963
L5_ET_CTX_Glut,Sptbn4,-1,-1,0.15416084,0.12911633,0.10355882,0.10161798,0.18400761,0.16701108,0.1605274
L5_ET_CTX_Glut,Nlgn2,-1,-1,0.115952276,0.062396947,0.210771,0.15990795,0.15608084,0.16496128,0.12992966
L5_ET_CTX_Glut,Atp6v0a1,-1,-1,0.13426672,0.07699387,0.2746078,0.10074636,0.10737713,0.14905822,0.15694994
L5_ET_CTX_Glut,Atp9a,-1,-1,0.17170559,0.08776918,0.2807675,0.12217527,0.14967665,0.08574755,0.10215824
L5_ET_CTX_Glut,Adam15,-1,0,0.16890784,0.13961641,0.075439155,0.08770192,0.17269923,0.22760928,0.12802611
L5_ET_CTX_Glut,Hrk,-1,-1,0.107749954,0.2779505,0.05856451,0.122485854,0.13730066,0.12789913,0.16804944
L5_ET_CTX_Glut,Gtdc1,1,1,0.21905921,0.05476153,0.055084035,0.07708258,0.4641235,0.06401579,0.0658733
L5_ET_CTX_Glut,Cit,-1,-1,0.24285702,0.099219434,0.11386123,0.12390543,0.18304534,0.13717833,0.09993326
L5_ET_CTX_Glut,Lmtk3,-1,-1,0.11859488,0.08363472,0.2047927,0.09094493,0.19982289,0.15545182,0.14675795
L5_ET_CTX_Glut,Dnm2,-1,-1,0.14007047,0.06326715,0.18992479,0.16881743,0.19319104,0.115908526,0.1288206
L5_ET_CTX_Glut,Shkbp1,-1,-1,0.1253504,0.14434092,0.11109494,0.11653964,0.1018537,0.19032289,0.21049751
L5_ET_CTX_Glut,Zmynd8,-1,-1,0.2162965,0.12823813,0.1965381,0.161387,0.04534165,0.12861831,0.12358033
L5_ET_CTX_Glut,Las1l,-1,-1,0.17670217,0.1372486,0.21193004,0.10498035,0.042115413,0.19095834,0.13606507
L5_ET_CTX_Glut,Sacm1l,1,-1,0.13702227,0.21452884,0.2514393,0.18969882,0.026583059,0.10848092,0.07224671
L5_ET_CTX_Glut,Tsix,1,0,0.21915898,0.16506551,0.07298242,0.14680621,0.045651138,0.19513918,0.15519655
L5_ET_CTX_Glut,Atp2b2,-1,-1,0.16297147,0.08233006,0.20831664,0.072632834,0.16267775,0.13336359,0.1777076
L5_ET_CTX_Glut,Gm27032,-1,-1,0.1044343,0.44067666,0.078173645,0.1765852,0.10677226,0.0096740015,0.08368399
L5_ET_CTX_Glut,Rps29,-1,0,0.101298355,0.17360467,0.07363235,0.16616961,0.30497748,0.09331607,0.08700151
L5_ET_CTX_Glut,Gm26917,1,-1,0.108991735,0.49845815,0.21582319,0.056591716,0.022703141,0.010096169,0.08733589
L5_ET_CTX_Glut,Actn1,-1,0,0.141111,0.09342537,0.12269223,0.16521387,0.19134411,0.15463454,0.13157883
L5_ET_CTX_Glut,Mapt,-1,-1,0.16567641,0.09986217,0.31962436,0.15530708,0.02900639,0.13127187,0.09925168
L5_ET_CTX_Glut,Bsn,-1,-1,0.083149254,0.07587779,0.29313788,0.101542205,0.23898205,0.099703476,0.10760743
L5_ET_CTX_Glut,Odf2,-1,-1,0.11897332,0.07974274,0.21932566,0.13184224,0.17475888,0.15030298,0.12505428
L5_ET_CTX_Glut,Cntnap5c,-1,1,0.07324212,0.081897594,0.06410604,0.0988729,0.5266545,0.078869775,0.07635712
L5_ET_CTX_Glut,Sept4,-1,0,0.121058196,0.097671084,0.14614972,0.22653262,0.12869966,0.17874031,0.10114851
L5_ET_CTX_Glut,Agfg1,-1,0,0.15287594,0.07135815,0.16386102,0.13767241,0.23748323,0.13565548,0.10109376
L5_ET_CTX_Glut,Gm20642,1,0,0.1279752,0.0657285,0.17242348,0.09418852,0.37007126,0.093192294,0.07642082
L5_ET_CTX_Glut,Taok1,-1,-1,0.108254574,0.07659,0.23374362,0.14608029,0.15622033,0.16157016,0.11754103
L5_ET_CTX_Glut,Ctnna3,1,1,0.13025457,0.078241564,0.04420461,0.07934129,0.52040553,0.06546572,0.08208675
L5_ET_CTX_Glut,Igsf9b,-1,-1,0.12926717,0.123178,0.25435722,0.14611499,0.09741962,0.16485606,0.08480702
L5_ET_CTX_Glut,Ssbp4,-1,-1,0.123115726,0.23701,0.110702336,0.108949386,0.11903279,0.17560877,0.12558095
L5_ET_CTX_Glut,Prrt1,-1,-1,0.0379175,0.38010928,0.0815874,0.19682443,0.076862045,0.118194506,0.10850485
L5_ET_CTX_Glut,Kcnh3,-1,-1,0.062523,0.076672845,0.23269346,0.12878819,0.031045662,0.17390549,0.29437143
L5_ET_CTX_Glut,Bcl11b,-1,-1,0.09050964,0.2724049,0.25831777,0.06924164,0.17921531,0.06213326,0.068177626
L5_ET_CTX_Glut,Cmip,-1,-1,0.1271171,0.0850295,0.32567677,0.10475249,0.15143292,0.07866213,0.1273292
L5_ET_CTX_Glut,Pip4k2b,-1,-1,0.07924716,0.09321715,0.25795424,0.20533843,0.037235323,0.14256923,0.18443839
L5_ET_CTX_Glut,Fnbp1l,-1,-1,0.061033476,0.082338385,0.28589514,0.12921278,0.22841941,0.09105822,0.12204256
L5_ET_CTX_Glut,Unc13a,-1,-1,0.12911579,0.14048226,0.20675375,0.13626347,0.1553428,0.14132342,0.09071848
L5_ET_CTX_Glut,Banf2,-1,0,0.21702594,0.10914061,0.071222,0.11268625,0.18803093,0.17917259,0.12272172
L5_ET_CTX_Glut,Strn4,-1,-1,0.13515393,0.078273594,0.26234177,0.124084435,0.18599147,0.10593874,0.10821608
L5_ET_CTX_Glut,Sept3,-1,0,0.18053487,0.18001622,0.19410543,0.18098092,0.03760568,0.11581009,0.11094679
L5_ET_CTX_Glut,Ralgps1,-1,-1,0.16988114,0.09828047,0.12101,0.11544017,0.18110162,0.16884585,0.14544071
L5_ET_CTX_Glut,Spred2,-1,-1,0.13934341,0.07681593,0.27609953,0.15150051,0.12155598,0.1105735,0.12411126
L5_ET_CTX_Glut,Gm28379,1,-1,0.17048068,0.085031025,0.2773691,0.08851859,0.14359201,0.13513069,0.099878
L5_ET_CTX_Glut,Dag1,-1,-1,0.13307169,0.07097594,0.20531978,0.18699297,0.20547937,0.09508218,0.103078134
L5_ET_CTX_Glut,Nfasc,-1,-1,0.12514794,0.10312404,0.25245902,0.122214094,0.26375967,0.016762834,0.11653238
L5_ET_CTX_Glut,Syn1,-1,-1,0.18472211,0.120401196,0.26399118,0.15039103,0.026251998,0.159448,0.09479456
L5_ET_CTX_Glut,Gng3,-1,-1,0.097256914,0.32329285,0.08475875,0.11109712,0.08699723,0.13875072,0.15784642
L5_ET_CTX_Glut,Gpr162,-1,-1,0.10979434,0.19736956,0.15340722,0.12196183,0.1404484,0.14213245,0.13488616
L5_ET_CTX_Glut,Osbpl10,-1,1,0.11698386,0.060690627,0.14180322,0.07482819,0.38287207,0.104581356,0.118240625
L5_ET_CTX_Glut,Dctn1,-1,-1,0.14150466,0.12743977,0.23584695,0.13188416,0.12592445,0.14332318,0.09407691
L5_ET_CTX_Glut,Flot1,-1,-1,0.12225854,0.19137019,0.16020302,0.09682819,0.14796817,0.13790047,0.1434714
L5_ET_CTX_Glut,Trerf1,-1,-1,0.11601767,0.13225646,0.21780095,0.11368657,0.1923315,0.12410354,0.10380322
L5_ET_CTX_Glut,Rpl13a,-1,-1,0.0873134,0.3464148,0.10210169,0.09591084,0.11638544,0.12089029,0.13098353
L5_ET_CTX_Glut,Sptan1,-1,-1,0.0480104,0.056136776,0.28355166,0.1803837,0.14850713,0.15666997,0.12674047
L5_ET_CTX_Glut,Nrg3os,1,0,0.083857894,0.059523474,0.16347075,0.09285782,0.44511202,0.07872741,0.07645056
L5_ET_CTX_Glut,Med24,-1,-1,0.1578918,0.09693469,0.1590365,0.19368069,0.032889094,0.24627438,0.1132928
L5_ET_CTX_Glut,Zfpm2,1,1,0.116155416,0.07175625,0.04486847,0.090259336,0.5301705,0.06213792,0.08465215
L5_ET_CTX_Glut,Elavl3,-1,-1,0.10938354,0.18482594,0.28395486,0.12764148,0.028126735,0.15359494,0.11247236
L5_ET_CTX_Glut,Sfpq,-1,-1,0.088691056,0.24930228,0.17064595,0.12906693,0.20660412,0.10194993,0.053739715
L5_ET_CTX_Glut,Rnf112,-1,-1,0.05996798,0.15881902,0.19346282,0.17620917,0.032176655,0.21954855,0.15981576
L5_ET_CTX_Glut,Adcy1,-1,-1,0.1270447,0.07992731,0.30469987,0.12187519,0.14587171,0.11917764,0.10140356
L5_ET_CTX_Glut,Pld3,-1,-1,0.1693645,0.0959374,0.28110027,0.1494553,0.03527888,0.13772489,0.13113882
L5_ET_CTX_Glut,Banp,-1,0,0.19227871,0.08574875,0.063380644,0.25330675,0.13996255,0.15397508,0.111347534
L5_ET_CTX_Glut,Polb,-1,0,0.16548532,0.11485701,0.15346092,0.17275523,0.13909093,0.153993,0.10035762
L5_ET_CTX_Glut,Grin1,-1,-1,0.049740158,0.26385748,0.23876834,0.06211688,0.12999427,0.16106102,0.09446182
L5_ET_CTX_Glut,Epha10,-1,0,0.15598944,0.09754278,0.053944398,0.13982818,0.14711381,0.24162135,0.16396008
L5_ET_CTX_Glut,Atp6v0b,-1,-1,0.13518593,0.3523023,0.13115922,0.07019252,0.19031182,0.0125226015,0.10832551
L5_ET_CTX_Glut,Tmem91,-1,0,0.18230414,0.15971968,0.09071683,0.21527745,0.037974227,0.1831296,0.1308781
L5_ET_CTX_Glut,Gm26954,1,0,0.2020067,0.09002323,0.22746438,0.14276025,0.042078294,0.18819538,0.107471794
L5_ET_CTX_Glut,Eif4g3,-1,-1,0.17389676,0.06972501,0.22963116,0.08100487,0.16771783,0.13681647,0.14120789
L5_ET_CTX_Glut,Oxr1,1,1,0.18859844,0.06908202,0.086050406,0.087674975,0.4141929,0.06495293,0.089448325
L5_ET_CTX_Glut,Memo1,1,1,0.06901302,0.070045196,0.07664482,0.106873676,0.5176523,0.07227753,0.087493494
L5_ET_CTX_Glut,Maged1,-1,0,0.14433032,0.27963334,0.14426723,0.0957125,0.03839739,0.19691098,0.100748144
L5_ET_CTX_Glut,Iqgap2,-1,-1,0.20068173,0.1106832,0.095609605,0.1853723,0.2502403,0.02111741,0.13629547
L5_ET_CTX_Glut,Fut8,1,0,0.1304422,0.09186706,0.08103225,0.108719684,0.4195485,0.0895175,0.07887277
L5_ET_CTX_Glut,Slc12a5,-1,-1,0.10781952,0.096048035,0.21212606,0.18273056,0.16676973,0.10248796,0.1320182
L5_ET_CTX_Glut,Clstn3,-1,-1,0.110232145,0.082837135,0.32265118,0.22203343,0.0305917,0.13450725,0.097147085
L5_ET_CTX_Glut,4930419G24Rik,1,-1,0.042302687,0.19747287,0.21231528,0.06801946,0.3756477,0.05612211,0.048119918
L5_ET_CTX_Glut,Dgkb,1,1,0.093667574,0.066066734,0.061350655,0.08143902,0.5223186,0.087345876,0.08781162
L5_ET_CTX_Glut,Tom1l2,-1,-1,0.21524563,0.102916576,0.08188132,0.13623075,0.17599186,0.13950133,0.14823243
L5_ET_CTX_Glut,Tmem208,-1,0,0.14935687,0.08629362,0.088256575,0.1727494,0.14877853,0.16789424,0.18667074
L5_ET_CTX_Glut,Rundc3a,-1,-1,0.09526787,0.1777621,0.10574059,0.09713451,0.15396747,0.17011413,0.20001325
L5_ET_CTX_Glut,Rpl41,-1,0,0.111637875,0.3352463,0.07915939,0.20935835,0.070466354,0.12611845,0.068013266
L5_ET_CTX_Glut,Tmem132b,-1,-1,0.14232168,0.08174146,0.14356,0.101334445,0.25590274,0.16188769,0.113252014
L5_ET_CTX_Glut,Ppt1,-1,0,0.113345,0.07511991,0.20681088,0.10057365,0.29205665,0.13047838,0.08161548
L5_ET_CTX_Glut,Rexo4,-1,-1,0.1550221,0.08543083,0.25556672,0.21645924,0.032291334,0.13294724,0.122282505
L5_ET_CTX_Glut,Rapgefl1,-1,-1,0.095857725,0.081880055,0.24732363,0.10261853,0.12220422,0.12758377,0.22253214
L5_ET_CTX_Glut,Atp6v1b2,-1,-1,0.13901745,0.07818554,0.29226413,0.07218195,0.14933173,0.14815022,0.12086901
L5_ET_CTX_Glut,Gm1043,-1,0,0.16803364,0.09170606,0.11964836,0.087248005,0.11370255,0.21687043,0.20279096
L5_ET_CTX_Glut,Rps19,-1,-1,0.11246644,0.2651618,0.1352873,0.122258626,0.07566591,0.15102771,0.13813223
L5_ET_CTX_Glut,Csmd2,-1,-1,0.1907598,0.13019828,0.28359634,0.06997459,0.1709916,0.010528161,0.14395128
L5_ET_CTX_Glut,Map4k2,-1,-1,0.107989475,0.07521365,0.05766284,0.24731843,0.17682202,0.13691358,0.19808008
L5_ET_CTX_Glut,Rnf115,0,0,0.11423997,0.15446585,0.17649835,0.12643689,0.034498014,0.31355616,0.08030481
L5_ET_CTX_Glut,Akt2,0,-1,0.13138226,0.14483717,0.13321294,0.15701811,0.15288669,0.20247397,0.07818887
L5_ET_CTX_Glut,Pik3r3,0,-1,0.08390049,0.13929553,0.153767,0.15362886,0.33272907,0.062001303,0.07467779
L5_ET_CTX_Glut,Gm15411,0,0,0.11322504,0.12769325,0.17577472,0.1482016,0.10389838,0.23116793,0.10003906
L5_ET_CTX_Glut,Commd2,0,0,0.09798381,0.12605856,0.07315499,0.08908573,0.14144565,0.2735684,0.1987028
L5_ET_CTX_Glut,Kcnk1,0,0,0.09300956,0.10327938,0.29352504,0.07334849,0.0884666,0.2796873,0.06868364
L5_ET_CTX_Glut,Atp6v1a,0,1,0.22395854,0.20043741,0.16688462,0.17978838,0.034771863,0.032611236,0.16154799
L5_ET_CTX_Glut,Sept5,0,-1,0.0921856,0.15528849,0.064754635,0.06956759,0.21931827,0.33149296,0.06739256
L5_ET_CTX_Glut,Actr1a,0,-1,0.10381582,0.09933952,0.07937521,0.14912988,0.24457735,0.24462289,0.079139315
L5_ET_CTX_Glut,Serbp1,0,0,0.13437192,0.16463862,0.17073776,0.19264829,0.020862622,0.23419824,0.082542546
L5_ET_CTX_Glut,Spaca6,0,0,0.13148914,0.17550841,0.089248285,0.1572997,0.020415043,0.28118098,0.1448585
L5_ET_CTX_Glut,Nmt1,0,-1,0.19412819,0.116209075,0.13133009,0.13150701,0.021063572,0.09297716,0.31278497
L5_ET_CTX_Glut,Clint1,0,0,0.08096209,0.101556726,0.2239334,0.1430166,0.16885145,0.20748012,0.07419954
L5_ET_CTX_Glut,Hnrnpf,0,-1,0.12151738,0.10479565,0.12433788,0.1618882,0.070179604,0.24655399,0.17072731
L5_ET_CTX_Glut,Wdr61,0,0,0.106950276,0.12898232,0.14174715,0.13379872,0.054448023,0.3240869,0.10998661
L5_ET_CTX_Glut,Lpcat1,0,0,0.14017142,0.17705385,0.151683,0.14790514,0.087097995,0.20327826,0.0928104
L5_ET_CTX_Glut,Pdgfb,0,-1,0.08533579,0.09551839,0.11030723,0.086554945,0.0132492585,0.3304806,0.27855372
L5_ET_CTX_Glut,Ttc33,0,0,0.1170803,0.117759615,0.11494716,0.13498776,0.12610956,0.2998053,0.089310266
L5_ET_CTX_Glut,Ccnl2,0,-1,0.07917941,0.10999302,0.053105444,0.09050155,0.10523356,0.31000793,0.25197905
L5_ET_CTX_Glut,Gm26843,0,0,0.0673447,0.075246476,0.4189479,0.0756854,0.2075357,0.10749857,0.047741216
L5_ET_CTX_Glut,Hinfp,0,0,0.12755065,0.111833856,0.088118486,0.12997258,0.019803548,0.43563384,0.08708701
L5_ET_CTX_Glut,Adprhl2,0,0,0.12002317,0.1365834,0.10496681,0.112402946,0.08361679,0.33932552,0.103081375
L5_ET_CTX_Glut,Cacul1,0,0,0.07834603,0.106201395,0.5208983,0.08607304,0.034119446,0.12353512,0.05082675
L5_ET_CTX_Glut,Zbtb2,0,0,0.06676757,0.08091312,0.28052372,0.15088654,0.09129531,0.25755295,0.0720608
L5_ET_CTX_Glut,Gm15563,0,0,0.10502417,0.11591104,0.10833489,0.06804895,0.040658105,0.3854046,0.17661831
L5_ET_CTX_Glut,Arl13b,0,0,0.1489415,0.14020695,0.20446151,0.15581079,0.16395272,0.07810416,0.10852228
L5_ET_CTX_Glut,Slc46a3,0,0,0.10334141,0.089943245,0.25741234,0.0959453,0.08897545,0.2821502,0.08223204
L5_ET_CTX_Glut,Doc2b,0,-1,0.11727504,0.10559168,0.11598434,0.12982641,0.17572477,0.2667679,0.08882986
L5_ET_CTX_Glut,Ndufa3,0,-1,0.10155213,0.0933259,0.075021334,0.09347671,0.015767012,0.34917453,0.2716824
L5_ET_CTX_Glut,Cdc37,0,-1,0.08055059,0.084446274,0.06893579,0.13733377,0.20949492,0.16387717,0.25536147
L5_ET_CTX_Glut,Leprot,0,0,0.07887125,0.11780141,0.16506667,0.12989074,0.1668785,0.21084385,0.13064758
L5_ET_CTX_Glut,Cables2,0,-1,0.08134579,0.13400495,0.11791767,0.1506838,0.12376751,0.29089826,0.101381995
L5_ET_CTX_Glut,Gm16278,0,-1,0.07763831,0.10323969,0.07431263,0.107451536,0.12733585,0.23597632,0.2740457
L5_ET_CTX_Glut,Gm4651,0,0,0.10940812,0.11072438,0.13255194,0.08783014,0.07101043,0.40354797,0.08492705
L5_ET_CTX_Glut,Mfsd10,0,-1,0.17813325,0.36081344,0.14519468,0.14300099,0.13281287,0.017304916,0.02273985
L5_ET_CTX_Glut,Sacs,0,0,0.10511053,0.14513464,0.18184847,0.16179161,0.19000722,0.14564839,0.07045902
L5_ET_CTX_Glut,Susd1,0,-1,0.21956217,0.13558042,0.18879662,0.1019894,0.14317589,0.14679964,0.064095914
L5_ET_CTX_Glut,Cadm3,0,0,0.13743582,0.16549055,0.14333454,0.07876683,0.29587063,0.07108639,0.10801522
L5_ET_CTX_Glut,Pot1a,0,0,0.12594934,0.12582554,0.17182659,0.12040558,0.35244715,0.012235461,0.09131039
L5_ET_CTX_Glut,Cct8,0,0,0.101133235,0.14954601,0.0687094,0.11173404,0.15232661,0.33214617,0.084404565
L5_ET_CTX_Glut,Elfn1,0,0,0.07637864,0.113328435,0.36235482,0.1006644,0.09807001,0.20504841,0.04415524
L5_ET_CTX_Glut,Ufm1,0,0,0.106270075,0.15463834,0.07612042,0.100116804,0.20172717,0.26984054,0.09128666
L5_ET_CTX_Glut,Fabp5,0,-1,0.16963835,0.36441252,0.18723145,0.18916172,0.036584716,0.022890942,0.030080272
L5_ET_CTX_Glut,Ppm1k,0,0,0.13648382,0.1620097,0.11816245,0.17776848,0.021190524,0.27978042,0.10460464
L5_ET_CTX_Glut,Lpxn,0,0,0.13909653,0.21157993,0.2017691,0.12850574,0.16245739,0.069929145,0.08666218
L5_ET_CTX_Glut,Dynll2,0,0,0.08997911,0.07430821,0.065142125,0.07223302,0.07095343,0.33215007,0.29523402
L5_ET_CTX_Glut,Fam193b,0,-1,0.11851534,0.124089204,0.09932107,0.12759416,0.3686135,0.07779849,0.084068075
L5_ET_CTX_Glut,Cyp46a1,0,0,0.08007675,0.10996291,0.254658,0.093008876,0.1601661,0.2022159,0.099911496
L5_ET_CTX_Glut,Pacrg,0,0,0.026323918,0.039403133,0.57433647,0.04381019,0.28554305,0.0053786514,0.02520458
L5_ET_CTX_Glut,Myo1e,0,0,0.09203946,0.10238055,0.49129865,0.11549728,0.13389191,0.014936862,0.049955305
L5_ET_CTX_Glut,Rplp1,-1,0,0.16626413,0.30678093,0.12660046,0.15601175,0.20696619,0.016151879,0.021224681
L5_ET_CTX_Glut,Efhd2,-1,-1,0.07700261,0.08199855,0.0750645,0.20237911,0.10736093,0.2623946,0.19379966
L5_ET_CTX_Glut,Galnt9,-1,-1,0.21609952,0.095191084,0.11356429,0.19151175,0.24751742,0.070418596,0.06569727
L5_ET_CTX_Glut,A230004M16Rik,1,1,0.07388715,0.114431314,0.13960716,0.1433606,0.43689623,0.029176068,0.062641405
L5_ET_CTX_Glut,Ube2b,-1,0,0.10983503,0.21339414,0.07472279,0.12188262,0.06761507,0.33397776,0.07857264
L5_ET_CTX_Glut,Khdrbs1,-1,-1,0.12845652,0.19115338,0.1052385,0.14774163,0.16862075,0.11550912,0.1432801
L5_ET_CTX_Glut,Rab11fip4,-1,-1,0.12826605,0.08561345,0.09128019,0.14186265,0.4658082,0.043473337,0.04369607
L5_ET_CTX_Glut,Rufy3,-1,-1,0.16112116,0.17832378,0.12841953,0.093302764,0.025015717,0.3041293,0.109687835
L5_ET_CTX_Glut,Pkd1,-1,-1,0.05288899,0.078727536,0.05093182,0.121655375,0.27317774,0.2615247,0.1610938
L5_ET_CTX_Glut,Dlgap4,-1,-1,0.15992483,0.07650499,0.06639853,0.16550797,0.34662387,0.1360699,0.048969865
L5_ET_CTX_Glut,Eef2,-1,-1,0.22086674,0.21335326,0.19267273,0.28916416,0.034291837,0.021456301,0.028195055
L5_ET_CTX_Glut,B3galt1,1,1,0.16229114,0.08060672,0.20880449,0.14031889,0.35823515,0.008927237,0.040816367
L5_ET_CTX_Glut,Pdzd4,-1,-1,0.14291796,0.1316034,0.09948754,0.11473103,0.022189489,0.3364665,0.15260409
L5_ET_CTX_Glut,Pde4a,-1,-1,0.061399605,0.09142949,0.10860839,0.086877435,0.1820081,0.36081406,0.10886299
L5_ET_CTX_Glut,Pafah1b1,-1,-1,0.18574004,0.24727656,0.121770695,0.22857513,0.028838046,0.064702235,0.12309729
L5_ET_CTX_Glut,Stk25,-1,0,0.110640965,0.17492135,0.09861998,0.12312285,0.072664455,0.34850085,0.07152959
L5_ET_CTX_Glut,Myo9b,-1,0,0.094216526,0.14756674,0.14848202,0.14875077,0.24995522,0.12774692,0.08328177
L5_ET_CTX_Glut,Xist,1,0,0.07130849,0.07106869,0.3870366,0.10634366,0.011071375,0.21086355,0.1423077
L5_ET_CTX_Glut,Bcl6,-1,1,0.07744083,0.0999419,0.09095539,0.095565476,0.530974,0.029768482,0.07535396
L5_ET_CTX_Glut,Map6,-1,-1,0.10844236,0.120131806,0.06592284,0.13472168,0.15939039,0.13818198,0.27320898
L5_ET_CTX_Glut,Pitpna,-1,-1,0.10216566,0.12025085,0.09412684,0.1322152,0.1495873,0.17411892,0.22753522
L5_ET_CTX_Glut,Fam120b,-1,0,0.0994584,0.12857103,0.273855,0.14348266,0.015441939,0.26559255,0.07359842
L5_ET_CTX_Glut,Chst1,-1,-1,0.09494012,0.13690479,0.06338455,0.1013018,0.10954443,0.4178505,0.076073736
L5_ET_CTX_Glut,Nav1,-1,-1,0.12452787,0.08897933,0.06844201,0.15710263,0.2800159,0.080470845,0.20046142
L5_ET_CTX_Glut,Speg,-1,-1,0.068177134,0.0793184,0.09335384,0.079709396,0.19421294,0.24709798,0.2381303
L5_ET_CTX_Glut,Timm44,-1,0,0.088409774,0.13215597,0.06729494,0.1281806,0.013726522,0.34163767,0.22859454
L5_ET_CTX_Glut,Hnrnph1,-1,-1,0.094442956,0.16367342,0.07419009,0.12073125,0.014663237,0.30002028,0.23227873
L5_ET_CTX_Glut,Gnb1,-1,-1,0.0697714,0.09154905,0.07582263,0.09759854,0.28825143,0.3074952,0.06951176
L5_ET_CTX_Glut,Ldb1,-1,-1,0.06746607,0.16119654,0.0821179,0.116493456,0.03961312,0.28388998,0.24922296
L5_ET_CTX_Glut,Gpi1,-1,-1,0.0908449,0.12943353,0.10758289,0.07440578,0.064300805,0.43051928,0.10291278
L5_ET_CTX_Glut,Snx32,-1,-1,0.080179095,0.0687289,0.06784968,0.07586766,0.22761485,0.18845443,0.29130533
L5_ET_CTX_Glut,Mapk8ip3,-1,-1,0.092484,0.12425753,0.0993538,0.116221264,0.1667144,0.23587327,0.16509566
L5_ET_CTX_Glut,Pou2f2,-1,-1,0.09912504,0.0935837,0.2408909,0.10043359,0.37533653,0.039238304,0.051391795
L5_ET_CTX_Glut,Gm10558,1,-1,0.1027297,0.15856075,0.07296056,0.08246886,0.07848635,0.42367846,0.08111532
L5_ET_CTX_Glut,Gm10754,1,0,0.1593047,0.14371528,0.22623174,0.12788588,0.024733692,0.2191042,0.09902455
L5_ET_CTX_Glut,Ktn1,-1,0,0.1263713,0.14565302,0.11378523,0.11483059,0.27346617,0.15408546,0.071808204
L5_ET_CTX_Glut,Nrgn,-1,-1,0.07245755,0.11864295,0.0498849,0.07600595,0.09920163,0.36506897,0.21873811
L5_ET_CTX_Glut,Itsn2,-1,-1,0.14736557,0.17031038,0.1564135,0.18085258,0.022557639,0.22440211,0.098098285
L5_ET_CTX_Glut,Wac,1,-1,0.11829562,0.31896815,0.13311751,0.22389583,0.027404321,0.045498993,0.13281958
L5_ET_CTX_Glut,Gm15810,1,-1,0.10177691,0.12552093,0.08971772,0.086233385,0.040698633,0.36646643,0.18958595
L5_ET_CTX_Glut,Taok2,-1,-1,0.062168706,0.095992394,0.055893082,0.13376321,0.1278602,0.28089482,0.24342757
L5_ET_CTX_Glut,Celf1,-1,-1,0.11195912,0.09980159,0.08295438,0.14812711,0.07088119,0.34140724,0.14486942
L5_ET_CTX_Glut,Meg3,-1,-1,0.085739106,0.0825682,0.08196635,0.106793314,0.1334976,0.2633654,0.24607013
L5_ET_CTX_Glut,Dok3,-1,-1,0.06686788,0.05050636,0.07453257,0.05367988,0.20649455,0.3396992,0.20821945
L5_ET_CTX_Glut,Cdk9,-1,-1,0.07901021,0.11455178,0.062407088,0.09168958,0.12960549,0.29809734,0.22463855
L5_ET_CTX_Glut,Nsmf,-1,0,0.078093804,0.13323393,0.072138526,0.085295185,0.0854373,0.40942243,0.13637887
L5_ET_CTX_Glut,Pabpn1,-1,-1,0.070621036,0.10680359,0.04963605,0.10671928,0.1706356,0.30179116,0.19379334
L5_ET_CTX_Glut,Astn1,1,1,0.12155303,0.07813227,0.1403905,0.12877569,0.48238024,0.008491022,0.0402773
L5_ET_CTX_Glut,A930015D03Rik,-1,0,0.099976726,0.14274827,0.13206282,0.101870455,0.015522417,0.24829887,0.25952038
L5_ET_CTX_Glut,Brip1os,1,0,0.09119363,0.17258723,0.11805251,0.15740283,0.3187788,0.06446707,0.07751781
L5_ET_CTX_Glut,Lztr1,-1,-1,0.08190378,0.10006664,0.079342924,0.08508649,0.11395473,0.2776184,0.26202697
L5_ET_CTX_Glut,Zfp462,-1,1,0.079985626,0.10175165,0.085498765,0.21752973,0.4212919,0.028667409,0.06527502
L5_ET_CTX_Glut,Ccnd2,-1,0,0.09927284,0.10114158,0.3008298,0.07360618,0.12712179,0.22769254,0.07033511
L5_ET_CTX_Glut,Agap2,-1,-1,0.06153355,0.10236074,0.05853618,0.06969901,0.1397157,0.2923158,0.27583903
L5_ET_CTX_Glut,Ccnl1,-1,0,0.0860324,0.16518602,0.05863087,0.11237952,0.18543226,0.16518168,0.22715734
L5_ET_CTX_Glut,Chd8,-1,-1,0.120872736,0.15582812,0.092631444,0.109996885,0.1826008,0.20842287,0.12964712
L5_ET_CTX_Glut,Atcay,-1,-1,0.10546376,0.18074948,0.06871893,0.087173395,0.016374338,0.22525223,0.31626782
L5_ET_CTX_Glut,Ash1l,-1,-1,0.0747113,0.095017634,0.10104667,0.108513534,0.2687857,0.20537762,0.14654753
L5_ET_CTX_Glut,Trim2,-1,1,0.13975011,0.16184846,0.23543121,0.30723217,0.029852943,0.041419785,0.084465265
L5_ET_CTX_Glut,Dapk1,-1,-1,0.1475827,0.1634142,0.14237782,0.2121128,0.13101861,0.10764975,0.09584414
L5_ET_CTX_Glut,Ttc14,-1,-1,0.15555933,0.21111508,0.13045228,0.17552385,0.02415219,0.20025598,0.10294129
L5_ET_CTX_Glut,Ptprn,-1,-1,0.091417685,0.08963862,0.062448546,0.11239793,0.09665246,0.24903998,0.29840478
L5_ET_CTX_Glut,Ip6k1,-1,-1,0.07890107,0.08905368,0.05924358,0.085392654,0.3283517,0.1351594,0.22389789
L5_ET_CTX_Glut,Plekha6,-1,-1,0.21645033,0.10696343,0.12226376,0.10652888,0.24499877,0.15198939,0.050805353
L5_ET_CTX_Glut,Tia1,-1,0,0.15142053,0.17414846,0.100658245,0.16641708,0.12614344,0.18037792,0.1008344
L5_ET_CTX_Glut,Picalm,1,-1,0.1281875,0.15775633,0.13729987,0.18772575,0.11480448,0.14553331,0.12869278
L5_ET_CTX_Glut,Baiap2,-1,-1,0.058394715,0.098884106,0.06286656,0.10710479,0.4394685,0.08944924,0.14383209
L5_ET_CTX_Glut,Gm15738,1,1,0.19522876,0.2324508,0.19244206,0.15672486,0.07406936,0.023490874,0.12559338
L5_ET_CTX_Glut,Dtx3,-1,-1,0.06438762,0.113059714,0.05606386,0.051688794,0.14523757,0.35785648,0.21170604
L5_ET_CTX_Glut,Gpc5,-1,1,0.2111677,0.073053405,0.11381133,0.15016018,0.39266005,0.018132111,0.04101521
L5_ET_CTX_Glut,Spock2,-1,-1,0.08644786,0.16212337,0.096800745,0.12312906,0.070260644,0.36182255,0.09941581
L5_ET_CTX_Glut,Smyd3,1,0,0.105657496,0.035845816,0.560923,0.038853403,0.21148044,0.03116677,0.01607309
L5_ET_CTX_Glut,Rsf1os1,1,0,0.14491932,0.124768496,0.10794594,0.11633767,0.14150368,0.258227,0.106297866
L5_ET_CTX_Glut,Cntfr,-1,0,0.10092514,0.121814415,0.26508656,0.06569064,0.13555004,0.2384427,0.07249056
L5_ET_CTX_Glut,Galntl6,-1,1,0.22793369,0.0797186,0.14002484,0.1475083,0.33288315,0.020039925,0.051891517
L5_ET_CTX_Glut,Sbf1,-1,-1,0.08031514,0.08923141,0.06409244,0.08368253,0.17761862,0.27028406,0.23477583
L5_ET_CTX_Glut,Camkv,-1,-1,0.09933583,0.08873024,0.06689382,0.07186692,0.14891177,0.2974412,0.22682022
L5_ET_CTX_Glut,Rabgap1l,1,1,0.11564782,0.1069,0.22407639,0.17657296,0.31966302,0.016175812,0.04096399
L5_ET_CTX_Glut,Rpl32,-1,-1,0.08382392,0.13499457,0.060979128,0.06729178,0.06368466,0.3744221,0.21480377
L5_ET_CTX_Glut,Lrp1b,1,1,0.18413182,0.08918037,0.14782472,0.124452665,0.40046516,0.010676229,0.0432691
L5_ET_CTX_Glut,Grik5,-1,-1,0.08675484,0.14231804,0.079438485,0.16151695,0.18296088,0.275579,0.07143175
L5_ET_CTX_Glut,Vgf,-1,-1,0.08157481,0.15174143,0.057315666,0.08876148,0.06132948,0.29764053,0.2616366
L5_ET_CTX_Glut,Dmd,1,-1,0.36843783,0.10908845,0.15417366,0.09634814,0.01876042,0.17613162,0.0770599
L5_ET_CTX_Glut,Kidins220,-1,0,0.07084731,0.088089995,0.07545485,0.11591072,0.30544007,0.26582542,0.07843163
L5_ET_CTX_Glut,Megf8,-1,-1,0.10148989,0.11550649,0.094397575,0.12507188,0.15615834,0.21891372,0.1884621
L5_ET_CTX_Glut,Itpka,-1,-1,0.085538924,0.10316442,0.08109544,0.07565882,0.13011366,0.2451608,0.27926794
L5_ET_CTX_Glut,Celsr3,-1,-1,0.11173388,0.18569714,0.086866885,0.1778296,0.016800024,0.1340217,0.28705075
L5_ET_CTX_Glut,Mmel1,-1,-1,0.07785528,0.06990648,0.16395074,0.059249394,0.1446351,0.30078575,0.18361732
L5_ET_CTX_Glut,Dlg4,-1,-1,0.13192849,0.09812897,0.099737845,0.2189345,0.099869356,0.24856472,0.10283605
L5_ET_CTX_Glut,Arhgef2,-1,-1,0.087147415,0.11715555,0.1829763,0.06891031,0.018595856,0.31289762,0.21231696
L5_ET_CTX_Glut,Cltb,-1,-1,0.14566357,0.13540775,0.09746695,0.16279922,0.022615772,0.15700163,0.2790451
L5_ET_CTX_Glut,Atp6v0c,-1,-1,0.0822092,0.100904465,0.057554428,0.11791425,0.012763826,0.4014708,0.22718306
L5_ET_CTX_Glut,Gm5441,1,-1,0.071250424,0.11184087,0.078271605,0.17595474,0.15682124,0.16219373,0.24366738
L5_ET_CTX_Glut,Ascc3,1,1,0.16728424,0.253179,0.13370484,0.22749938,0.025972603,0.091078416,0.101281464
L5_ET_CTX_Glut,Mark2,-1,-1,0.07792432,0.13411266,0.065371335,0.10787326,0.25118634,0.22996876,0.13356335
L5_ET_CTX_Glut,Ptgis,-1,0,0.1028811,0.1308321,0.26615012,0.12842861,0.12121274,0.18706532,0.06343
L5_ET_CTX_Glut,Fubp1,-1,0,0.119877614,0.20268404,0.0788699,0.19612657,0.07806015,0.23301606,0.091365635
